Numero_Ata;UASG_Gerenciadora;Processo_Compra;Modalidade;Data_Assinatura;Vigencia_Inicial;Vigencia_Final;Status_Vigencia;Valor_Total_Ata_R$;Fornecedores_Registrados;Qtd_Itens;Objeto;Link_PNCP
"00049/2025";"200331 - SECRETARIA NACIONAL DE SEGURANCA PUBLICA - SENASP";"90005/2025";"Pregão";"26/08/2025";"29/08/2025";"29/08/2027";"Vigente (Prorrogada PNCP)";"689.604,00";"MITREN - SISTEMAS E MONTAGENS VEICULARES S.A. (92.249.150/0001-51) | SCITEC SOLUCOES EM ENSAIOS DE MATERIAIS E PRODUTOS LTDA (10.228.279/0001-19)";"11";"A presente Ata tem por objeto o registro de preços para a eventual contratação de serviços de ensaio em veículos leves utilizados como viaturas na atividade de segurança pública, especificado (s) no(s) item(ns) 1 ao 11 constante da tabela anexa ao item 1.1 do Termo de Referência (30819371), anexo do Edital do Pregão Eletrônico nº 90005/2025 (30819380).";"https://pncp.gov.br/app/atas/00394494000136/2025/670/1"
"00041/2025";"200331 - SECRETARIA NACIONAL DE SEGURANCA PUBLICA - SENASP";"90013/2025";"Pregão";"21/08/2025";"27/08/2025";"27/08/2027";"Vigente (Prorrogada PNCP)";"3.875.929,20";"VOLUS INSTITUICAO DE PAGAMENTO LTDA (03.817.702/0001-50) | SSG SOLUCOES LTDA (46.973.126/0001-43) | TRIEL-HT INDUSTRIAL E PARTICIPACOES S/A (89.422.042/0001-24)";"2";"Registro de preços para a eventual aquisição de apetrechos táticos e de campanha, especificado(s) no(s) item(ns) 5 e 6 constantes da tabela anexa ao item 1.1 do Termo de Referência, anexo I do edital de Licitação nº 90013/2025.";"https://pncp.gov.br/app/atas/00394494000136/2025/450/5"
"00048/2025";"200331 - SECRETARIA NACIONAL DE SEGURANCA PUBLICA - SENASP";"90036/2024";"Pregão";"15/08/2025";"19/08/2025";"19/08/2027";"Vigente (Prorrogada PNCP)";"23.592.370,44";"T L SOLUCOES TECNOLOGICAS LTDA (49.490.183/0001-60) | ?eská zbrojovka a.s. ()";"1";"registro de preços para a eventual aquisição de miras optrônicas para atender a demanda da Secretaria Nacional de Segurança Pública e demais órgãos participantes, especificados no Termo de Referência, anexo I do edital de Licitação nº 90036/2024.";"https://pncp.gov.br/app/atas/00394494000136/2024/1115/1"
"00045/2025";"200331 - SECRETARIA NACIONAL DE SEGURANCA PUBLICA - SENASP";"90013/2025";"Pregão";"15/08/2025";"19/08/2025";"19/08/2027";"Vigente (Prorrogada PNCP)";"5.395.928,00";"PEDROSO NEGOCIOS GOVERNAMENTAIS PRODUTOS E SERVICOS LTDA (51.118.112/0001-82) | FSG COMERCIO E CONSULTORIA LICITATORIA LTDA (54.974.490/0001-56)";"1";"Registro de preços para a eventual aquisição de apetrechos táticos e de campanha, especificado(s) no(s) item(ns) 1 constante da tabela anexa ao item 1.1 do Termo de Referência, anexo I do edital de Licitação nº 90013/2025";"https://pncp.gov.br/app/atas/00394494000136/2025/450/4"
"00041/2026";"200331 - SECRETARIA NACIONAL DE SEGURANCA PUBLICA";"1331/2025";"Pregão - Eletrônico";"17/08/2026";"18/08/2026";"18/08/2027";"Vigente (Contratos.gov.br)";"204.643.733,07";"VOLUS INSTITUICAO DE PAGAMENTO LTDA (03.817.702/0001-50) | SSG SOLUCOES LTDA (46.973.126/0001-43) | TRIEL-HT INDUSTRIAL E PARTICIPACOES S/A (89.422.042/0001-24)";"1";"Registro de Preços para aquisição de veículos Auto Busca Salvamento Médio (ABSM) para atender demanda da Secretaria Nacional de Segurança Pública e demais órgãos participantes";"https://pncp.gov.br/app/atas/00394494000136/2025/1331/1"
"00038/2025";"200331 - SECRETARIA NACIONAL DE SEGURANCA PUBLICA - SENASP";"90006/2025";"Pregão";"08/08/2025";"11/08/2025";"10/08/2027";"Vigente (Prorrogada PNCP)";"43.759.142,55";"LEICA DO BRASIL IMPORTACAO E COMERCIO LTDA. (52.201.456/0001-13) | ULTRAMAR USA ()";"1";"A presente Ata tem por objeto o registro de preços para a eventual aquisição de comparadores balísticos manuais e equipamento de limpeza ultrassônica para os institutos de perícia, especificados no Termo de Referência, anexo do Edital do Pregão Eletrônico nº 90006/2025, que é parte integrante desta Ata, assim como as propostas cujos preços tenham sido registrados, independentemente de transcrição.";"https://pncp.gov.br/app/atas/00394494000136/2025/219/2"
"00039/2025";"200331 - SECRETARIA NACIONAL DE SEGURANCA PUBLICA - SENASP";"90006/2025";"Pregão";"31/07/2025";"05/08/2025";"05/08/2027";"Vigente";"449.178,15";"MITREN - SISTEMAS E MONTAGENS VEICULARES S.A. (92.249.150/0001-51) | OBJECT COMERCIO DE EQUIPAMENTOS LTDA (25.462.154/0001-26) | ESCOLA DE AVIACAO CIVIL ASAS ROTATIVAS LTDA (03.871.566/0003-49) | EFAI - ESCOLA DE AVIACAO CIVIL LTDA (03.622.266/0001-64)";"1";"A presente Ata tem por objeto o registro de preços para a eventual aquisição de comparadores balísticos manuais e equipamento de limpeza ultrassônica para os institutos de perícia, especificados no Termo de Referência, anexo do Edital do Pregão Eletrônico nº 90006/2025, que é parte integrante desta Ata, assim como as propostas cujos preços tenham sido registrados, independentemente de transcrição.";"https://pncp.gov.br/app/atas/00394494000136/2025/219/1"
"00046/2025";"200331 - SECRETARIA NACIONAL DE SEGURANCA PUBLICA - SENASP";"90034/2024";"Pregão";"31/07/2025";"04/08/2025";"04/08/2027";"Vigente";"1.537.579,60";"NW DRONES COMERCIO E MANUTENCAO DE DRONES LTDA (32.907.435/0001-00) | O.FILIZZOLA & CIA LTDA (61.182.424/0001-09)";"1";"A presente Ata tem por objeto o registro de preços para a eventual aquisição de equipamentos de controle de distúrbios civis (CDC), especificada no item 2, constante(s) da tabela anexa ao item 1.1 do Termo de Referência (29988158), anexo I do edital de Licitação nº 90034/2024 (30013155) que é parte integrante desta Ata, assim como a proposta cujo preço tenha sido registrado (32027921), independentemente de transcrição.";"https://pncp.gov.br/app/atas/00394494000136/2024/1398/5"
"00047/2025";"200331 - SECRETARIA NACIONAL DE SEGURANCA PUBLICA - SENASP";"90034/2024";"Pregão";"31/07/2025";"04/08/2025";"04/08/2027";"Vigente";"1.374.548,30";"COMPANHIA BRASILEIRA DE CARTUCHOS (57.494.031/0001-63) | COMPANHIA BRASILEIRA DE CARTUCHOS (57.494.031/0010-54) | ARBJI COMERCIO DE ELETRONICOS E COMPONENTES LTDA (04.730.121/0001-40)";"1";"A presente Ata tem por objeto o registro de preços para a eventual aquisição de equipamentos de controle de distúrbios civis (CDC), especificada no item 3, constante(s) da tabela anexa ao item 1.1 do Termo de Referência (29988158), anexo I do edital de Licitação nº 90034/2024 (30013155) que é parte integrante desta Ata, assim como a proposta cujo preço tenha sido registrado (32080222), independentemente de transcrição.";"https://pncp.gov.br/app/atas/00394494000136/2024/1398/6"
"00040/2026";"200331 - SECRETARIA NACIONAL DE SEGURANCA PUBLICA";"1665/2025";"Pregão - Eletrônico";"28/07/2026";"30/07/2026";"30/07/2027";"Vigente (Contratos.gov.br)";"98.507.080,82";"TRIEL-HT INDUSTRIAL E PARTICIPACOES S/A (89.422.042/0001-24) | TORINO INFORMATICA LTDA.. (03.619.767/0005-15) | ESCOLA DE AVIACAO CIVIL ASAS ROTATIVAS LTDA (03.871.566/0003-49) | EFAI - ESCOLA DE AVIACAO CIVIL LTDA (03.622.266/0001-64)";"1";"Registro de preços para contratação de serviço especializado de formação de pilotos de aeronaves.";"https://pncp.gov.br/app/atas/00394494000136/2025/1665/2"
"00039/2026";"200331 - SECRETARIA NACIONAL DE SEGURANCA PUBLICA";"1665/2025";"Pregão - Eletrônico";"27/07/2026";"29/07/2026";"29/07/2027";"Vigente (Contratos.gov.br)";"337.345.560,59";"MITREN - SISTEMAS E MONTAGENS VEICULARES S.A. (92.249.150/0001-51) | OBJECT COMERCIO DE EQUIPAMENTOS LTDA (25.462.154/0001-26) | ESCOLA DE AVIACAO CIVIL ASAS ROTATIVAS LTDA (03.871.566/0003-49) | EFAI - ESCOLA DE AVIACAO CIVIL LTDA (03.622.266/0001-64)";"1";"Registro de preços para contratação de serviço especializado de formação de pilotos de aeronaves.";"https://pncp.gov.br/app/atas/00394494000136/2025/1665/1"
"00040/2025";"200331 - SECRETARIA NACIONAL DE SEGURANCA PUBLICA - SENASP";"90014/2025";"Pregão";"21/07/2025";"22/07/2025";"22/07/2027";"Vigente";"2.092.496,00";"TRIEL-HT INDUSTRIAL E PARTICIPACOES S/A (89.422.042/0001-24) | TORINO INFORMATICA LTDA.. (03.619.767/0005-15) | ESCOLA DE AVIACAO CIVIL ASAS ROTATIVAS LTDA (03.871.566/0003-49) | EFAI - ESCOLA DE AVIACAO CIVIL LTDA (03.622.266/0001-64)";"1";"A presente Ata tem por objeto o registro de preços para a eventual aquisição de equipamento de ancoragem (dock station), especificado no item 01 do Termo de Referência (30781763),anexo I do Edital do Pregão Eletrônico nº 90014/2025, que é parte integrante desta Ata,  assim como as propostas cujos preços tenham sido registrados, independentemente de transcrição.";"https://pncp.gov.br/app/atas/00394494000136/2025/571/1"
"00033/2026";"200331 - SECRETARIA NACIONAL DE SEGURANCA PUBLICA - SENASP";"90027/2025";"Pregão";"20/07/2026";"22/07/2026";"22/07/2027";"Vigente";"48.464,22";"RENAULT DO BRASIL S.A. (00.913.443/0001-73) | PONIX DISTRIBUIDORA DE PRODUTOS LTDA (32.282.397/0001-48)";"1";"A presente Ata tem por objeto o registro de preços para a eventual contratação de Material de Comunicação Social, Bandeiras e Correlatos para atender às demandas da Diretoria da Força Nacional de Segurança Pública e demais órgãos participantes, especificados no item 30 do Termo de Referência (33465601), anexo do Edital do Pregão Eletrônico nº  90027/2025, que é parte integrante desta Ata, assim como as propostas cujos preços tenham sido registrados, independentemente de transcrição.";"https://pncp.gov.br/app/atas/00394494000136/2025/1313/13"
"00036/2025";"200331 - SECRETARIA NACIONAL DE SEGURANCA PUBLICA - SENASP";"90001/2025";"Pregão";"18/07/2025";"21/07/2025";"21/07/2027";"Vigente";"20.405.768,96";"GESPI INDUSTRIA E COMERCIO DE EQUIPAMENTOS AERONAUTICOS LTDA (45.218.484/0001-88) | SIGMETAL INDUSTRIA DE EQUIPAMENTOS EM ACOS LTDA (50.937.669/0001-82) | LIDER BANDEIRAS E UNIFORMES LTDA (50.615.423/0001-94)";"4";"Aquisição de Equipamentos de Atividade Física, para atender demanda da Secretaria Nacional de Segurança Púbica e demais órgão participantes, especificados nos itens 1 a 4 do Termo de Referência (29867900), anexo do Edital do Pregão Eletrônico nº 90001/2025 (30660110), que é parte integrante desta Ata, assim como as propostas cujos preços tenham sido registrados, independentemente de transcrição.";"https://pncp.gov.br/app/atas/00394494000136/2025/220/1"
"00038/2026";"200331 - SECRETARIA NACIONAL DE SEGURANCA PUBLICA - SENASP";"90002/2026";"Pregão";"20/07/2026";"21/07/2026";"20/07/2027";"Vigente";"14.417.896,92";"LEICA DO BRASIL IMPORTACAO E COMERCIO LTDA. (52.201.456/0001-13) | ULTRAMAR USA ()";"1";"A presente Ata tem por objeto o registro de preços para a eventual aquisição de sonar tipo Side Scan para buscas submersas em mergulho, para atender demanda da Secretaria Nacional de Segurança Púbica e demais órgãos participantes, especificados no item 01 do Termo de Referência (34720840), anexo do Edital do Pregão Eletrônico nº 90002/2026, que é parte integrante desta Ata, assim como as propostas cujos preços tenham sido registrados, independentemente de transcrição.";"https://pncp.gov.br/app/atas/00394494000136/2026/275/1"
"00035/2025";"200331 - SECRETARIA NACIONAL DE SEGURANCA PUBLICA - SENASP";"90029/2024";"Pregão";"15/07/2025";"16/07/2025";"16/07/2027";"Vigente";"370.672.392,00";"STELLANTIS AUTOMOVEIS BRASIL LTDA. (16.701.716/0001-56) | LUCAS RICARDO MANIERI DE ALMEIDA  LTDA (54.860.605/0001-81)";"1";"RETIFICAR o nome do partícipe no item 3.2 da Ata de Registro de Preços 35/2025 (32075665), UASG 928093, para que passe a constar a seguinte denominação no registro: Fundo Estadual de Segurança Pública de Rondônia.";"https://pncp.gov.br/app/atas/00394494000136/2024/1436/4"
"00035/2026";"200331 - SECRETARIA NACIONAL DE SEGURANCA PUBLICA - SENASP";"90027/2025";"Pregão";"06/07/2026";"07/07/2026";"07/07/2027";"Vigente";"3.228.595,00";"STELLANTIS AUTOMOVEIS BRASIL LTDA. (16.701.716/0001-56) | LUCAS RICARDO MANIERI DE ALMEIDA  LTDA (54.860.605/0001-81)";"5";"A presente Ata tem por objeto o registro de preços para a eventual contratação de Material de Comunicação Social, Bandeiras e Correlatos para atender às demandas da Diretoria da Força Nacional de Segurança Pública e demais órgãos participantes, especificados no itens 12, 13, 19, 21 e 22 do Termo de Referência (33465601), anexo do Edital do Pregão Eletrônico nº 90027/2025, que é parte integrante desta Ata, assim como as propostas cujos preços tenham sido registrados, independentemente de transcrição.";"-"
"00034/2025";"200331 - SECRETARIA NACIONAL DE SEGURANCA PUBLICA - SENASP";"90003/2025";"Pregão";"27/06/2025";"28/06/2025";"28/06/2027";"Vigente";"79.890.470,00";"BMW MANUFACTURING INDUSTRIA DE MOTOS DA AMAZONIA LTDA (23.871.782/0001-30) | FULL - BROADCAST & AUDIO - LTDA (18.964.131/0001-54)";"1";"A presente Ata tem por objeto o registro de preços para a eventual aquisição de veículos especiais caracterizados, para atender demanda da Secretaria Nacional de Segurança Púbica e demais órgão participantes, especificado no item 4 do Termo de Referência (30672344), anexo do Edital do Pregão Eletrônico nº 90003/2025, que é parte integrante desta Ata, assim como as propostas cujos preços tenham sido registrados, independentemente de transcrição.";"https://pncp.gov.br/app/atas/00394494000136/2025/304/3"
"00032/2025";"200331 - SECRETARIA NACIONAL DE SEGURANCA PUBLICA - SENASP";"90003/2025";"Pregão";"26/06/2025";"27/06/2025";"27/06/2027";"Vigente";"662.148.720,00";"GENERAL MOTORS DO BRASIL LTDA (59.275.792/0001-50) | CINEFLEX INDUSTRIA DE PRODUTOS VISUAIS LTDA (10.776.858/0001-04)";"1";"A presente Ata tem por objeto o registro de preços para a eventual aquisição de veículos especiais caracterizados, para atender demanda da Secretaria Nacional de Segurança Púbica e demais órgão participantes, especificado no item 1 do Termo de Referência (30672344), anexo do Edital do Pregão Eletrônico nº 90003/2025, que é parte integrante desta Ata, assim como as propostas cujos preços tenham sido registrados, independentemente de transcrição.";"https://pncp.gov.br/app/atas/00394494000136/2025/304/1"
"00031/2025";"200331 - SECRETARIA NACIONAL DE SEGURANCA PUBLICA - SENASP";"90005/2024";"Pregão";"24/06/2025";"25/06/2025";"25/06/2027";"Vigente";"185.709.430,03";"MARCELO SILVEIRA DA COSTA (40437906191) | REPREMIG REPRESENTACAO E COMERCIO DE MINAS GERAIS LTDA (65.149.197/0002-51)";"2";"A presente Ata tem por objeto o registro de preços para a aquisição de armamentos e acessórios, visando atender à demanda da Secretaria Nacional de Segurança Pública e demais órgãos participantes, especificados nos itens do Termo de Referência nº 10/2024 (27983823), anexo do Edital de Licitação PE 90005/2024 (27963927), que é parte integrante desta Ata, assim como as propostas cujos preços tenham sido registrados, independentemente de transcrição.";"https://pncp.gov.br/app/atas/00394494000136/2024/291/2"
"00026/2026";"200331 - SECRETARIA NACIONAL DE SEGURANCA PUBLICA - SENASP";"90027/2025";"Pregão";"10/06/2026";"22/06/2026";"22/06/2027";"Vigente";"57.597,60";"R.BRANDS LTDA (13.992.333/0001-96) | M. TOZZI VESTUARIOS LTDA (19.879.447/0001-00)";"1";"A presente Ata tem por objeto o registro de preços para a eventual contratação de Material de Comunicação Social, Bandeiras e Correlatos para atender às demandas da Diretoria da Força Nacional de Segurança Pública e demais órgãos participantes, especificados no item 11 do Termo de Referência (33465601), anexo do Edital do Pregão Eletrônico nº  90027/2025, que é parte integrante desta Ata, assim como as propostas cujos preços tenham sido registrados, independentemente de transcrição.";"https://pncp.gov.br/app/atas/00394494000136/2025/1313/5"
"00029/2026";"200331 - SECRETARIA NACIONAL DE SEGURANCA PUBLICA - SENASP";"90027/2025";"Pregão";"10/06/2026";"22/06/2026";"22/06/2027";"Vigente";"6.173.200,00";"INOVA EQUIPAMENTOS DE RESGATE LTDA. (44.542.555/0001-30) | KASA KOMPLETA COMERCIO E SERVICOS LTDA (04.932.770/0001-23)";"1";"A presente Ata tem por objeto o registro de preços para a eventual contratação de Material de Comunicação Social, Bandeiras e Correlatos para atender às demandas da Diretoria da Força Nacional de Segurança Pública e demais órgãos participantes, especificados no item 17 do Termo de Referência (33465601), anexo do Edital do Pregão Eletrônico nº  90027/2025, que é parte integrante desta Ata, assim como as propostas cujos preços tenham sido registrados, independentemente de transcrição.";"https://pncp.gov.br/app/atas/00394494000136/2025/1313/6"
"00031/2026";"200331 - SECRETARIA NACIONAL DE SEGURANCA PUBLICA - SENASP";"90027/2025";"Pregão";"10/06/2026";"22/06/2026";"22/06/2027";"Vigente";"1.609.452,00";"MARCELO SILVEIRA DA COSTA (40437906191) | REPREMIG REPRESENTACAO E COMERCIO DE MINAS GERAIS LTDA (65.149.197/0002-51)";"1";"A presente Ata tem por objeto o registro de preços para a eventual contratação de Material de Comunicação Social, Bandeiras e Correlatos para atender às demandas da Diretoria da Força Nacional de Segurança Pública e demais órgãos participantes, especificados no item 27 do Termo de Referência (33465601), anexo do Edital do Pregão Eletrônico nº  90027/2025, que é parte integrante desta Ata, assim como as propostas cujos preços tenham sido registrados, independentemente de transcrição.";"https://pncp.gov.br/app/atas/00394494000136/2025/1313/8"
"00030/2026";"200331 - SECRETARIA NACIONAL DE SEGURANCA PUBLICA - SENASP";"90027/2025";"Pregão";"12/06/2026";"22/06/2026";"22/06/2027";"Vigente";"31.970,00";"RNL TRADE AND FACILITIES LTDA (15.655.026/0001-45) | DOURADOS COMERCIO VAREJISTA DE MATERIAL ELETRO ELETRONICO LTDA (10.879.397/0001-97)";"1";"A presente Ata tem por objeto o registro de preços para a eventual contratação de Material de Comunicação Social, Bandeiras e Correlatos para atender às demandas da Diretoria da Força Nacional de Segurança Pública e demais órgãos participantes, especificados no item 24 do Termo de Referência (33465601), anexo do Edital do Pregão Eletrônico nº  90027/2025, que é parte integrante desta Ata, assim como as propostas cujos preços tenham sido registrados, independentemente de transcrição.";"https://pncp.gov.br/app/atas/00394494000136/2025/1313/7"
"00028/2026";"200331 - SECRETARIA NACIONAL DE SEGURANCA PUBLICA - SENASP";"90027/2025";"Pregão";"09/06/2026";"22/06/2026";"22/06/2027";"Vigente";"137.500,00";"S.O.S SUL RESGATE - COMERCIO E SERVICOS DE SEGURANCA E SINALIZACAO LTDA (03.928.511/0001-66) | I-STRATEGIA BRASIL LTDA (14.777.617/0001-22)";"1";"A presente Ata tem por objeto o registro de preços para a eventual contratação de Material de Comunicação Social, Bandeiras e Correlatos para atender às demandas da Diretoria da Força Nacional de Segurança Pública e demais órgãos participantes, especificados no item 16 do Termo de Referência (33465601), anexo do Edital do Pregão Eletrônico nº  90027/2025, que é parte integrante desta Ata, assim como as propostas cujos preços tenham sido registrados, independentemente de transcrição.";"https://pncp.gov.br/app/atas/00394494000136/2025/1313/4"
"00034/2026";"200331 - SECRETARIA NACIONAL DE SEGURANCA PUBLICA - SENASP";"90027/2025";"Pregão";"11/06/2026";"22/06/2026";"22/06/2027";"Vigente";"3.101.174,00";"BMW MANUFACTURING INDUSTRIA DE MOTOS DA AMAZONIA LTDA (23.871.782/0001-30) | FULL - BROADCAST & AUDIO - LTDA (18.964.131/0001-54)";"2";"A presente Ata tem por objeto o registro de preços para a eventual contratação de Material de Comunicação Social, Bandeiras e Correlatos para atender às demandas da Diretoria da Força Nacional de Segurança Pública e demais órgãos participantes, especificados no itens 18 e 23 do Termo de Referência (33465601), anexo do Edital do Pregão Eletrônico nº 90027/2025, que é parte integrante desta Ata, assim como as propostas cujos preços tenham sido registrados, independentemente de transcrição.";"https://pncp.gov.br/app/atas/00394494000136/2025/1313/10"
"00036/2026";"200331 - SECRETARIA NACIONAL DE SEGURANCA PUBLICA - SENASP";"90027/2025";"Pregão";"09/06/2026";"22/06/2026";"22/06/2027";"Vigente";"1.264.050,80";"GESPI INDUSTRIA E COMERCIO DE EQUIPAMENTOS AERONAUTICOS LTDA (45.218.484/0001-88) | SIGMETAL INDUSTRIA DE EQUIPAMENTOS EM ACOS LTDA (50.937.669/0001-82) | LIDER BANDEIRAS E UNIFORMES LTDA (50.615.423/0001-94)";"9";"A presente Ata tem por objeto o registro de preços para a eventual contratação de Material de Comunicação Social, Bandeiras e Correlatos para atender às demandas da Diretoria da Força Nacional de Segurança Pública e demais órgãos participantes, especificados no itens 02, 03, 04, 05, 07, 08, 09, 10 e 29 do Termo de Referência (33465601), anexo do Edital do Pregão Eletrônico nº  90027/2025, que é parte integrante desta Ata, assim como as propostas cujos preços tenham sido registrados, independentemente de transcrição.";"https://pncp.gov.br/app/atas/00394494000136/2025/1313/11"
"00032/2026";"200331 - SECRETARIA NACIONAL DE SEGURANCA PUBLICA - SENASP";"90027/2025";"Pregão";"10/06/2026";"22/06/2026";"22/06/2027";"Vigente";"204.960,00";"GENERAL MOTORS DO BRASIL LTDA (59.275.792/0001-50) | CINEFLEX INDUSTRIA DE PRODUTOS VISUAIS LTDA (10.776.858/0001-04)";"1";"A presente Ata tem por objeto o registro de preços para a eventual contratação de Material de Comunicação Social, Bandeiras e Correlatos para atender às demandas da Diretoria da Força Nacional de Segurança Pública e demais órgãos participantes, especificados no item 28 do Termo de Referência (33465601), anexo do Edital do Pregão Eletrônico nº  90027/2025, que é parte integrante desta Ata, assim como as propostas cujos preços tenham sido registrados, independentemente de transcrição.";"https://pncp.gov.br/app/atas/00394494000136/2025/1313/9"
"00037/2026";"200331 - SECRETARIA NACIONAL DE SEGURANCA PUBLICA - SENASP";"90004/2026";"Pregão";"10/06/2026";"15/06/2026";"15/06/2027";"Vigente";"1.505.222.750,00";"CONDOR S/A INDUSTRIA QUIMICA (30.092.431/0001-96) | INK FITNESS EQUIPAMENTOS ESPORTIVOS LTDA (45.196.517/0001-36) | ACTATEC INDUSTRIA E COMERCIO DE PECAS E ACESSORIOS PARA VEICULOS LTDA. (34.032.252/0002-03)";"2";"A presente Ata tem por objeto o registro de preços para a eventual aquisição de solução integrada de blindagem automotiva, contemplando o fornecimento de plataforma veicular nova e a execução completa da blindagem integral nível III, para atender demanda da Secretaria Nacional de Segurança Púbica e demais órgãos participantes, especificados no itens 1 e 2 do Termo de Referência (35323170), anexo do Edital do Pregão Eletrônico nº 90004/2026, que é parte integrante desta Ata, assim como as propostas cujos preços tenham sido registrados, independentemente de transcrição.";"https://pncp.gov.br/app/atas/00394494000136/2026/366/1"
"00025/2026";"200331 - SECRETARIA NACIONAL DE SEGURANCA PUBLICA - SENASP";"90027/2025";"Pregão";"09/06/2026";"10/06/2026";"10/06/2027";"Vigente";"131.885,00";"BECATH SOLUCOES INTEGRADAS LTDA (47.010.717/0001-88) | SUPORTE INDUSTRIA E COMERCIO DE ARTIGOS MILITARES LTDA (15.136.916/0001-40) | BANDEIRAS ON LINE ARTEFATOS TEXTEIS LTDA (00.295.234/0001-03)";"1";"A presente Ata tem por objeto o registro de preços para a eventual contratação de Material de Comunicação Social, Bandeiras e Correlatos para atender às demandas da Diretoria da Força Nacional de Segurança Pública e demais órgãos participantes, especificados no item 6 do Termo de Referência (33465601), anexo do Edital do Pregão Eletrônico nº  90027/2025, que é parte integrante desta Ata, assim como as propostas cujos preços tenham sido registrados, independentemente de transcrição.";"https://pncp.gov.br/app/atas/00394494000136/2025/1313/3"
"00027/2026";"200331 - SECRETARIA NACIONAL DE SEGURANCA PUBLICA - SENASP";"90027/2025";"Pregão";"03/06/2026";"04/06/2026";"04/06/2027";"Vigente";"222.495,00";"ARMA DEFENSE IMPORTACAO E EXPORTACAO LTDA (41.406.069/0001-05) | M&B AUTOMACAO LTDA (26.786.305/0001-64)";"1";"A presente Ata tem por objeto o registro de preços para a eventual contratação de Material de Comunicação Social, Bandeiras e Correlatos para atender às demandas da Diretoria da Força Nacional de Segurança Pública e demais órgãos participantes, especificados no item 15 do Termo de Referência (33465601), anexo do Edital do Pregão Eletrônico nº  90027/2025, que é parte integrante desta Ata, assim como as propostas cujos preços tenham sido registrados, independentemente de transcrição.";"https://pncp.gov.br/app/atas/00394494000136/2025/1313/2"
"00015/2026";"200331 - SECRETARIA NACIONAL DE SEGURANCA PUBLICA - SENASP";"90010/2025";"Pregão";"30/04/2026";"04/05/2026";"04/05/2027";"Vigente";"7.722.812,48";"ELBER INDUSTRIA DE REFRIGERACAO LTDA (81.618.753/0001-67) | ANATOMIC COMERCIO E ASSISTENCIA TECNICA DE EQUIPAMENTOS HOSPITALARES E EDUCACION (02.976.881/0001-06)";"1";"A presente Ata tem por objeto o registro de preços para a eventual aquisição de equipamentos de Atendimento Pré-Hospitalar (APH) e APH Tático, especificado no item 52 do Termo de Referência (31465512), anexo do edital de Licitação nº 10/2025, que é parte integrante desta Ata, assim como as propostas cujos preços tenham sido registrados, independentemente de transcrição.";"https://pncp.gov.br/app/atas/00394494000136/2025/322/13"
"00029/2025";"200331 - SECRETARIA NACIONAL DE SEGURANCA PUBLICA - SENASP";"90023/2024";"Pregão";"29/04/2025";"30/04/2025";"30/04/2027";"Vigente";"971.199,00";"INOVA EQUIPAMENTOS DE RESGATE LTDA. (44.542.555/0001-30) | KASA KOMPLETA COMERCIO E SERVICOS LTDA (04.932.770/0001-23)";"1";"A presente Ata tem por objeto o registro de preços para a eventual aquisição de equipamentos de mergulho, busca e salvamento, especificado no item 26 do Termo de Referência (29551551), anexo I do edital de Licitação nº 23/2024 (29366764) que é parte integrante desta Ata, assim como as propostas cujos preços tenham sido registrados, independentemente de transcrição.";"https://pncp.gov.br/app/atas/00394494000136/2024/1130/15"
"00020/2026";"200331 - SECRETARIA NACIONAL DE SEGURANCA PUBLICA - SENASP";"90027/2025";"Pregão";"29/04/2026";"30/04/2026";"30/04/2027";"Vigente";"80.984,00";"ABSOLUT TECHNOLOGIES PROJETOS E CONSULTORIA LTDA (02.423.819/0001-97) | RENAULT DO BRASIL S.A. (00.913.443/0001-73) | FABRICA DAS BANDEIRAS INDUSTRIA COMERCIO DE CONFECCOES SERVICOS E ACESSORIOS LTD (04.884.221/0001-20)";"1";"O registro de preços para a eventual aquisição de Suporte de Mastro de Bandeiras (2 mastro), para atender demanda da Secretaria Nacional de Segurança Pública e demais órgãos participantes, especificados no item 1 do Termo de Referência (33465601), anexo do Edital do Pregão Eletrônico nº  90027/2025, que é parte integrante desta Ata, assim como as propostas cujos preços tenham sido registrados, independentemente de transcrição.";"https://pncp.gov.br/app/atas/00394494000136/2025/1313/1"
"00019/2026";"200331 - SECRETARIA NACIONAL DE SEGURANCA PUBLICA - SENASP";"90010/2025";"Pregão";"24/04/2026";"27/04/2026";"27/04/2027";"Vigente";"785.637,36";"BEM ESTAR HOSPITALAR COMERCIO DE EQUIPAMENTOS HOSPITALAR E MATERIAIS PARA SAUDE  (08.299.803/0001-09) | CIRURGICA SAO FELIPE PRODUTOS PARA SAUDE LTDA (07.626.776/0001-60)";"1";"A presente Ata tem por objeto o registro de preços para a eventual aquisição de equipamentos de Atendimento Pré-Hospitalar (APH) e APH Tático, especificado no item 49 do Termo de Referência (31465512), anexo do edital de Licitação nº 10/2025, que é parte integrante desta Ata, assim como as propostas cujos preços tenham sido registrados, independentemente de transcrição.";"https://pncp.gov.br/app/atas/00394494000136/2025/322/12"
"00017/2026";"200331 - SECRETARIA NACIONAL DE SEGURANCA PUBLICA - SENASP";"90010/2025";"Pregão";"22/04/2026";"24/04/2026";"24/04/2027";"Vigente";"77.038,78";"STEEL SOLUTION MOBILIARIO CORPORATIVO LTDA (20.489.785/0001-15) | MARIA EDUARDA DOS SANTOS VICENTE  LTDA (53.588.462/0001-38)";"1";"A presente Ata tem por objeto o registro de preços para a eventual aquisição de equipamentos de Atendimento Pré-Hospitalar (APH) e APH Tático, especificado no item 59 do Termo de Referência (31465512), anexo do edital de Licitação nº 10/2025, que é parte integrante desta Ata, assim como as propostas cujos preços tenham sido registrados, independentemente de transcrição.";"https://pncp.gov.br/app/atas/00394494000136/2025/322/11"
"00014/2026";"200331 - SECRETARIA NACIONAL DE SEGURANCA PUBLICA - SENASP";"90010/2025";"Pregão";"16/04/2026";"17/04/2026";"17/04/2027";"Vigente";"10.952.833,67";"V - SEG COMERCIO DE PRODUTOS MILITARES LTDA (50.000.823/0001-95) | DMD EQUIPAMENTOS LTDA (37.265.248/0001-94)";"3";"A presente Ata tem por objeto o registro de preços para a eventual aquisição de equipamentos de Atendimento Pré-Hospitalar (APH) e APH Tático, especificado nos itens 50, 80 e 81 do Termo de Referência (31465512), anexo do edital de Licitação nº 10/2025, que é parte integrante desta Ata, assim como as propostas cujos preços tenham sido registrados, independentemente de transcrição.";"https://pncp.gov.br/app/atas/00394494000136/2025/322/10"
"00018/2026";"200331 - SECRETARIA NACIONAL DE SEGURANCA PUBLICA - SENASP";"90010/2025";"Pregão";"16/04/2026";"17/04/2026";"17/04/2027";"Vigente";"2.553.822,48";"GENERAL MOTORS DO BRASIL LTDA (59.275.792/0001-50) | FSG COMERCIO E CONSULTORIA LICITATORIA LTDA (54.974.490/0001-56)";"1";"A presente Ata tem por objeto o registro de preços para a eventual aquisição de equipamentos de Atendimento Pré-Hospitalar (APH) e APH Tático, especificado no item 82 do Termo de Referência (31465512), anexo do edital de Licitação nº 10/2025, que é parte integrante desta Ata, assim como as propostas cujos preços tenham sido registrados, independentemente de transcrição";"https://pncp.gov.br/app/atas/00394494000136/2025/322/9"
"00016/2026";"200331 - SECRETARIA NACIONAL DE SEGURANCA PUBLICA - SENASP";"90010/2025";"Pregão";"10/04/2026";"17/04/2026";"17/04/2027";"Vigente";"2.275.642,95";"CANTARES MAGAZINE LTDA (07.831.740/0001-19) | TMA - MEDICINA TACTICA LTDA (34.860.017/0001-30)";"1";"A presente Ata tem por objeto o registro de preços para a eventual aquisição de equipamentos de Atendimento Pré-Hospitalar (APH) e APH Tático, especificado no item 53 do Termo de Referência (31465512), anexo do edital de Licitação nº 10/2025, que é parte integrante desta Ata, assim como as propostas cujos preços tenham sido registrados, independentemente de transcrição.";"https://pncp.gov.br/app/atas/00394494000136/2025/322/8"
"00018/2025";"200331 - SECRETARIA NACIONAL DE SEGURANCA PUBLICA - SENASP";"90029/2024";"Pregão";"11/04/2025";"15/04/2025";"15/04/2027";"Vigente";"1.228.179.277,08";"GENERAL MOTORS DO BRASIL LTDA (59.275.792/0001-50) | FSG COMERCIO E CONSULTORIA LICITATORIA LTDA (54.974.490/0001-56)";"1";"Registro de preço para aquisição de veículos caracterizados e descaracterizados, para atender a Secretaria Nacional de  Segurança Pública, e demais órgãos participantes, e demais órgãos participantes, conforme condições, quantidades e  exigências estabelecidas no Edital e seus anexos";"https://pncp.gov.br/app/atas/00394494000136/2024/1436/2"
"00024/2026";"200331 - SECRETARIA NACIONAL DE SEGURANCA PUBLICA - SENASP";"90051/2025";"Pregão";"06/04/2026";"07/04/2026";"07/04/2027";"Vigente";"22.467.000,00";"VANGUARDA INFORMATICA LTDA (27.975.551/0003-99) | RAFAEL INDUSTRIA E CONFECCOES LTDA (09.211.871/0001-29) | SAFETY WALL DEFESA E SEGURANCA LTDA. (10.194.062/0001-35)";"2";"A presente Ata tem por objeto o registro de preços para a eventual aquisição de coletores de projéteis de arma de fogo para equipar os Laboratórios de Balística Forense dos Órgãos de Perícia Criminal Estaduais, do Distrito Federal e Polícia Federal, utilizados para realização de exames periciais de balística forense, especificados nos itens 2 e 3 do Termo de Referência, anexo I do edital de Licitação nº 90051/2025, que é parte integrante desta Ata, assim como as propostas cujos preços tenham sido registrados, independentemente de transcrição.";"https://pncp.gov.br/app/atas/00394494000136/2025/1651/1"
"00019/2025";"200331 - SECRETARIA NACIONAL DE SEGURANCA PUBLICA - SENASP";"90029/2024";"Pregão";"03/04/2025";"04/04/2025";"04/04/2027";"Vigente";"397.251.827,28";"BEM ESTAR HOSPITALAR COMERCIO DE EQUIPAMENTOS HOSPITALAR E MATERIAIS PARA SAUDE  (08.299.803/0001-09) | CIRURGICA SAO FELIPE PRODUTOS PARA SAUDE LTDA (07.626.776/0001-60)";"1";"A presente Ata tem por objeto o registro de preços para a eventual aquisição de veículos especiais, para atender demanda da Secretaria Nacional de Segurança Púbica e demais órgão participantes, especificado no Termo de Referência, anexo do Edital do Pregão Eletrônico nº 90029/2024.";"https://pncp.gov.br/app/atas/00394494000136/2024/1436/1"
"00022/2025";"200331 - SECRETARIA NACIONAL DE SEGURANCA PUBLICA - SENASP";"90022/2024";"Pregão";"03/04/2025";"04/04/2025";"04/04/2027";"Vigente (Prorrogada PNCP)";"606.900,00";"ECOVOLT TECNOLOGIA, COMERCIO E SERVICO LTDA (26.762.139/0001-66) | DIMORVAN DAVI MENEGUSSO LTDA (07.065.479/0001-93) | COMPANHIA BRASILEIRA DE CARTUCHOS (57.494.031/0010-54)";"1";"Registro de preços para a eventual aquisição de equipamentos de combate a incêndios florestais, especificado no item 07 do Termo de Referência (SEI MJ 29251066), anexo I do edital de Licitação nº 22/2024 (SEI MJ 29283387).";"https://pncp.gov.br/app/atas/00394494000136/2024/947/8"
"00021/2025";"200331 - SECRETARIA NACIONAL DE SEGURANCA PUBLICA - SENASP";"90022/2024";"Pregão";"03/04/2025";"04/04/2025";"04/04/2027";"Vigente";"5.605.517,50";"CONVERGINT COMERCIO E SERVICOS DE TECNOLOGIA LTDA (58.619.404/0008-14) | PROPARTS COMERCIO DE ARTIGOS ESPORTIVOS E TECNOLOGIA LTDA (68.365.501/0003-77) | LYSSA INTIMATES, COMERCIO, REALIZACOES E REPRESENTACOES LTDA (37.403.745/0001-01)";"1";"Registro de preços para a eventual aquisição de equipamentos de combate a incêndios florestais, especificado no item 05 do Termo de Referência (SEI MJ 29251066), anexo I do edital de Licitação nº 22/2024 (SEI MJ 29283387).";"https://pncp.gov.br/app/atas/00394494000136/2024/947/7"
"00016/2025";"200331 - SECRETARIA NACIONAL DE SEGURANCA PUBLICA - SENASP";"90054/2024";"Pregão";"02/04/2025";"03/04/2025";"03/04/2027";"Vigente";"8.041.588,73";"CANTARES MAGAZINE LTDA (07.831.740/0001-19) | TMA - MEDICINA TACTICA LTDA (34.860.017/0001-30)";"1";"A presente Ata tem por objeto o registro de preços para a eventual aquisição de Freezers Científicos, Cofres de Segurança e Armários Deslizantes, especificado(s) no(s) item(ns) 2 do Termo de Referência, anexo do Edital do Pregão Eletrônico nº 90054/2024.";"https://pncp.gov.br/app/atas/00394494000136/2024/1413/2"
"00012/2025";"200331 - SECRETARIA NACIONAL DE SEGURANCA PUBLICA - SENASP";"90022/2024";"Pregão";"02/04/2025";"03/04/2025";"03/04/2027";"Vigente";"24.929.117,46";"EQUILIBRIO EQUIPAMENTOS DE PROTECAO AMBIENTAL LTDA (12.124.712/0001-00) | ARMADA ARTIGOS MILITARES LTDA (26.645.437/0001-76)";"1";"Eventual aquisição de equipamentos de combate a incêndios florestais, especificado no item 04 do Termo de Referência (SEI MJ 29251066), anexo I do edital de Licitação nº 22/2024 (SEI MJ 29283387).";"https://pncp.gov.br/app/atas/00394494000136/2024/947/6"
"00001/2026";"200331 - SECRETARIA NACIONAL DE SEGURANCA PUBLICA - SENASP";"00186/2025";"Inexigibilidade";"23/03/2026";"02/04/2026";"02/04/2027";"Vigente";"2.504.646,20";"MIGUEL HERNANDEZ INDUSTRIA, COMERCIO DE EQUIPAMENTOS DE SEGURANCA LTDA (32.216.668/0001-67) | RSTECH REPAROS E SOLUCOES TECNOLOGICAS LTDA (10.261.106/0001-00)";"6";"A presente Ata tem por objeto o registro de preços para a eventual manutenção preventiva e corretiva dos equipamentos Maxwell que é parte integrante desta Ata, assim RSC, Maxwell RSC 48 e Spectrum, especificados nos itens de 1 a 6 do Termo de Referência como as propostas cujos preços tenham sido registrados, independentemente de transcrição.";"https://pncp.gov.br/app/atas/00394494000136/2025/1431/1"
"00012/2026";"200331 - SECRETARIA NACIONAL DE SEGURANCA PUBLICA - SENASP";"90010/2025";"Pregão";"31/03/2026";"01/04/2026";"01/04/2027";"Vigente";"1.140.433,05";"EQUILIBRIO EQUIPAMENTOS DE PROTECAO AMBIENTAL LTDA (12.124.712/0001-00) | ARMADA ARTIGOS MILITARES LTDA (26.645.437/0001-76)";"1";"A presente Ata tem por objeto o registro de preços para a eventual aquisição de equipamentos de Atendimento Pré-Hospitalar (APH) e APH Tático, especificado no item 44 do Termo de Referência (31465512), anexo do edital de Licitação nº 10/2025, que é parte integrante desta Ata, assim como as propostas cujos preços tenham sido registrados, independentemente de transcrição.";"https://pncp.gov.br/app/atas/00394494000136/2025/322/7"
"00011/2026";"200331 - SECRETARIA NACIONAL DE SEGURANCA PUBLICA - SENASP";"90010/2025";"Pregão";"31/03/2026";"01/04/2026";"01/04/2027";"Vigente";"3.741.350,25";"SERMEDICALL ARP EQUIPAMENTOS DE RESGATE E SEGURANCA LTDA (93.726.446/0001-89) | ORTOPRATIKA INDUSTRIA E COMERCIO LTDA (61.148.037/0001-56)";"6";"A presente Ata tem por objeto o registro de preços para a eventual aquisição de equipamentos de Atendimento Pré-Hospitalar (APH) e APH Tático, especificado nos itens 36, 46, 55, 56, 57 e 65 do Termo de Referência (31465512), anexo do edital de Licitação nº 10/2025, que é parte integrante desta Ata, assim como as propostas cujos preços tenham sido registrados, independentemente de transcrição.";"https://pncp.gov.br/app/atas/00394494000136/2025/322/6"
"00010/2026";"200331 - SECRETARIA NACIONAL DE SEGURANCA PUBLICA - SENASP";"90010/2025";"Pregão";"27/03/2026";"30/03/2026";"30/03/2027";"Vigente";"23.368.633,61";"RESGATECNICA COMERCIO DE EQUIPAMENTOS DE RESGATE LTDA (15.453.449/0004-25) | TYR MEDICAL LTDA (37.954.697/0001-40)";"7";"A presente Ata tem por objeto o registro de preços para a eventual aquisição de equipamentos de Atendimento Pré-Hospitalar (APH) e APH Tático, especificado nos itens 41, 42, 43, 45, 75, 76 e 79 do Termo de Referência (31465512), anexo do edital de Licitação nº 10/2025, que é parte integrante desta Ata, assim como as propostas cujos preços tenham sido registrados, independentemente de transcrição.";"https://pncp.gov.br/app/atas/00394494000136/2025/322/4"
"00013/2026";"200331 - SECRETARIA NACIONAL DE SEGURANCA PUBLICA - SENASP";"90010/2025";"Pregão";"27/03/2026";"30/03/2026";"30/03/2027";"Vigente";"4.773.331,66";"SCORP INDUSTRIA E COMERCIO DE EQUIPAMENTOS DE SEGURANCA LTDA (07.585.866/0001-50) | ALFA MED SISTEMAS MEDICOS LTDA (11.405.384/0001-49)";"2";"A presente Ata tem por objeto o registro de preços para a eventual aquisição de equipamentos de Atendimento Pré-Hospitalar (APH) e APH Tático, especificado nos itens 47 e 48 do Termo de Referência (31465512), anexo do edital de Licitação nº 10/2025, que é parte integrante desta Ata, assim como as propostas cujos preços tenham sido registrados, independentemente de transcrição.";"https://pncp.gov.br/app/atas/00394494000136/2025/322/5"
"00014/2025";"200331 - SECRETARIA NACIONAL DE SEGURANCA PUBLICA - SENASP";"90034/2024";"Pregão";"21/03/2025";"26/03/2025";"27/03/2027";"Vigente";"6.208.445,55";"V - SEG COMERCIO DE PRODUTOS MILITARES LTDA (50.000.823/0001-95) | DMD EQUIPAMENTOS LTDA (37.265.248/0001-94)";"1";"A presente Ata tem por objeto o registro de preços para a eventual aquisição de equipamentos de controle de distúrbios civis (CDC), especificada no item 4, constante(s) da tabela anexa ao item 1.1 do Termo de Referência (29988158), anexo I do edital de Licitação nº 34/2024 (30013155) que é parte integrante desta Ata, assim como a proposta cujo preço tenha sido registrado (30225926), independentemente de transcrição.";"https://pncp.gov.br/app/atas/00394494000136/2024/1398/4"
"00013/2025";"200331 - SECRETARIA NACIONAL DE SEGURANCA PUBLICA - SENASP";"90034/2024";"Pregão";"21/03/2025";"26/03/2025";"27/03/2027";"Vigente";"4.954.169,52";"SCORP INDUSTRIA E COMERCIO DE EQUIPAMENTOS DE SEGURANCA LTDA (07.585.866/0001-50) | ALFA MED SISTEMAS MEDICOS LTDA (11.405.384/0001-49)";"1";"A presente Ata tem por objeto o registro de preços para a eventual aquisição de equipamentos de controle de distúrbios civis (CDC), especificada no item 1, constante(s) da tabela anexa ao item 1.1 do Termo de Referência (29988158), anexo I do edital de Licitação nº 34/2024 (30013155) que é parte integrante desta Ata, assim como a proposta cujo preço tenha sido registrado (30199825), independentemente de transcrição.";"https://pncp.gov.br/app/atas/00394494000136/2024/1398/3"
"00008/2026";"200331 - SECRETARIA NACIONAL DE SEGURANCA PUBLICA - SENASP";"90010/2025";"Pregão";"24/03/2026";"27/03/2026";"27/03/2027";"Vigente";"218.908,26";"PROMEGA BIOTECNOLOGIA DO BRASIL LTDA. (11.909.227/0001-70) | ACCUMED PRODUTOS MEDICO HOSPITALARES LTDA (06.105.362/0001-23)";"1";"A presente Ata tem por objeto o registro de preços para a eventual aquisição de equipamentos de Atendimento Pré-Hospitalar (APH) e APH Tático, especificado no item 34 do Termo de Referência (31465512), anexo do edital de Licitação nº 10/2025, que é parte integrante desta Ata, assim como as propostas cujos preços tenham sido registrados, independentemente de transcrição.";"https://pncp.gov.br/app/atas/00394494000136/2025/322/3"
"00007/2026";"200331 - SECRETARIA NACIONAL DE SEGURANCA PUBLICA - SENASP";"90010/2025";"Pregão";"24/03/2026";"26/03/2026";"26/03/2027";"Vigente";"143.620.730,45";"QIAGEN BIOTECNOLOGIA BRASIL LTDA. (01.334.250/0003-92) | JP PHARMA IMPORTACAO E DISTRIBUICAO LTDA (10.512.195/0001-02)";"13";"A presente Ata tem por objeto o registro de preços para a eventual aquisição de equipamentos de Atendimento Pré-Hospitalar (APH) e APH Tático, especificado no grupo 02 e itens 40 e 89 do Termo de Referência (31465512), anexo do edital de Licitação nº 10/2025, que é parte integrante desta Ata, assim como as propostas cujos preços tenham sido registrados, independentemente de transcrição.";"https://pncp.gov.br/app/atas/00394494000136/2025/322/2"
"00022/2026";"200331 - SECRETARIA NACIONAL DE SEGURANCA PUBLICA - SENASP";"90013/2024";"Pregão";"25/03/2026";"26/03/2026";"26/03/2027";"Vigente";"28.823.895,51";"ECOVOLT TECNOLOGIA, COMERCIO E SERVICO LTDA (26.762.139/0001-66) | DIMORVAN DAVI MENEGUSSO LTDA (07.065.479/0001-93) | COMPANHIA BRASILEIRA DE CARTUCHOS (57.494.031/0010-54)";"1";"A presente Ata tem por objeto o registro de preços para a eventual aquisição de armamentos tipo espingarda calibre 12, para atender demanda da Secretaria Nacional de Segurança Púbica e demais órgãos participantes, especificados no item 01 do Termo de Referência (28875819), anexo do Edital do Pregão Eletrônico nº 90013/2024, que é parte integrante desta Ata, assim como as propostas cujos preços tenham sido registrados, independentemente de transcrição.";"https://pncp.gov.br/app/atas/00394494000136/2024/808/1"
"00007/2025";"200331 - SECRETARIA NACIONAL DE SEGURANCA PUBLICA - SENASP";"90052/2024";"Pregão";"21/03/2025";"24/03/2025";"24/03/2027";"Vigente";"4.950.120,00";"QIAGEN BIOTECNOLOGIA BRASIL LTDA. (01.334.250/0003-92) | JP PHARMA IMPORTACAO E DISTRIBUICAO LTDA (10.512.195/0001-02)";"1";"Em se tratando de compra estruturada no âmbito do programa ComprasSusp, o processo de contratação ocorreu de maneira centralizada pela Secretaria Nacional de Segurança Pública. Retifica-se a marcação da compra como centralizada no módulo gestão de ata do Contratos.govbr.";"https://pncp.gov.br/app/atas/00394494000136/2024/1410/2"
"00009/2025";"200331 - SECRETARIA NACIONAL DE SEGURANCA PUBLICA - SENASP";"90052/2024";"Pregão";"21/03/2025";"24/03/2025";"24/03/2027";"Vigente";"725.152,00";"LIFE TECHNOLOGIES BRASIL COMERCIO E INDUSTRIA DE PRODUTOS PARA BIOTECNOLOGIA LTD (63.067.904/0005-88)";"1";"Eventual aquisição de insumos para a coleta de material biológico de condenados, conforme preconiza a Lei de Execução Penal, além de insumos para a quantificação e amplificação de STRs de amostras dos Laboratórios de Genética Forense das Unidades da Federação da Rede Integrada de Bancos de Perfis Genéticos (RIBPG), especificado(s) no(s) item(ns) 4 do Termo de Referência, anexo do Edital do Pregão Eletrônico nº 90052 /2024";"https://pncp.gov.br/app/atas/00394494000136/2024/1410/3"
"00008/2025";"200331 - SECRETARIA NACIONAL DE SEGURANCA PUBLICA - SENASP";"90052/2024";"Pregão";"11/03/2025";"20/03/2025";"20/03/2027";"Vigente";"2.379.200,00";"PROMEGA BIOTECNOLOGIA DO BRASIL LTDA. (11.909.227/0001-70) | ACCUMED PRODUTOS MEDICO HOSPITALARES LTDA (06.105.362/0001-23)";"2";"eventual aquisição de insumos para a coleta de material biológico de  condenados, conforme preconiza a Lei de Execução Penal, além de insumos  para a quanficação e amplificação de STRs de amostras dos Laboratórios de  Genéca Forense das Unidades da Federação da Rede Integrada de Bancos de  Perfis Genécos (RIBPG), especificado(s) no(s) item(ns) 2 e 3 do Termo de  Referência, anexo do Edital do Pregão Eletrônico nº 90052 /2024";"https://pncp.gov.br/app/atas/00394494000136/2024/1410/1"
"00006/2026";"200331 - SECRETARIA NACIONAL DE SEGURANCA PUBLICA - SENASP";"90010/2025";"Pregão";"17/03/2026";"18/03/2026";"18/03/2027";"Vigente";"37.198,85";"APURA COMERCIO DE SOFTWARES E ASSESSORIA EM TECNOLOGIA DA INFORMACAO S.A. (15.690.857/0002-39) | BEM ESTAR HOSPITALAR COMERCIO DE EQUIPAMENTOS HOSPITALAR E MATERIAIS PARA SAUDE  (08.299.803/0001-09)";"1";"A presente Ata tem por objeto o registro de preços para a eventual aquisição de equipamentos de Atendimento Pré-Hospitalar (APH) e APH Tático, especificado no item 04 do Termo de Referência (31465512), anexo do edital de Licitação nº 10/2025, que é parte integrante desta Ata, assim como as propostas cujos preços tenham sido registrados, independentemente de transcrição.";"https://pncp.gov.br/app/atas/00394494000136/2025/322/1"
"00023/2026";"200331 - SECRETARIA NACIONAL DE SEGURANCA PUBLICA";"1576/2025";"Inexigibilidade";"26/02/2026";"16/03/2026";"16/03/2027";"Vigente (Contratos.gov.br)";"62.355.661,38";"ARCADE TECNOLOGIA LTDA (00.850.974/0002-45) | BOOTMINAS CALCADOS LTDA (00.612.163/0001-25) | LIFE TECHNOLOGIES BRASIL COMERCIO E INDUSTRIA DE PRODUTOS PARA BIOTECNOLOGIA LTD (63.067.904/0002-35)";"1";"Contratação de serviços contínuos de manutenção preventiva e corretiva dos equipamentos ""3500 Series Genetic Analyser for HID, 3500XL Genetic Analyser for HID, Veriti Pro Thermal Cycler 96-well, QuantStudio 5 real-Time PCR systems 96-well 0,2ml, 7500 Real-0me PCR System, Card Processing Automation 200 - CPA200, Automate Nucleic Acid Extraction System, Proflex PCR System, RapidHTID""";"https://pncp.gov.br/app/atas/00394494000136/2025/1576/2"
"00011/2025";"200331 - SECRETARIA NACIONAL DE SEGURANCA PUBLICA - SENASP";"90022/2024";"Pregão";"11/03/2025";"12/03/2025";"12/03/2027";"Vigente";"1.074.606,12";"SERMEDICALL ARP EQUIPAMENTOS DE RESGATE E SEGURANCA LTDA (93.726.446/0001-89) | ORTOPRATIKA INDUSTRIA E COMERCIO LTDA (61.148.037/0001-56)";"1";"Aquisição de equipamentos de combate a incêndios florestais, especificado no item 06 do Termo de Referência (29251066), anexo I do edital de Licitação nº 22/2024 (29283387), que é parte integrante desta Ata, assim como as propostas cujos preços tenham sido registrados, independentemente de transcrição.";"https://pncp.gov.br/app/atas/00394494000136/2024/947/4"
"00021/2026";"200331 - SECRETARIA NACIONAL DE SEGURANCA PUBLICA - SENASP";"90036/2025";"Pregão";"09/03/2026";"12/03/2026";"12/03/2027";"Vigente";"118.750,00";"CONVERGINT COMERCIO E SERVICOS DE TECNOLOGIA LTDA (58.619.404/0008-14) | PROPARTS COMERCIO DE ARTIGOS ESPORTIVOS E TECNOLOGIA LTDA (68.365.501/0003-77) | LYSSA INTIMATES, COMERCIO, REALIZACOES E REPRESENTACOES LTDA (37.403.745/0001-01)";"1";"A presente Ata tem por objeto o registro de preços para a eventual aquisição de fardamento operacional, especificado no item 1 do Termo de Referência (33132616), anexo I do edital de Licitação nº 90036/2025, que é parte integrante desta Ata, assim como as propostas cujos preços tenham sido registrados, independentemente de transcrição.";"https://pncp.gov.br/app/atas/00394494000136/2025/1264/1"
"00003/2025";"200331 - SECRETARIA NACIONAL DE SEGURANCA PUBLICA - SENASP";"90030/2024";"Pregão";"26/02/2025";"06/03/2025";"06/03/2027";"Vigente";"3.692.821,44";"LWS TENDAS IND. E COMERCIO LTDA (13.145.422/0001-05) | QIAGEN BIOTECNOLOGIA BRASIL LTDA. (01.334.250/0001-20)";"1";"Tem por objeto o registro de preços para aquisição de apetrechos táticos e de campanha, para atender demanda da Diretoria da Força Nacional de Segurança Pública e demais órgão participantes, conforme condições, quantidades e exigências estabelecidas neste Edital e seus anexos.";"https://pncp.gov.br/app/atas/00394494000136/2024/1197/9"
"00001/2025";"200331 - SECRETARIA NACIONAL DE SEGURANCA PUBLICA - SENASP";"90030/2024";"Pregão";"20/02/2025";"21/02/2025";"21/02/2027";"Vigente";"544.890,64";"MIGUEL HERNANDEZ INDUSTRIA, COMERCIO DE EQUIPAMENTOS DE SEGURANCA LTDA (32.216.668/0001-67) | RSTECH REPAROS E SOLUCOES TECNOLOGICAS LTDA (10.261.106/0001-00)";"1";"A presente Ata tem por objeto o registro de preços para aquisição de apetrechos táticos e de campanha, para atender demanda da Diretoria da Força Nacional de Segurança Pública e demais órgão participantes, conforme condições, quantidades e exigências estabelecidas neste Edital e seus anexos.";"https://pncp.gov.br/app/atas/00394494000136/2024/1197/8"
"00072/2025";"200331 - SECRETARIA NACIONAL DE SEGURANCA PUBLICA - SENASP";"90023/2025";"Pregão";"05/02/2026";"20/02/2026";"20/02/2027";"Vigente (Prorrogada PNCP)";"346.180,00";"MARYLEIDE FONSECA ALMEIDA LTDA (15.838.111/0001-49) | MILITAR PROFISSIONAIS, LAZER E AVENTURA LTDA (48.245.360/0001-80)";"1";"registro de preços para a eventual aquisição de equipamentos de Controle de Distúrbio Civil - CDC, especificado no item 01 constante da tabela anexa ao item 1.1 do Termo de Referência (32168732), anexo do Edital do Pregão Eletrônico nº 23/2025 (32171870)";"https://pncp.gov.br/app/atas/00394494000136/2025/1038/2"
"00004/2025";"200331 - SECRETARIA NACIONAL DE SEGURANCA PUBLICA - SENASP";"90030/2024";"Pregão";"12/02/2025";"17/02/2025";"17/02/2027";"Vigente";"1.809.714,16";"VERTICE COMERCIO DE ROUPAS E ACESSORIOS LTDA (08.763.888/0001-26)";"1";"Retificar o Prazo de vigência da ata.";"https://pncp.gov.br/app/atas/00394494000136/2024/1197/6"
"00006/2025";"200331 - SECRETARIA NACIONAL DE SEGURANCA PUBLICA - SENASP";"90047/2024";"Pregão";"12/02/2025";"13/02/2025";"12/02/2027";"Vigente";"5.907.155,07";"APURA COMERCIO DE SOFTWARES E ASSESSORIA EM TECNOLOGIA DA INFORMACAO S.A. (15.690.857/0002-39) | BEM ESTAR HOSPITALAR COMERCIO DE EQUIPAMENTOS HOSPITALAR E MATERIAIS PARA SAUDE  (08.299.803/0001-09)";"1";"A presente Ata tem por objeto o registro de preços para eventual contratação de solução para investigação em dark web, especificados no item do Termo de Referência nº 102/2024 (29862158), anexo I do Edital de Licitação PE 90047/2024 (30169410), que é parte integrante desta Ata, assim como as propostas cujos preços tenham sido registrados (30168414), independentemente de transcrição.";"https://pncp.gov.br/app/atas/00394494000136/2024/1385/1"
"00002/2025";"200331 - SECRETARIA NACIONAL DE SEGURANCA PUBLICA - SENASP";"90030/2024";"Pregão";"07/02/2025";"11/02/2025";"11/02/2027";"Vigente";"3.652.503,04";"ARBJI COMERCIO DE ELETRONICOS E COMPONENTES LTDA (04.730.121/0001-40) | GRM MAQUINAS E LOCACOES LTDA (97.541.831/0001-02)";"1";"Registro de preços para aquisição de apetrechos táticos e de campanha, para atender demanda da Diretoria da Força Nacional de Segurança Pública e demais órgão participantes, conforme condições, quantidades e exigências estabelecidas no Edital nº 30/2024 (SEI 29509339) e seus anexos.";"https://pncp.gov.br/app/atas/00394494000136/2024/1197/5"
"00003/2026";"200331 - SECRETARIA NACIONAL DE SEGURANCA PUBLICA - SENASP";"00187/2025";"Inexigibilidade";"11/02/2026";"12/02/2026";"11/02/2027";"Vigente";"2.135.210,00";"LWS TENDAS IND. E COMERCIO LTDA (13.145.422/0001-05) | QIAGEN BIOTECNOLOGIA BRASIL LTDA. (01.334.250/0001-20)";"5";"registro de preços para contratação de serviços contínuos de manutenção dos equipamentos QIAgility, EZ1 Advanced XL, QIAcube e Tissue Lyser, a serem executados SEM dedicação de mão de obra exclusiva, conforme, especificado no item 01 do Termo de Referência (33711591),";"https://pncp.gov.br/app/atas/00394494000136/2025/1637/1"
"00005/2025";"200331 - SECRETARIA NACIONAL DE SEGURANCA PUBLICA - SENASP";"90053/2024";"Pregão";"30/01/2025";"31/01/2025";"31/01/2027";"Vigente";"49.417.593,05";"WATERS TECHNOLOGIES DO BRASIL LTDA. (00.158.141/0001-37) | LIFE TECHNOLOGIES BRASIL COMERCIO E INDUSTRIA DE PRODUTOS PARA BIOTECNOLOGIA LTD (63.067.904/0002-35)";"1";"registro de preços para aquisição de sistema de cromatografia líquida de alta eficiência acoplada à espectrometria de massas, nos termos da tabela abaixo, conforme condições e exigências estabelecidas neste instrumento.";"https://pncp.gov.br/app/atas/00394494000136/2024/1400/1"
"00002/2026";"200331 - SECRETARIA NACIONAL DE SEGURANCA PUBLICA - SENASP";"90050/2025";"Pregão";"22/01/2026";"23/01/2026";"23/01/2027";"Vigente";"956.247,45";"ARBJI COMERCIO DE ELETRONICOS E COMPONENTES LTDA (04.730.121/0001-40) | GRM MAQUINAS E LOCACOES LTDA (97.541.831/0001-02)";"1";"A presente Ata tem por objeto o registro de preços para a eventual aquisição de motogerador de energia, especificado(s) no(s) item(ns) 1 do Termo de Referência, anexo do Edital do Pregão Eletrônico nº 90050/2025, que é parte integrante desta Ata, assim como as propostas cujos preços tenham sido registrados, independentemente de transcrição.";"https://pncp.gov.br/app/atas/00394494000136/2025/1447/1"
"00102/2024";"200331 - SECRETARIA NACIONAL DE SEGURANCA PUBLICA - SENASP";"90017/2024";"Pregão";"16/01/2025";"20/01/2025";"20/01/2027";"Vigente";"5.518.029,24";"KADOSHI COMERCIO E REPRESENTACOES LTDA (14.193.613/0001-05)";"1";"Aquisição de mobiliário diversos, especificado no item 01 do Termo de Referência (29279724), anexo do Edital do Pregão Eletrônico nº 17/2024 (29445453).";"https://pncp.gov.br/app/atas/00394494000136/2024/1169/5"
"00103/2024";"200331 - SECRETARIA NACIONAL DE SEGURANCA PUBLICA - SENASP";"90017/2024";"Pregão";"16/01/2025";"20/01/2025";"20/01/2027";"Vigente";"3.490.871,79";"ROAL INDUSTRIA METALURGICA LTDA (94.622.230/0001-36)";"1";"Aquisição de mobiliário diversos, especificado no item  02 do Termo de Referência (29279724), anexo do Edital do Pregão Eletrônico nº 17/2024 (29445453).";"https://pncp.gov.br/app/atas/00394494000136/2024/1169/4"
"00100/2024";"200331 - SECRETARIA NACIONAL DE SEGURANCA PUBLICA - SENASP";"90024/2024";"Pregão";"16/01/2025";"17/01/2025";"17/01/2027";"Vigente";"235.522,86";"BIKE SUL COMERCIO E SERVICOS LTDA (94.684.099/0001-31)";"1";"Aquisição de Equipamentos de Atividade Física, para atender demanda da Secretaria Nacional de Segurança Púbica e demais órgão participantes, especificados no item 62 do Termo de Referência (29290108), anexo do Edital do Pregão Eletrônico nº 90024/2024.";"https://pncp.gov.br/app/atas/00394494000136/2024/1132/11"
"00096/2024";"200331 - SECRETARIA NACIONAL DE SEGURANCA PUBLICA - SENASP";"90024/2024";"Pregão";"16/01/2025";"17/01/2025";"17/01/2027";"Vigente";"2.832.671,76";"DELVA FABRICACAO DE PECAS EM METAIS LTDA (09.135.430/0001-95)";"2";"Aquisição de Equipamentos de Atividade Física, para atender demanda da Secretaria Nacional de Segurança Púbica e demais órgão participantes, especificados nos itens 59 e 61 do Termo de Referência (29290108), anexo do Edital do Pregão Eletrônico nº 90024/2024.";"https://pncp.gov.br/app/atas/00394494000136/2024/1132/10"
"00083/2024";"200331 - SECRETARIA NACIONAL DE SEGURANCA PUBLICA - SENASP";"90030/2024";"Pregão";"15/01/2025";"16/01/2025";"16/01/2027";"Vigente";"255.495,20";"A M M CORREA (53.169.506/0001-95)";"1";"O registro de preços para aquisição de apetrechos táticos e de campanha, para atender demanda da Diretoria da Força Nacional de Segurança Pública e demais órgão participantes, conforme condições, quantidades e exigências estabelecidas neste Edital e seus anexos.";"https://pncp.gov.br/app/atas/00394494000136/2024/1197/4"
"00104/2024";"200331 - SECRETARIA NACIONAL DE SEGURANCA PUBLICA - SENASP";"90017/2024";"Pregão";"13/01/2025";"15/01/2025";"15/01/2027";"Vigente";"4.691.322,90";"GIGANTE RECEM NASCIDO LTDA. (62.413.869/0001-15)";"1";"Aquisição de mobiliário diversos, especificado no item 03 do Termo de Referência, anexo I do edital de Licitação nº 17/2024.";"https://pncp.gov.br/app/atas/00394494000136/2024/1169/2"
"00105/2024";"200331 - SECRETARIA NACIONAL DE SEGURANCA PUBLICA - SENASP";"90017/2024";"Pregão";"13/01/2025";"15/01/2025";"15/01/2027";"Vigente";"31.833.115,60";"SOLAB CIENTIFICA EQUIPAMENTOS PARA LABORATORIOS LTDA (11.232.743/0001-03)";"1";"Aquisição de mobiliário diversos, especificado no item 04 do Termo de Referência, anexo I do Edital de Licitação nº 17/2024,";"https://pncp.gov.br/app/atas/00394494000136/2024/1169/1"
"00082/2024";"200331 - SECRETARIA NACIONAL DE SEGURANCA PUBLICA - SENASP";"90030/2024";"Pregão";"13/01/2025";"14/01/2025";"14/01/2027";"Vigente";"246.421,92";"GRIFO QAP COMERCIO VAREJISTA DE ROUPAS E ARTIGOS ESPORTIVOS LTDA (27.495.602/0001-13)";"1";"O registro de preços para aquisição de apetrechos táticos e de campanha, para atender demanda da Diretoria da Força Nacional de Segurança Pública e demais órgão participantes, conforme condições, quantidades e exigências estabelecidas no Edital nº 30/2024 (SEI 29509339) e seus anexos.";"https://pncp.gov.br/app/atas/00394494000136/2024/1197/3"
"00084/2024";"200331 - SECRETARIA NACIONAL DE SEGURANCA PUBLICA - SENASP";"90030/2024";"Pregão";"08/01/2025";"10/01/2025";"10/01/2027";"Vigente";"1.035.218,31";"R.BRANDS LTDA (13.992.333/0001-96)";"1";"aquisição de apetrechos táticos e de campanha, para atender demanda da Diretoria da Força Nacional de Segurança Pública e demais órgão participantes, conforme condições, quantidades e exigências estabelecidas neste Edital e seus anexos.";"https://pncp.gov.br/app/atas/00394494000136/2024/1197/2"
"00081/2024";"200331 - SECRETARIA NACIONAL DE SEGURANCA PUBLICA - SENASP";"90030/2024";"Pregão";"07/01/2025";"10/01/2025";"10/01/2027";"Vigente";"9.118.275,70";"CENTRO DE DISTRIBUICAO E LOGISTICA MAYNARDES LTDA (45.296.313/0001-77)";"1";"aquisição de apetrechos táticos e de campanha, para atender demanda da Diretoria da Força Nacional de Segurança Pública e demais órgão participantes, conforme condições, quantidades e exigências estabelecidas neste Edital e seus anexos.";"https://pncp.gov.br/app/atas/00394494000136/2024/1197/1"
"00094/2024";"200331 - SECRETARIA NACIONAL DE SEGURANCA PUBLICA - SENASP";"90024/2024";"Pregão";"08/01/2025";"09/01/2025";"09/01/2027";"Vigente";"2.678.598,53";"BRUMO ESPORTES LTDA (51.414.411/0001-64)";"4";"Aquisição de Equipamentos de Atividade Física, para atender demanda da Secretaria Nacional de Segurança Púbica e demais Órgãos Participantes, especificados nos itens 32, 47, 48 e 51 do Termo de Referência (29290108), anexo do Edital do Pregão Eletrônico nº 90024/2024.";"https://pncp.gov.br/app/atas/00394494000136/2024/1132/8"
"00090/2024";"200331 - SECRETARIA NACIONAL DE SEGURANCA PUBLICA - SENASP";"90024/2024";"Pregão";"08/01/2025";"09/01/2025";"09/01/2027";"Vigente";"52.445.429,44";"SIGMETAL INDUSTRIA DE EQUIPAMENTOS EM ACOS LTDA (50.937.669/0001-82)";"17";"Aquisição de Equipamentos de Atividade Física, para atender demanda da Secretaria Nacional de Segurança Púbica e demais órgão participantes, especificados nos itens 07 ao 23 do Termo de Referência (29290108), anexo do Edital do Pregão Eletrônico nº 90024/2024.";"https://pncp.gov.br/app/atas/00394494000136/2024/1132/6"
"00099/2024";"200331 - SECRETARIA NACIONAL DE SEGURANCA PUBLICA - SENASP";"90024/2024";"Pregão";"07/01/2025";"08/01/2025";"08/01/2027";"Vigente";"397.176,00";"CA COMERCIO DE PRODUTOS LTDA (50.032.992/0001-07)";"1";"Aquisição de Equipamentos de Atividade Física, para atender demanda da Secretaria Nacional de Segurança Púbica e demais órgão participantes, especificados no item 60 do Termo de Referência (29290108), anexo do Edital do Pregão Eletrônico nº 90024/2024.";"https://pncp.gov.br/app/atas/00394494000136/2024/1132/5"
"00093/2024";"200331 - SECRETARIA NACIONAL DE SEGURANCA PUBLICA - SENASP";"90024/2024";"Pregão";"07/01/2025";"08/01/2025";"08/01/2027";"Vigente";"25.151.925,98";"SUD COMERCIO E IMPORTACAO LTDA (34.414.691/0001-91)";"5";"Aquisição de Equipamentos de Atividade Física, para atender demanda da Secretaria Nacional de Segurança Púbica e demais órgão participantes, especificados nos itens 1, 2, 54, 55 e 57 do Termo de Referência (29290108), anexo do Edital do Pregão Eletrônico nº 90024/2024.";"https://pncp.gov.br/app/atas/00394494000136/2024/1132/3"
"00108/2024";"200331 - SECRETARIA NACIONAL DE SEGURANCA PUBLICA - SENASP";"90027/2024";"Pregão";"07/01/2025";"08/01/2025";"07/01/2027";"Vigente";"6.519.899,86";"GP TRADE COMPANY ELETRONICOS IMPORTACAO E EXPORTACAO LTDA (18.476.349/0001-60)";"1";"O registro de preços para a eventual aquisição de nobreaks 1500 VA, para atender demanda da Secretaria Nacional de Segurança Púbica e demais órgão participantes, especificados no item do  Termo de Referência (29192381), anexo do Edital do Pregão Eletrônico nº 90027/2024, que é parte integrante desta Ata, assim como as propostas cujos preços tenham sido registrados, independentemente de transcrição.";"https://pncp.gov.br/app/atas/00394494000136/2024/1096/1"
"00092/2024";"200331 - SECRETARIA NACIONAL DE SEGURANCA PUBLICA - SENASP";"90024/2024";"Pregão";"03/01/2025";"07/01/2025";"07/01/2027";"Vigente";"6.536.106,78";"FONTHORA DISTRIBUIDORA LTDA (55.095.768/0001-88)";"8";"Aquisição de Equipamentos de Atividade Física, para atender demanda da Secretaria Nacional de Segurança Púbica e demais órgão participantes, especificados nos itens 24 ao 31 do Termo de Referência (29290108), anexo do Edital do Pregão Eletrônico nº 90024/2024.";"https://pncp.gov.br/app/atas/00394494000136/2024/1132/2"
"00091/2024";"200331 - SECRETARIA NACIONAL DE SEGURANCA PUBLICA - SENASP";"90024/2024";"Pregão";"31/12/2024";"01/01/2025";"01/01/2027";"Vigente";"3.328.254,05";"STAR COMERCIO LTDA (05.252.941/0001-36)";"13";"Aquisição de equipamentos de atividade física, para atender demanda da Secretaria Nacional de Segurança Púbica e demais órgão participantes, especificados nos itens 34, 37, 38, 39, 40, 41, 42, 49, 50, 52, 53, 56 e 58 do Termo de Referência (29290108), anexo do Edital do Pregão Eletrônico nº 90024/2024.";"https://pncp.gov.br/app/atas/00394494000136/2024/1132/1"
"00075/2024";"200331 - SECRETARIA NACIONAL DE SEGURANCA PUBLICA - SENASP";"90022/2024";"Pregão";"30/12/2024";"31/01/2024";"31/12/2026";"Vigente";"6.817.944,42";"DIMORVAN DAVI MENEGUSSO LTDA (07.065.479/0001-93) | INSPECT INTELIGENCIA E TECNOLOGIA LTDA (42.224.229/0001-50)";"1";"A presente Ata tem por objeto o registro de preços para a eventual aquisição de equipamentos de combate a incêndios florestais, especificado no item 02 do Termo de Referência (29251066), anexo I do edital de Licitação nº 22/2024 (29283387), que é parte integrante desta Ata, assim como as propostas cujos preços tenham sido registrados, independentemente de transcrição.";"https://pncp.gov.br/app/atas/00394494000136/2024/947/3"
"00079/2024";"200331 - SECRETARIA NACIONAL DE SEGURANCA PUBLICA - SENASP";"90038/2024";"Pregão";"30/12/2024";"31/12/2024";"31/12/2026";"Vigente";"120.171.618,00";"3M Global Channel Services, Inc. (3)";"1";"Aquisição de Equipamento Autônomo de Proteção Respiratória, para atender demanda da Secretaria Nacional de Segurança Pública e demais órgão participantes, conforme especificado no Termo de Referência (29263985), anexo I do Edital de Licitação nº 38/2024 (29260963).";"https://pncp.gov.br/app/atas/00394494000136/2024/1102/1"
"00071/2025";"200331 - SECRETARIA NACIONAL DE SEGURANCA PUBLICA - SENASP";"90023/2025";"Pregão";"23/12/2025";"30/12/2025";"30/12/2026";"Vigente";"23.803.286,15";"ULTRAMAR IMPORTACAO LTDA (81.571.010/0001-89) | EQUIPAMENTOS TATICOS DO SUL DO BRASIL LTDA (37.483.573/0001-23)";"1";"A presente Ata tem por objeto o registro de preços para a eventual aquisição de equipamentos de Controle de Distúrbio Civil - CDC, especificado no item 01 constante da tabela anexa ao item 1.1 do Termo de Referência (32168732), anexo do Edital do Pregão Eletrônico nº 23/2025 (32171870), que é parte integrante desta Ata, assim como as propostas cujos preços tenham sido registrados, independentemente de transcrição.";"https://pncp.gov.br/app/atas/00394494000136/2025/1038/1"
"00073/2025";"200331 - SECRETARIA NACIONAL DE SEGURANCA PUBLICA - SENASP";"00241/2025";"Inexigibilidade";"24/12/2025";"26/12/2025";"29/12/2026";"Vigente (Prorrogada PNCP)";"1.806.028,50";"DELTA COMERCIO DE EQUIPAMENTOS LTDA (00.202.188/0001-50) | PROMEGA BIOTECNOLOGIA DO BRASIL LTDA. (11.909.227/0001-70)";"2";"A presente Ata tem por objeto o registro de preços para a eventual aquisição de Cartuchos de extração para Plataformas Maxwell, especificados no item 1 do Termo de Referência n° 81/2025 (33911430) que é parte integrante desta Ata, assim como as propostas cujos preços tenham sido registrados, independentemente de transcrição.";"https://pncp.gov.br/app/atas/00394494000136/2025/1524/1"
"00077/2025";"200331 - SECRETARIA NACIONAL DE SEGURANCA PUBLICA - SENASP";"90033/2025";"Pregão";"24/12/2025";"29/12/2025";"29/12/2026";"Vigente";"7.956.000,00";"GUARANY INDUSTRIA E COMERCIO LTDA (61.089.835/0001-54) | TECHBIZ FORENSE DIGITAL LTDA (05.757.597/0002-18)";"1";"A presente Ata tem por objeto o registro de preços para a eventual contratação de Solução de Frameworks Osint para reconhecimento pessoal e organizacional, especificado no item 1 do Termo de Referência, anexo do edital de licitação n.º 90033/2025, que é parte integrante desta Ata, assim como as propostas cujos preços tenham sido registrados, independentemente de transcrição.";"https://pncp.gov.br/app/atas/00394494000136/2025/1176/1"
"00076/2024";"200331 - SECRETARIA NACIONAL DE SEGURANCA PUBLICA - SENASP";"90022/2024";"Pregão";"27/12/2024";"28/12/2024";"28/12/2026";"Vigente (Prorrogada PNCP)";"8.797.500,00";"RESGATECNICA COMERCIO DE EQUIPAMENTOS DE RESGATE LTDA (15.453.449/0004-25)";"1";"Aquisição de Equipamentos de Combate a Incêndios Florestais, especificado no item 02 do Termo de Referência (29251066), anexo I do edital de Licitação nº 22/2024 (29283387).";"https://pncp.gov.br/app/atas/00394494000136/2024/947/1"
"00068/2024";"200331 - SECRETARIA NACIONAL DE SEGURANCA PUBLICA - SENASP";"90023/2024";"Pregão";"27/12/2024";"28/12/2024";"27/12/2026";"Vigente";"131.793,73";"RBF DISTRIBUIDORA E SERVICOS LTDA (11.031.398/0001-40) | HPE AUTOMOTORES DO BRASIL LTDA (54.305.743/0011-70)";"2";"A presente Ata tem por objeto o registro de preços para a eventual aquisição de equipamentos de mergulho, busca e salvamento, especificado(s) no(s) item(ns) 11 e 12 do Termo de Referência, anexo I do edital de Licitação nº 23/2024 que é parte integrante desta Ata, assim como as propostas cujos preços tenham sido registrados, independentemente de transcrição.";"https://pncp.gov.br/app/atas/00394494000136/2024/1130/17"
"00064/2024";"200331 - SECRETARIA NACIONAL DE SEGURANCA PUBLICA - SENASP";"90023/2024";"Pregão";"27/12/2024";"28/12/2024";"27/12/2026";"Vigente";"123.092.159,46";"RESGATECNICA COMERCIO DE EQUIPAMENTOS DE RESGATE LTDA (15.453.449/0001-82) | S.O.S SUL RESGATE - COMERCIO E SERVICOS DE SEGURANCA E SINALIZACAO LTDA (03.928.511/0001-66)";"8";"A presente Ata tem por objeto o registro de preços para a eventual aquisição de equipamentos de mergulho, busca e salvamento, especificado(s) no(s) item(ns) 1 a 4 do grupo 1 e 16, 23, 29 e 36 do Termo de Referência, anexo I do edital de Licitação nº 23/2024 que é parte integrante desta Ata, assim como as propostas cujos preços tenham sido registrados, independentemente de transcrição.";"https://pncp.gov.br/app/atas/00394494000136/2024/1130/10"
"00069/2024";"200331 - SECRETARIA NACIONAL DE SEGURANCA PUBLICA - SENASP";"90023/2024";"Pregão";"26/12/2024";"27/12/2024";"26/12/2026";"Vigente";"708.942,78";"SUPORTE COMERCIAL ATACADISTA LTDA (10.907.265/0001-21) | H2G COMERCIAL DE ETIQUETAS E PAPEIS LTDA (32.316.475/0001-88)";"1";"A presente Ata tem por objeto o registro de preços para a eventual aquisição de equipamentos de mergulho, busca e salvamento, especificado(s) no(s) item(ns) 13 do Termo de Referência, anexo I do edital de Licitação nº 23/2024 que é parte integrante desta Ata, assim como as propostas cujos preços tenham sido registrados, independentemente de transcrição.";"https://pncp.gov.br/app/atas/00394494000136/2024/1130/8"
"00070/2024";"200331 - SECRETARIA NACIONAL DE SEGURANCA PUBLICA - SENASP";"90023/2024";"Pregão";"26/12/2024";"27/12/2024";"26/12/2026";"Vigente";"3.245.711,24";"INOVA EQUIPAMENTOS DE RESGATE LTDA. (44.542.555/0001-30) | QIAGEN BIOTECNOLOGIA BRASIL LTDA. (01.334.250/0003-92)";"1";"A presente Ata tem por objeto o registro de preços para a eventual aquisição de equipamentos de mergulho, busca e salvamento, especificado(s) no(s) item(ns) 15 do Termo de Referência, anexo I do edital de Licitação nº 23/2024 que é parte integrante desta Ata, assim como as propostas cujos preços tenham sido registrados, independentemente de transcrição.";"https://pncp.gov.br/app/atas/00394494000136/2024/1130/9"
"00060/2024";"200331 - SECRETARIA NACIONAL DE SEGURANCA PUBLICA - SENASP";"00348/2024";"Inexigibilidade";"23/12/2024";"26/12/2024";"26/12/2026";"Vigente";"68.300.613,72";"TECHBIZ FORENSE DIGITAL LTDA (05.757.597/0002-18) | Haix - Schuhe - Produktions- und Vertriebs- GmbH ()";"3";"A presente Ata tem por objeto o registro de preços para a eventual contratação de solução para extração e análise de dados de dispositivos móveis, especificado nos itens 1 a 3 do Termo de Referência (30081561) que é parte integrante desta Ata, assim como as propostas cujos preços tenham sido registrados (30027738), independentemente de transcrição.";"https://pncp.gov.br/app/atas/00394494000136/2024/1544/1"
"00033/2025";"200331 - SECRETARIA NACIONAL DE SEGURANCA PUBLICA - SENASP";"90003/2025";"Pregão";"27/06/2025";"28/06/2025";"26/12/2026";"Vigente";"422.752.810,48";"RENAULT DO BRASIL S.A. (00.913.443/0001-73) | PONIX DISTRIBUIDORA DE PRODUTOS LTDA (32.282.397/0001-48)";"1";"A presente Ata tem por objeto o registro de preços para a eventual aquisição de veículos especiais caracterizados, para atender demanda da Secretaria Nacional de Segurança Púbica e demais órgão participantes, especificado no item 3 do Termo de Referência (30672344), anexo do Edital do Pregão Eletrônico nº 90003/2025, que é parte integrante desta Ata, assim como as propostas cujos preços tenham sido registrados, independentemente de transcrição.";"https://pncp.gov.br/app/atas/00394494000136/2025/304/2"
"00075/2025";"200331 - SECRETARIA NACIONAL DE SEGURANCA PUBLICA - SENASP";"90046/2025";"Pregão";"24/12/2025";"26/12/2025";"26/12/2026";"Vigente";"63.180.000,00";"DIMORVAN DAVI MENEGUSSO LTDA (07.065.479/0001-93) | INSPECT INTELIGENCIA E TECNOLOGIA LTDA (42.224.229/0001-50)";"2";"A presente Ata tem por objeto o registro de preços para a eventual contratação de solução para reconhecimento de padrões em bases abertas para atender demanda Secretaria Nacional de Segurança Pública (SENASP/MJSP) e demais órgãos participantes, elencados na tabela constante do item 1.1 do Termo de Referência e especificados no Anexo do Termo de Referência I - Especificações Técnicas, anexo do Edital do Pregão Eletrônico nº90046/2025, que é parte integrante desta Ata, assim como as propostas cujos preços tenham sido registrados, independentemente de transcrição.";"https://pncp.gov.br/app/atas/00394494000136/2025/1384/1"
"00070/2025";"200331 - SECRETARIA NACIONAL DE SEGURANCA PUBLICA - SENASP";"00243/2025";"Inexigibilidade";"09/12/2025";"26/12/2025";"26/12/2026";"Vigente";"2.453.170,00";"INOVA EQUIPAMENTOS DE RESGATE LTDA. (44.542.555/0001-30) | QIAGEN BIOTECNOLOGIA BRASIL LTDA. (01.334.250/0003-92)";"3";"A presente Ata tem por objeto o registro de preços para a eventual aquisição de insumos para as plataformas de extração EZ1 e pipetadora automática QIAgility dos Laboratórios da Rede Integrada de Bancos de Perfis Genéticos (RIBPG), especificados nos itens 1 a 3 do Termo de Referência, que é parte integrante desta Ata, assim como as propostas cujos preços tenham sido registrados, independentemente de transcrição.";"https://pncp.gov.br/app/atas/00394494000136/2025/1620/1"
"00069/2025";"200331 - SECRETARIA NACIONAL DE SEGURANCA PUBLICA";"1102/2025";"Pregão - Eletrônico";"22/12/2025";"26/12/2025";"26/12/2026";"Vigente (Contratos.gov.br)";"1.861.320,28";"SUPORTE COMERCIAL ATACADISTA LTDA (10.907.265/0001-21) | H2G COMERCIAL DE ETIQUETAS E PAPEIS LTDA (32.316.475/0001-88)";"1";"Aquisição dos alvos de tiro defensivo, método Giraldi (silhueta humana), alvos de tiro defensivo, método Giraldi em folha 60x90 cm, e alvos de refém, complementada pela aquisição de obreias de alvo. ";"https://pncp.gov.br/app/atas/00394494000136/2025/1102/1"
"00063/2024";"200331 - SECRETARIA NACIONAL DE SEGURANCA PUBLICA - SENASP";"90014/2024";"Pregão";"20/12/2024";"24/12/2024";"24/12/2026";"Vigente";"1.310.542,21";"FORT CAR REBOQUES LTDA (01.114.890/0001-25) | BGS AMERICA LTDA (18.685.467/0001-88)";"2";"A presente Ata tem por objeto o registro de preços para a eventual aquisição de meios de transporte aquáticos, sendo estes lanchas e motos aquáticas, especificado(s) no(s) item(ns) 01 do Termo de Referência (28091756), anexo I do edital de Licitação nº 14/2024 (28707910), que é parte integrante desta Ata, assim como as propostas cujos preços tenham sido registrados, independentemente de transcrição.";"https://pncp.gov.br/app/atas/00394494000136/2024/839/4"
"00055/2024";"200331 - SECRETARIA NACIONAL DE SEGURANCA PUBLICA - SENASP";"90014/2024";"Pregão";"20/12/2024";"24/12/2024";"24/12/2026";"Vigente";"645.763.545,00";"MARINE METALURGICA LTDA (07.560.240/0001-90) | FLIR SYSTEMS BRASIL COMERCIO DE CAMERAS INFRAVERMELHAS LTDA. (07.204.578/0001-09)";"1";"A presente Ata tem por objeto o registro de preços para a eventual aquisição de meios de transporte aquáticos, sendo estes lanchas e motos aquáticas, especificado(s) no(s) item(ns) 01 do Termo de Referência (28091756), anexo I do edital de Licitação nº 14/2024 (28707910), que é parte integrante desta Ata, assim como as propostas cujos preços tenham sido registrados, independentemente de transcrição.";"https://pncp.gov.br/app/atas/00394494000136/2024/839/3"
"00089/2024";"200331 - SECRETARIA NACIONAL DE SEGURANCA PUBLICA - SENASP";"00328/2024";"Inexigibilidade";"23/12/2024";"24/12/2024";"24/12/2026";"Vigente";"10.595.617,37";"LIFE TECHNOLOGIES BRASIL COMERCIO E INDUSTRIA DE PRODUTOS PARA BIOTECNOLOGIA LTD (63.067.904/0005-88)";"15";"A retificação do prazo de validade da Ata de Registro de Preços nº 89/2024 (30194603), para que passe a ser considerada, nos termos do art. 22 do Decreto nº 11.462, de 2023, do dia 24/12/2024 ao dia 24/12/2025.";"https://pncp.gov.br/app/atas/00394494000136/2024/1407/3"
"00078/2024";"200331 - SECRETARIA NACIONAL DE SEGURANCA PUBLICA - SENASP";"90039/2024";"Pregão";"23/12/2024";"24/12/2024";"24/12/2026";"Vigente";"11.407.605,75";"FAGUNDEZ DISTRIBUICAO LTDA (07.953.689/0001-18)";"2";"Retificar o marco e o período da vigência da ARP.";"https://pncp.gov.br/app/atas/00394494000136/2024/1265/1"
"00058/2024";"200331 - SECRETARIA NACIONAL DE SEGURANCA PUBLICA - SENASP";"00328/2024";"Inexigibilidade";"20/12/2024";"24/12/2024";"24/12/2026";"Vigente";"2.284.406,13";"LIFE TECHNOLOGIES BRASIL COMERCIO E INDUSTRIA DE PRODUTOS PARA BIOTECNOLOGIA LTD (63.067.904/0005-88) | PERNAMBUCO MOTOS LTDA (10.144.013/0001-98)";"5";"A retificação do prazo de validade da Ata de Registro de Preços nº 58/2024 (30194582), para que passe a ser considerada, nos termos do art. 22 do Decreto nº 11.462, de 2023, do dia 24/12/2024 ao dia 24/12/2025;";"https://pncp.gov.br/app/atas/00394494000136/2024/1407/2"
"00073/2024";"200331 - SECRETARIA NACIONAL DE SEGURANCA PUBLICA - SENASP";"90023/2024";"Pregão";"24/12/2024";"25/12/2024";"24/12/2026";"Vigente";"15.325.650,10";"DELTA COMERCIO DE EQUIPAMENTOS LTDA (00.202.188/0001-50) | PROMEGA BIOTECNOLOGIA DO BRASIL LTDA. (11.909.227/0001-70)";"1";"A presente Ata tem por objeto o registro de preços para a eventual aquisição de equipamentos de mergulho, busca e salvamento, especificado(s) no(s) item(ns) 30 do Termo de Referência, anexo I do edital de Licitação nº 23/2024 que é parte integrante desta Ata, assim como as propostas cujos preços tenham sido registrados, independentemente de transcrição.";"https://pncp.gov.br/app/atas/00394494000136/2024/1130/5"
"00066/2024";"200331 - SECRETARIA NACIONAL DE SEGURANCA PUBLICA - SENASP";"90023/2024";"Pregão";"24/12/2024";"25/12/2024";"24/12/2026";"Vigente";"9.569.051,77";"ENGESUB INDUSTRIA E COMERCIO LTDA (17.211.480/0001-32) | AF EMPREENDIMENTOS LTDA (29.127.216/0001-02)";"4";"A presente Ata tem por objeto o registro de preços para a eventual aquisição de equipamentos de mergulho, busca e salvamento, especificado(s) no(s) item(ns) 5 do Termo de Referência, anexo I do edital de Licitação nº 23/2024 que é parte integrante desta Ata, assim como as propostas cujos preços tenham sido registrados, independentemente de transcrição.";"https://pncp.gov.br/app/atas/00394494000136/2024/1130/3"
"00071/2024";"200331 - SECRETARIA NACIONAL DE SEGURANCA PUBLICA - SENASP";"90023/2024";"Pregão";"23/12/2024";"24/12/2024";"23/12/2026";"Vigente";"867.342,00";"ULTRAMAR IMPORTACAO LTDA (81.571.010/0001-89) | EQUIPAMENTOS TATICOS DO SUL DO BRASIL LTDA (37.483.573/0001-23)";"2";"A presente Ata tem por objeto o registro de preços para a eventual aquisição de equipamentos de mergulho, busca e salvamento, especificado(s) no(s) item(ns) 24 e 27 do Termo de Referência, anexo I do edital de Licitação nº 23/2024 que é parte integrante desta Ata, assim como as propostas cujos preços tenham sido registrados, independentemente de transcrição.";"https://pncp.gov.br/app/atas/00394494000136/2024/1130/2"
"00047/2024";"200331 - SECRETARIA NACIONAL DE SEGURANCA PUBLICA - SENASP";"00257/2024";"Inexigibilidade";"03/12/2024";"23/12/2024";"23/12/2026";"Vigente";"298.454.877,50";"COMPANHIA BRASILEIRA DE CARTUCHOS (57.494.031/0001-63) | COMPANHIA BRASILEIRA DE CARTUCHOS (57.494.031/0010-54) | ARBJI COMERCIO DE ELETRONICOS E COMPONENTES LTDA (04.730.121/0001-40)";"116";"aquisição de munição comum e de treinamento a fim de atender a demanda da Diretoria da Força Nacional de Segurança Pública da SENASP (DFNSP) e da Diretoria de Operações Integradas e de Inteligência (DIOPI), especificado do Termo de Referência";"https://pncp.gov.br/app/atas/00394494000136/2024/1233/1"
"00062/2024";"200331 - SECRETARIA NACIONAL DE SEGURANCA PUBLICA - SENASP";"90014/2024";"Pregão";"19/12/2024";"23/12/2024";"23/12/2026";"Vigente";"15.970.349,06";"RC-FOREVER COMERCIO DE VEICULOS LTDA (07.692.490/0001-83) | VECTRA WORK INDUSTRIA E COMERCIO DE UNIFORMES E EQUIPAMENTOS DE PROTECAO INDIVID (11.694.789/0001-44)";"1";"A presente Ata tem por objeto o registro de preços para a eventual aquisição de meios de transporte aquáticos, sendo estes lanchas e motos aquáticas, especificado(s) no(s) item(ns) 03 do Termo de Referência (28091756), anexo I do edital de Licitação nº 14/2024 (28707910), que é parte integrante desta Ata, assim como as propostas cujos preços tenham sido registrados, independentemente de transcrição.";"https://pncp.gov.br/app/atas/00394494000136/2024/839/2"
"00074/2025";"200331 - SECRETARIA NACIONAL DE SEGURANCA PUBLICA - SENASP";"90030/2025";"Pregão";"23/12/2025";"24/12/2025";"23/12/2026";"Vigente";"9.814.480,00";"FLUTSPUMA ESPUMAS INDUSTRIAIS LTDA (53.777.835/0001-19) | TECGPS SISTEMAS DE RASTREAMENTO LTDA (13.074.840/0001-40)";"1";"registro de preços para a eventual aquisição de rastreadores veiculares com tecnologia GSM para atender demanda da Secretaria Nacional de Segurança Pública (SENASP/MJSP) e demais órgãos de Segurança Pública partícipes,  , especificado no item 01 constante da tabela anexa ao item 1.1 do Termo de Referência (33160971), anexo do Edital do Pregão Eletrônico nº 30/2025 (33105163), que é parte integrante desta Ata.";"https://pncp.gov.br/app/atas/00394494000136/2025/1276/1"
"00065/2024";"200331 - SECRETARIA NACIONAL DE SEGURANCA PUBLICA - SENASP";"90023/2024";"Pregão";"19/12/2024";"20/12/2024";"19/12/2026";"Vigente";"3.704.884,92";"MB COMERCIO DE MAQUINAS, FERRAMENTAS E SERVICOS LTDA (18.272.465/0001-67) | COMFORT INDUSTRIA E COMERCIO LTDA (10.215.056/0001-17)";"1";"A presente Ata tem por objeto o registro de preços para a eventual aquisição de equipamentos de mergulho, busca e salvamento, especificado(s) no(s) item(ns) 5 do Termo de Referência, anexo I do edital de Licitação nº 23/2024 que é parte integrante desta Ata, assim como as propostas cujos preços tenham sido registrados, independentemente de transcrição.";"https://pncp.gov.br/app/atas/00394494000136/2024/1130/1"
"00061/2024";"200331 - SECRETARIA NACIONAL DE SEGURANCA PUBLICA - SENASP";"90005/2024";"Pregão";"19/12/2024";"20/12/2024";"19/12/2026";"Vigente";"19.293.093,16";"Ceská zbrojovka a.s. () | PERNAMBUCO MOTOS LTDA (10.144.013/0001-98)";"1";"A presente Ata tem por objeto é o registro de preços para a aquisição de armamentos e acessórios, visando atender à demanda da Secretaria Nacional de Segurança Pública e demais órgãos participantes, especificados nos itens do Termo de Referência nº 10/2024 (27983823), anexo do Edital de Licitação PE 90005/2024 (27963927), que é parte integrante desta Ata, assim como as propostas cujos preços tenham sido registrados (28994865), independentemente de transcrição.";"https://pncp.gov.br/app/atas/00394494000136/2024/291/1"
"00056/2024";"200331 - SECRETARIA NACIONAL DE SEGURANCA PUBLICA - SENASP";"00328/2024";"Inexigibilidade";"16/12/2024";"17/12/2024";"16/12/2026";"Vigente";"81.053.828,48";"LIFE TECHNOLOGIES BRASIL COMERCIO E INDUSTRIA DE PRODUTOS PARA BIOTECNOLOGIA LTD (63.067.904/0002-35) | BYD DO BRASIL LTDA. (17.140.820/0007-77)";"2";"A presente Ata tem por objeto o registro de preços para a eventual aquisição de equipamentos de automação para os Laboratórios da RIBPG para fins de processamento de amostras de material biológico de condenados, e insumos para a quantificação e amplificação de STRs de amostras dos Laboratórios Genética Forense das Unidades da Federação da Rede Integrada de Bancos de Perfis Genéticos (RIBPG), especificado(s) no(s) item(ns) 01 e 02 do Termo de Referência (29941434) que é parte integrante desta Ata, assim como as propostas cujos preços tenham sido registrados (30089701), independentemente de transcrição.";"https://pncp.gov.br/app/atas/00394494000136/2024/1407/1"
"00037/2024";"200331 - SECRETARIA NACIONAL DE SEGURANCA PUBLICA - SENASP";"90096/2023";"Inexigibilidade";"11/12/2024";"13/12/2024";"13/12/2026";"Vigente";"16.213.955,52";"CONDOR S/A INDUSTRIA QUIMICA (30.092.431/0001-96) | INK FITNESS EQUIPAMENTOS ESPORTIVOS LTDA (45.196.517/0001-36) | ACTATEC INDUSTRIA E COMERCIO DE PECAS E ACESSORIOS PARA VEICULOS LTDA. (34.032.252/0002-03)";"1";"Registro de preços para a eventual aquisição de lançador de munição não letal calibre 40mm ou por arma similar no calibre 37mm/40mm, especificado no item 1 do Termo de Referência (28399357), que é parte integrante desta Ata, assim como as propostas cujos preços tenham sido registrados, independentemente de transcrição.";"https://pncp.gov.br/app/atas/00394494000136/2023/1023/1"
"00050/2024";"200331 - SECRETARIA NACIONAL DE SEGURANCA PUBLICA - SENASP";"90045/2024";"Pregão";"12/12/2024";"13/12/2024";"13/12/2026";"Vigente";"258.914.093,80";"TRIEL-HT INDUSTRIAL E PARTICIPACOES S/A (89.422.042/0001-24) | UNIART METAIS E MADEIRA LTDA (47.482.995/0001-38)";"1";"A presente Ata tem por objeto o registro de preços para a eventual aquisição de veículos caracterizados do tipo Auto Bomba Tanque e Salvamento - ABTS tipo 1 e Auto Bomba Tanque e Salvamento - ABTS tipo 2, nos termos da tabela abaixo, conforme condições e exigências estabelecidas neste instrumento.";"https://pncp.gov.br/app/atas/00394494000136/2024/1157/2"
"00049/2024";"200331 - SECRETARIA NACIONAL DE SEGURANCA PUBLICA - SENASP";"90045/2024";"Pregão";"09/12/2024";"11/12/2024";"11/12/2026";"Vigente";"528.635.624,10";"MITREN - SISTEMAS E MONTAGENS VEICULARES S.A. (92.249.150/0001-51) | SCITEC SOLUCOES EM ENSAIOS DE MATERIAIS E PRODUTOS LTDA (10.228.279/0001-19)";"1";"A presente Ata tem por objeto o registro de preços para a eventual aquisição de veículos caracterizados do tipo Auto Bomba Tanque e Salvamento - ABTS tipo 1 e Auto Bomba Tanque e Salvamento - ABTS tipo 2, nos termos da tabela abaixo, conforme condições e exigências estabelecidas neste instrumento.";"https://pncp.gov.br/app/atas/00394494000136/2024/1157/1"
"00053/2024";"200331 - SECRETARIA NACIONAL DE SEGURANCA PUBLICA - SENASP";"90012/2024";"Pregão";"11/12/2024";"12/12/2024";"11/12/2026";"Vigente";"30.063.249,40";"R J C DEFESA E AEROESPACIAL LTDA (71.919.328/0001-54) | SUPORTE INDUSTRIA E COMERCIO DE ARTIGOS MILITARES LTDA (15.136.916/0001-40)";"2";"A presente Ata tem por objeto o registro de preços para a eventual aquisição de instrumentos de menor potencial ofensivo - IMPO, especificado(s) no(s) item(ns) 10 e 11 do Termo de Referência, anexo I do edital de Licitação nº 12/2024  (29140675) que é parte integrante desta Ata, assim como as propostas cujos preços tenham sido registrados, independentemente de transcrição.";"https://pncp.gov.br/app/atas/00394494000136/2024/1077/2"
"00052/2024";"200331 - SECRETARIA NACIONAL DE SEGURANCA PUBLICA - SENASP";"90012/2024";"Pregão";"11/12/2024";"12/12/2024";"11/12/2026";"Vigente";"117.157.094,84";"CONDOR S/A INDUSTRIA QUIMICA (30.092.431/0001-96) | CITEROL - COMERCIO E INDUSTRIA DE TECIDOS E ROUPAS S/A (17.183.666/0001-25)";"9";"A presente Ata tem por objeto o registro de preços para a eventual aquisição de instrumentos de menor potencial ofensivo - IMPO, especificado(s) no(s) item(ns) 01 a 09 do Termo de Referência, anexo I do edital de Licitação nº 12/2024  (29140675) que é parte integrante desta Ata, assim como as propostas cujos preços tenham sido registrados, independentemente de transcrição.";"https://pncp.gov.br/app/atas/00394494000136/2024/1077/1"
"00051/2024";"200331 - SECRETARIA NACIONAL DE SEGURANCA PUBLICA - SENASP";"90033/2024";"Pregão";"10/12/2024";"11/12/2024";"10/12/2026";"Vigente";"167.227.818,72";"AXON ENTERPRISE, INC. () | A. L. NOGUEIRA COMERCIO E SERVICOS (10.400.122/0001-29)";"8";"Registro de preços para aquisição de Armas Eletroeletrônicas de Incapacitação Neuromuscular (AINM), para atender demanda da Secretaria Nacional de Segurança Pública e demais órgão participantes, conforme condições, quantidades e exigências estabelecidas neste Edital e seus anexos.";"https://pncp.gov.br/app/atas/00394494000136/2024/1097/1"
"00067/2024";"200331 - SECRETARIA NACIONAL DE SEGURANCA PUBLICA - SENASP";"90023/2024";"Pregão";"24/12/2024";"25/12/2024";"24/11/2026";"Vigente";"2.011.329,44";"INNOVA COMERCIO DE MAQUINAS E EQUIPAMENTOS LTDA (36.415.033/0001-40) | ACN COMERCIO DE PRODUTOS DE TRANSITO LTDA (73.628.307/0001-05)";"3";"A presente Ata tem por objeto o registro de preços para a eventual aquisição de equipamentos de mergulho, busca e salvamento, especificado(s) no(s) item(ns) 10, 19 e 25 do Termo de Referência, anexo I do edital de Licitação nº 23/2024 que é parte integrante desta Ata, assim como as propostas cujos preços tenham sido registrados, independentemente de transcrição.";"https://pncp.gov.br/app/atas/00394494000136/2024/1130/4"
"00068/2025";"200331 - SECRETARIA NACIONAL DE SEGURANCA PUBLICA - SENASP";"90015/2025";"Pregão";"11/11/2025";"12/11/2025";"13/11/2026";"Vigente (Prorrogada PNCP)";"865.844.190,00";"RBF DISTRIBUIDORA E SERVICOS LTDA (11.031.398/0001-40) | HPE AUTOMOTORES DO BRASIL LTDA (54.305.743/0011-70)";"1";"A presente Ata tem por objeto o registro de preços para a eventual aquisição de veículo, tipo Caminhonete/Pick-up, caracterizado, destinado a atender a Secretaria Nacional de Segurança Pública e demais órgãos participantes, conforme condições, quantidades e exigências estabelecidas neste Edital e seus anexos., anexo do Edital do Pregão Eletrônico nº 90015/2025 (31618013), que é parte integrante desta Ata, assim como as propostas cujos preços tenham sido registrados, independentemente de transcrição.";"https://pncp.gov.br/app/atas/00394494000136/2025/996/1"
"00048/2024";"200331 - SECRETARIA NACIONAL DE SEGURANCA PUBLICA - SENASP";"90008/2024";"Pregão";"11/11/2024";"12/11/2024";"11/11/2026";"Vigente";"3.476.588,50";"T L SOLUCOES TECNOLOGICAS LTDA (49.490.183/0001-60) | ?eská zbrojovka a.s. ()";"1";"aquisição de aeronaves remotamente tripuladas - drones e baterias para drones, para atender as demandas da Diretoria de Operações Integradas e de Inteligências - DIOPI (oriundas da Coordenação Geral de Fronteiras - CGFRON, do Programa de Enfrentamento das Organizações Criminosas - ENFOC e da Coordenação-Geral de Inteligência (CGINT) através dos Centros Integrados de Inteligência de Segurança Pública (CIISP); da Diretoria da Força Nacional de Segurança Pública - DFNSP, do Plano Amazônia: Segurança e Soberania (PLANO AMAS) e das Cartilhas das Emendas Parlamentares conforme Termo de Referência (SEI nº 28557477) e Estudo Técnico Preliminar nº 29/2024 (SEI nº 28557183), anexos ao edital de Pregão nº 08/2024 (SEI nº 28663971).";"https://pncp.gov.br/app/atas/00394494000136/2024/820/5"
"00044/2024";"200331 - SECRETARIA NACIONAL DE SEGURANCA PUBLICA - SENASP";"90008/2024";"Pregão";"07/11/2024";"08/11/2024";"07/11/2026";"Vigente";"126.961.858,71";"GOHOBBY FUTURE TECHNOLOGY LTDA (13.373.898/0001-95) | RF COMERCIO DE CALCADOS LTDA (33.088.750/0001-16)";"1";"registro de preços para a eventual aquisição de aeronaves remotamente tripuladas - drones e baterias para drones, para atender as demandas da Diretoria de Operações Integradas e de Inteligências - DIOPI (oriundas da Coordenação Geral de Fronteiras - CGFRON, do Programa de Enfrentamento das Organizações Criminosas - ENFOC e da Coordenação-Geral de Inteligência (CGINT) através dos Centros Integrados de Inteligência de Segurança Pública (CIISP); da Diretoria da Força Nacional de Segurança Pública - DFNSP, do Plano Amazônia: Segurança e Soberania (PLANO AMAS) e das Cartilhas das Emendas Parlamentares";"https://pncp.gov.br/app/atas/00394494000136/2024/820/1"
"00063/2025";"200331 - SECRETARIA NACIONAL DE SEGURANCA PUBLICA - SENASP";"90010/2024";"Pregão";"04/11/2025";"06/11/2025";"06/11/2026";"Vigente";"10.037.590,33";"FORT CAR REBOQUES LTDA (01.114.890/0001-25) | BGS AMERICA LTDA (18.685.467/0001-88)";"1";"A presente Ata tem por objeto o registro de preços para a eventual aquisição de equipamentos de proteção individual para incêndio estrutural e florestal, especificado no item 5 do Termo de Referência nº 41/2024 (30350981), anexo do Edital do Pregão Eletrônico nº 90010/2024 (28723783), que é parte integrante desta Ata, assim como as propostas cujos preços tenham sido registrados, independentemente de transcrição.";"https://pncp.gov.br/app/atas/00394494000136/2024/1048/4"
"00066/2025";"200331 - SECRETARIA NACIONAL DE SEGURANCA PUBLICA - SENASP";"90017/2025";"Pregão";"05/11/2025";"06/11/2025";"06/11/2026";"Vigente";"5.733.527,40";"ENGESUB INDUSTRIA E COMERCIO LTDA (17.211.480/0001-32) | AF EMPREENDIMENTOS LTDA (29.127.216/0001-02)";"1";"A presente Ata tem por objeto o registro de preços para a eventual aquisição de veículos, tipo quadriciclo (ATV) e utilitário multitarefa (UTV),caracterizados, para atender demanda da Secretaria Nacional de Segurança Púbica e demais órgão participantes, especificado no item 02 do Termo de Referência (31662383), anexo do Edital do Pregão Eletrônico nº 90017/2025, que é parte integrante desta Ata, assim como as propostas cujos preços tenham sido registrados, independentemente de transcrição.";"https://pncp.gov.br/app/atas/00394494000136/2025/835/3"
"00060/2025";"200331 - SECRETARIA NACIONAL DE SEGURANCA PUBLICA - SENASP";"90010/2024";"Pregão";"20/10/2025";"31/10/2025";"03/11/2026";"Vigente";"33.843.465,88";"TECHBIZ FORENSE DIGITAL LTDA (05.757.597/0002-18) | Haix - Schuhe - Produktions- und Vertriebs- GmbH ()";"1";"Objeto o registro de preços para a eventual aquisição de equipamentos de proteção individual para incêndio estrutural e florestal, especificado no item 2 do Termo de Referência nº 41/2024 (30350981), anexo do Edital do Pregão Eletrônico nº 90010/2024 (28723783), que é parte integrante desta Ata, assim como as propostas cujos preços tenham sido registrados, independentemente de transcrição.";"https://pncp.gov.br/app/atas/00394494000136/2024/1048/1"
"00064/2025";"200331 - SECRETARIA NACIONAL DE SEGURANCA PUBLICA - SENASP";"90010/2024";"Pregão";"29/10/2025";"03/11/2025";"03/11/2026";"Vigente";"4.023.200,00";"RESGATECNICA COMERCIO DE EQUIPAMENTOS DE RESGATE LTDA (15.453.449/0001-82) | S.O.S SUL RESGATE - COMERCIO E SERVICOS DE SEGURANCA E SINALIZACAO LTDA (03.928.511/0001-66)";"1";"A presente Ata tem por objeto o registro de preços para a eventual aquisição de equipamentos de proteção individual para incêndio estrutural e florestal, especificado no item 3 do Termo de Referência nº 41/2024 (30350981), anexo do Edital do Pregão Eletrônico nº 90010/2024 (28723783), que é parte integrante desta Ata, assim como as propostas cujos preços tenham sido registrados, independentemente de transcrição.";"https://pncp.gov.br/app/atas/00394494000136/2024/1048/3"
"00062/2025";"200331 - SECRETARIA NACIONAL DE SEGURANCA PUBLICA - SENASP";"90010/2024";"Pregão";"29/10/2025";"03/11/2025";"03/11/2026";"Vigente";"42.874.550,00";"RC-FOREVER COMERCIO DE VEICULOS LTDA (07.692.490/0001-83) | VECTRA WORK INDUSTRIA E COMERCIO DE UNIFORMES E EQUIPAMENTOS DE PROTECAO INDIVID (11.694.789/0001-44)";"1";"A presente Ata tem por objeto o registro de preços para a eventual aquisição de equipamentos de proteção individual para incêndio estrutural e florestal, especificado no item 3 do Termo de Referência nº 41/2024 (30350981), anexo do Edital do Pregão Eletrônico nº 90010/2024 (28723783), que é parte integrante desta Ata, assim como as propostas cujos preços tenham sido registrados, independentemente de transcrição.";"https://pncp.gov.br/app/atas/00394494000136/2024/1048/2"
"00039/2024";"200331 - SECRETARIA NACIONAL DE SEGURANCA PUBLICA - SENASP";"90007/2024";"Pregão";"16/10/2024";"31/10/2024";"31/10/2026";"Vigente";"242.060.176,44";"MITREN - SISTEMAS E MONTAGENS VEICULARES S.A. (92.249.150/0001-51) | OBJECT COMERCIO DE EQUIPAMENTOS LTDA (25.462.154/0001-26) | ESCOLA DE AVIACAO CIVIL ASAS ROTATIVAS LTDA (03.871.566/0003-49) | EFAI - ESCOLA DE AVIACAO CIVIL LTDA (03.622.266/0001-64)";"1";"A presente Ata tem por objeto o registro de preços para a eventual aquisição de veículos auto bomba tanque florestal (ABTF), para atender necessidades da LIGABOM, através do Escritório ComprasSusp, nos termos do Termo de Referência, anexo I do edital de Licitação nº 7/2024.";"https://pncp.gov.br/app/atas/00394494000136/2024/827/1"
"00040/2024";"200331 - SECRETARIA NACIONAL DE SEGURANCA PUBLICA - SENASP";"90007/2024";"Pregão";"22/10/2024";"31/10/2024";"31/10/2026";"Vigente";"1.578.378,82";"TRIEL-HT INDUSTRIAL E PARTICIPACOES S/A (89.422.042/0001-24) | TORINO INFORMATICA LTDA.. (03.619.767/0005-15) | ESCOLA DE AVIACAO CIVIL ASAS ROTATIVAS LTDA (03.871.566/0003-49) | EFAI - ESCOLA DE AVIACAO CIVIL LTDA (03.622.266/0001-64)";"1";"A presente Ata tem por objeto o registro de preços para a eventual aquisição de veículos auto bomba tanque florestal (ABTF), para atender necessidades da LIGABOM, através do Escritório ComprasSusp, nos termos do Termo de Referência, anexo I do edital de Licitação nº 7/2024.";"https://pncp.gov.br/app/atas/00394494000136/2024/827/2"
"00041/2024";"200331 - SECRETARIA NACIONAL DE SEGURANCA PUBLICA - SENASP";"90019/2024";"Pregão";"24/10/2024";"28/10/2024";"28/10/2026";"Vigente";"91.481.003,87";"VOLUS INSTITUICAO DE PAGAMENTO LTDA (03.817.702/0001-50) | SSG SOLUCOES LTDA (46.973.126/0001-43) | TRIEL-HT INDUSTRIAL E PARTICIPACOES S/A (89.422.042/0001-24)";"2";"Retificar o marco e o período de vigência da Ata de Registro de Preços.";"https://pncp.gov.br/app/atas/00394494000136/2024/813/1"
"00024/2024";"200331 - SECRETARIA NACIONAL DE SEGURANCA PUBLICA - SENASP";"90015/2024";"Pregão";"19/09/2024";"25/10/2024";"25/10/2026";"Vigente";"15.425.576,32";"VANGUARDA INFORMATICA LTDA (27.975.551/0003-99) | RAFAEL INDUSTRIA E CONFECCOES LTDA (09.211.871/0001-29) | SAFETY WALL DEFESA E SEGURANCA LTDA. (10.194.062/0001-35)";"1";"A presente Ata tem por objeto o registro de preços para a eventual aquisição de aparelhos celulares do tipo smartphone 5G, especificado(s) no(s) item(ns) 01 do Termo de Referência, anexo I do edital de Licitação nº 15/2024, que é parte integrante desta Ata, assim como as propostas cujos preços tenham sido registrados, independentemente de transcrição.";"https://pncp.gov.br/app/atas/00394494000136/2024/709/1"
"00067/2025";"200331 - SECRETARIA NACIONAL DE SEGURANCA PUBLICA - SENASP";"90017/2025";"Pregão";"21/10/2025";"23/10/2025";"23/10/2026";"Vigente";"9.910.088,80";"INNOVA COMERCIO DE MAQUINAS E EQUIPAMENTOS LTDA (36.415.033/0001-40) | ACN COMERCIO DE PRODUTOS DE TRANSITO LTDA (73.628.307/0001-05)";"1";"A presente Ata tem por objeto o registro de preços para a eventual aquisição de veículos, tipo quadriciclo (ATV) e utilitário multitarefa (UTV),caracterizados, para atender demanda da Secretaria Nacional de Segurança Púbica e demais órgão participantes, especificado no item 04 do Termo de Referência (31662383), anexo do Edital do Pregão Eletrônico nº 90017/2025, que é parte integrante desta Ata, assim como as propostas cujos preços tenham sido registrados, independentemente de transcrição.";"https://pncp.gov.br/app/atas/00394494000136/2025/835/2"
"00065/2025";"200331 - SECRETARIA NACIONAL DE SEGURANCA PUBLICA - SENASP";"90017/2025";"Pregão";"21/10/2025";"23/10/2025";"23/10/2026";"Vigente";"118.655.000,00";"MB COMERCIO DE MAQUINAS, FERRAMENTAS E SERVICOS LTDA (18.272.465/0001-67) | COMFORT INDUSTRIA E COMERCIO LTDA (10.215.056/0001-17)";"2";"A presente Ata tem por objeto o registro de preços para a eventual aquisição de veículos, tipo quadriciclo (ATV) e utilitário multitarefa (UTV),caracterizados, para atender demanda da Secretaria Nacional de Segurança Púbica e demais órgão participantes, especificados nos itens 01 e 03 do Termo de Referência (31662383), anexo do Edital do Pregão Eletrônico nº 90017/2025, que é parte integrante desta Ata, assim como as propostas cujos preços tenham sido registrados, independentemente de transcrição.";"https://pncp.gov.br/app/atas/00394494000136/2025/835/1"
"00036/2024";"200331 - SECRETARIA NACIONAL DE SEGURANCA PUBLICA - SENASP";"90014/2024";"Pregão";"27/09/2024";"22/10/2024";"22/10/2026";"Vigente";"104.266.596,00";"GESPI INDUSTRIA E COMERCIO DE EQUIPAMENTOS AERONAUTICOS LTDA (45.218.484/0001-88) | SIGMETAL INDUSTRIA DE EQUIPAMENTOS EM ACOS LTDA (50.937.669/0001-82) | LIDER BANDEIRAS E UNIFORMES LTDA (50.615.423/0001-94)";"1";"O registro de preços para a eventual aquisição de meios de transporte aquáticos, sendo estes lanchas e motos aquáticas, especificado no item 02 do Termo de Referência (28091756), anexo I do edital de Licitação nº 14/2024 (28707910), que é parte integrante desta Ata, assim como as propostas cujos preços tenham sido registrados, independentemente de transcrição.";"https://pncp.gov.br/app/atas/00394494000136/2024/839/1"
"00059/2025";"200331 - SECRETARIA NACIONAL DE SEGURANCA PUBLICA - SENASP";"90025/2025";"Pregão";"30/09/2025";"10/10/2025";"10/10/2026";"Vigente";"7.434.554,40";"PROMEGA BIOTECNOLOGIA DO BRASIL LTDA. (11.909.227/0001-70) | VANGUARDA INFORMATICA LTDA (27.975.551/0003-99)";"1";"A presente Ata tem por objeto o registro de preços para a eventual aquisição de aquisição de tablets, destinado a atender a Secretaria Nacional de Segurança Pública e demais órgãos participantes, especificado no Termo de Referência (32498824), anexo do Edital do Pregão Eletrônico nº 90025/2025 (32425937).";"https://pncp.gov.br/app/atas/00394494000136/2025/916/1"
"00061/2025";"200331 - SECRETARIA NACIONAL DE SEGURANCA PUBLICA - SENASP";"90018/2025";"Pregão";"24/09/2025";"25/09/2025";"25/09/2026";"Vigente";"17.334.600,00";"Ceská zbrojovka a.s. () | PERNAMBUCO MOTOS LTDA (10.144.013/0001-98)";"1";"A presente Ata tem por objeto o registro de preços para a eventual aquisição de motocicleta, 300cc, caracterizada, para atender demanda da Secretaria Nacional de Segurança Púbica e demais órgão participantes, especificado no item 02 do Termo de Referência (31619371), anexo do Edital do Pregão Eletrônico nº 90018/2025 (31619382), que é parte integrante desta Ata, assim como as propostas cujos preços tenham sido registrados, independentemente de transcrição.";"https://pncp.gov.br/app/atas/00394494000136/2025/724/2"
"00058/2025";"200331 - SECRETARIA NACIONAL DE SEGURANCA PUBLICA - SENASP";"90018/2025";"Pregão";"19/09/2025";"22/09/2025";"22/09/2026";"Vigente";"76.011.210,00";"LIFE TECHNOLOGIES BRASIL COMERCIO E INDUSTRIA DE PRODUTOS PARA BIOTECNOLOGIA LTD (63.067.904/0005-88) | PERNAMBUCO MOTOS LTDA (10.144.013/0001-98)";"1";"A presente Ata tem por objeto o registro de preços para a eventual aquisição de motocicleta, 300cc, caracterizada, para atender demanda da Secretaria Nacional de Segurança Púbica e demais órgão participantes, especificado no item 01 do Termo de Referência (31619371), anexo do Edital do Pregão Eletrônico nº 90018/2025 (31619382), que é parte integrante desta Ata, assim como as propostas cujos preços tenham sido registrados, independentemente de transcrição.";"https://pncp.gov.br/app/atas/00394494000136/2025/724/1"
"00055/2025";"200331 - SECRETARIA NACIONAL DE SEGURANCA PUBLICA - SENASP";"90011/2025";"Pregão";"17/09/2025";"22/09/2025";"22/09/2026";"Vigente";"7.001.611,00";"MARINE METALURGICA LTDA (07.560.240/0001-90) | FLIR SYSTEMS BRASIL COMERCIO DE CAMERAS INFRAVERMELHAS LTDA. (07.204.578/0001-09)";"1";"A presente Ata tem por objeto o registro de preços para a eventual aquisição de câmeras termográficas, para atender demanda da Secretaria Nacional, nos termos da tabela abaixo, conforme condições e exigências estabelecidas de Segurança Pública e demais órgão participantes, especificado no item 01 do Termo de Referência (30828013), anexo do Edital do Pregão Eletrônico Internacional nº 90011/2025, que é parte integrante desta Ata, assim como as propostas cujos preços tenham sido registrados, independentemente de transcrição.";"https://pncp.gov.br/app/atas/00394494000136/2025/641/1"
"00057/2025";"200331 - SECRETARIA NACIONAL DE SEGURANCA PUBLICA - SENASP";"90019/2025";"Pregão";"11/09/2025";"16/09/2025";"16/09/2026";"Vigente";"8.670.000,00";"QIAGEN BIOTECNOLOGIA BRASIL LTDA. (01.334.250/0003-92) | IAFIS SYSTEMS DO BRASIL LTDA (05.742.247/0001-05)";"1";"Registro de preços para a eventual contratação de software para localização, rastreamento e análise de transações com criptoativos, baseadas em blockchain, para atender demanda da Secretaria Nacional de Segurança Púbica e demais órgão participantes, especificado(s) no Termo de Referência nº 77/2025(31846449), anexo do Edital do Pregão Eletrônico nº 90019/2025(31788686).";"https://pncp.gov.br/app/atas/00394494000136/2025/675/1"
"00056/2025";"200331 - SECRETARIA NACIONAL DE SEGURANCA PUBLICA - SENASP";"90016/2025";"Pregão";"11/09/2025";"16/09/2025";"16/09/2026";"Vigente";"385.203.000,00";"LIFE TECHNOLOGIES BRASIL COMERCIO E INDUSTRIA DE PRODUTOS PARA BIOTECNOLOGIA LTD (63.067.904/0002-35) | BYD DO BRASIL LTDA. (17.140.820/0007-77)";"1";"Registro de preços para a eventual aquisição de veículo policial, tipo sedan, descaracterizado e com proteção balística, destinado a atender a Secretaria Nacional de Segurança Pública e demais órgãos participantes, especificado no Termo de Referência (32216150), anexo do Edital do Pregão Eletrônico nº 90016/2025 (30891012)";"https://pncp.gov.br/app/atas/00394494000136/2025/704/1"
"00054/2025";"200331 - SECRETARIA NACIONAL DE SEGURANCA PUBLICA - SENASP";"90040/2024";"Pregão";"08/09/2025";"11/09/2025";"11/09/2026";"Vigente";"41.500,00";"G2B COMERCIO E REPRESENTACOES LTDA (36.668.854/0001-98) | KLEMPS MAQUINAS TEXTEIS LTDA (09.381.250/0001-93)";"1";"A presente Ata tem por objeto o registro de preços para a eventual aquisição de fardamento operacional, especificado no Termo de Referência (29615646), anexo I do edital de Licitação nº 90040/2024 que é parte integrante desta Ata, assim como as propostas cujos preços tenham sido registrados, independentemente de transcrição.";"https://pncp.gov.br/app/atas/00394494000136/2024/1264/8"
"00050/2025";"200331 - SECRETARIA NACIONAL DE SEGURANCA PUBLICA - SENASP";"90012/2025";"Pregão";"08/09/2025";"09/09/2025";"09/09/2026";"Vigente";"105.960,00";"TRIEL-HT INDUSTRIAL E PARTICIPACOES S/A (89.422.042/0001-24) | UNIART METAIS E MADEIRA LTDA (47.482.995/0001-38)";"2";"A presente Ata tem por objeto o registro de preços para a eventual contratação de aquisição de medalhas condecorativas aos profissionais mobilizados na Diretoria da Força Nacional de Segurança Pública e de autoridades, especificado(s) no(s) item(ns) 2 e 3 do 1.1 Termo de Referência (31792358), anexo I do edital de Licitação nº 90012/2025 (31949848) que é parte integrante desta Ata, assim como as propostas cujos preços tenham sido registrados, independentemente de transcrição.";"https://pncp.gov.br/app/atas/00394494000136/2025/669/2"
"00051/2025";"200331 - SECRETARIA NACIONAL DE SEGURANCA PUBLICA - SENASP";"90012/2025";"Pregão";"05/09/2025";"08/09/2025";"08/09/2026";"Vigente";"2.820,00";"AXON ENTERPRISE, INC. () | A. L. NOGUEIRA COMERCIO E SERVICOS (10.400.122/0001-29)";"1";"A presente Ata tem por objeto o registro de preços para a eventual contratação de aquisição de medalhas condecorativas aos profissionais mobilizados na Diretoria da Força Nacional de Segurança Pública e de autoridades, especificado(s) no(s) item(ns) 1 do 1.1 Termo de Referência (31792358), anexo I do edital de Licitação nº 90012/2025 (31949848) que é parte integrante desta Ata, assim como as propostas cujos preços tenham sido registrados, independentemente de transcrição.";"https://pncp.gov.br/app/atas/00394494000136/2025/669/1"
"00052/2025";"200331 - SECRETARIA NACIONAL DE SEGURANCA PUBLICA - SENASP";"90040/2024";"Pregão";"05/09/2025";"08/09/2025";"07/09/2026";"Vigente";"570.000,00";"CONDOR S/A INDUSTRIA QUIMICA (30.092.431/0001-96) | CITEROL - COMERCIO E INDUSTRIA DE TECIDOS E ROUPAS S/A (17.183.666/0001-25)";"2";"A presente Ata tem por objeto o registro de preços para a eventual aquisição de fardamento operacional, especificado no Termo de Referência (29615646), anexo I do edital de Licitação nº 90040/2024 que é parte integrante desta Ata, assim como as propostas cujos preços tenham sido registrados, independentemente de transcrição.";"https://pncp.gov.br/app/atas/00394494000136/2024/1264/7"
"00025/2024";"200331 - SECRETARIA NACIONAL DE SEGURANCA PUBLICA - SENASP";"90015/2024";"Pregão";"04/09/2024";"05/09/2024";"04/09/2026";"Vigente";"1.942.220,00";"BECATH SOLUCOES INTEGRADAS LTDA (47.010.717/0001-88) | SUPORTE INDUSTRIA E COMERCIO DE ARTIGOS MILITARES LTDA (15.136.916/0001-40) | BANDEIRAS ON LINE ARTEFATOS TEXTEIS LTDA (00.295.234/0001-03)";"1";"Registro de preços para a eventual aquisição de aparelhos celulares do tipo smartphone 5G, especificado(s) no(s) item(ns) 02 do Termo de Referência, anexo I do edital de Licitação nº 15/2024";"https://pncp.gov.br/app/atas/00394494000136/2024/709/2"
"00053/2025";"200331 - SECRETARIA NACIONAL DE SEGURANCA PUBLICA - SENASP";"90040/2024";"Pregão";"03/09/2025";"05/09/2025";"04/09/2026";"Vigente";"14.388,00";"R J C DEFESA E AEROESPACIAL LTDA (71.919.328/0001-54) | SUPORTE INDUSTRIA E COMERCIO DE ARTIGOS MILITARES LTDA (15.136.916/0001-40)";"1";"A presente Ata tem por objeto o registro de preços para a eventual aquisição de fardamento operacional, especificado no Termo de Referência (29615646), anexo I do edital de Licitação nº 90040/2024 que é parte integrante desta Ata, assim como as propostas cujos preços tenham sido registrados, independentemente de transcrição.";"https://pncp.gov.br/app/atas/00394494000136/2024/1264/6"