Numero_Ata;UASG_Gerenciadora;Processo_Compra;Data_Assinatura;Vigencia_Inicial;Vigencia_Final;CNPJ_Fornecedor;Razao_Social_Fornecedor;Numero_Item;Descricao_Item;Qtd_Originaria_Edital;Qtd_Homologada_Vigente;Valor_Unitario_R$;Valor_Total_Item_R$;Objeto_Ata
"00049/2025";"200331 - SECRETARIA NACIONAL DE SEGURANCA PUBLICA - SENASP";"90005/2025";"26/08/2025";"29/08/2025";"29/08/2027";"92.249.150/0001-51";"MITREN - SISTEMAS E MONTAGENS VEICULARES S.A.";"00001";"CAMINHÃO, TIPO PIPA, POTÊNCIA MOTOR 230 CV, MOTOR DIESEL, CAPACIDADE VOLUMÉTRICA 12.000 L";"206";"206";"2.566.192,35";"528.635.624,10";"A presente Ata tem por objeto o registro de preços para a eventual contratação de serviços de ensaio em veículos leves utilizados como viaturas na atividade de segurança pública, especificado (s) no(s) item(ns) 1 ao 11 constante da tabela anexa ao item 1.1 do Termo de Referência (30819371), anexo do Edital do Pregão Eletrônico nº 90005/2025 (30819380)."
"00049/2025";"200331 - SECRETARIA NACIONAL DE SEGURANCA PUBLICA - SENASP";"90005/2025";"26/08/2025";"29/08/2025";"29/08/2027";"10.228.279/0001-19";"SCITEC SOLUCOES EM ENSAIOS DE MATERIAIS E PRODUTOS LTDA";"00002";"ENSAIO DE EFICIÊNCIA ENERGÉTICA";"60";"60";"800,00";"48.000,00";"A presente Ata tem por objeto o registro de preços para a eventual contratação de serviços de ensaio em veículos leves utilizados como viaturas na atividade de segurança pública, especificado (s) no(s) item(ns) 1 ao 11 constante da tabela anexa ao item 1.1 do Termo de Referência (30819371), anexo do Edital do Pregão Eletrônico nº 90005/2025 (30819380)."
"00049/2025";"200331 - SECRETARIA NACIONAL DE SEGURANCA PUBLICA - SENASP";"90005/2025";"26/08/2025";"29/08/2025";"29/08/2027";"10.228.279/0001-19";"SCITEC SOLUCOES EM ENSAIOS DE MATERIAIS E PRODUTOS LTDA";"00004";"AVALIAÇÃO DE ERGONOMIA";"60";"60";"415,00";"24.900,00";"A presente Ata tem por objeto o registro de preços para a eventual contratação de serviços de ensaio em veículos leves utilizados como viaturas na atividade de segurança pública, especificado (s) no(s) item(ns) 1 ao 11 constante da tabela anexa ao item 1.1 do Termo de Referência (30819371), anexo do Edital do Pregão Eletrônico nº 90005/2025 (30819380)."
"00049/2025";"200331 - SECRETARIA NACIONAL DE SEGURANCA PUBLICA - SENASP";"90005/2025";"26/08/2025";"29/08/2025";"29/08/2027";"10.228.279/0001-19";"SCITEC SOLUCOES EM ENSAIOS DE MATERIAIS E PRODUTOS LTDA";"00006";"ENSAIO DE EFICIÊNCIA DE FRENAGEM E AVALIAÇÃO DE PNEUS";"60";"60";"1.328,00";"79.680,00";"A presente Ata tem por objeto o registro de preços para a eventual contratação de serviços de ensaio em veículos leves utilizados como viaturas na atividade de segurança pública, especificado (s) no(s) item(ns) 1 ao 11 constante da tabela anexa ao item 1.1 do Termo de Referência (30819371), anexo do Edital do Pregão Eletrônico nº 90005/2025 (30819380)."
"00049/2025";"200331 - SECRETARIA NACIONAL DE SEGURANCA PUBLICA - SENASP";"90005/2025";"26/08/2025";"29/08/2025";"29/08/2027";"10.228.279/0001-19";"SCITEC SOLUCOES EM ENSAIOS DE MATERIAIS E PRODUTOS LTDA";"00008";"ENSAIO/TESTE SLALOM";"60";"60";"1.152,00";"69.120,00";"A presente Ata tem por objeto o registro de preços para a eventual contratação de serviços de ensaio em veículos leves utilizados como viaturas na atividade de segurança pública, especificado (s) no(s) item(ns) 1 ao 11 constante da tabela anexa ao item 1.1 do Termo de Referência (30819371), anexo do Edital do Pregão Eletrônico nº 90005/2025 (30819380)."
"00049/2025";"200331 - SECRETARIA NACIONAL DE SEGURANCA PUBLICA - SENASP";"90005/2025";"26/08/2025";"29/08/2025";"29/08/2027";"10.228.279/0001-19";"SCITEC SOLUCOES EM ENSAIOS DE MATERIAIS E PRODUTOS LTDA";"00010";"ENSAIO DE CIRCUITO URBANO";"60";"60";"1.476,00";"88.560,00";"A presente Ata tem por objeto o registro de preços para a eventual contratação de serviços de ensaio em veículos leves utilizados como viaturas na atividade de segurança pública, especificado (s) no(s) item(ns) 1 ao 11 constante da tabela anexa ao item 1.1 do Termo de Referência (30819371), anexo do Edital do Pregão Eletrônico nº 90005/2025 (30819380)."
"00049/2025";"200331 - SECRETARIA NACIONAL DE SEGURANCA PUBLICA - SENASP";"90005/2025";"26/08/2025";"29/08/2025";"29/08/2027";"10.228.279/0001-19";"SCITEC SOLUCOES EM ENSAIOS DE MATERIAIS E PRODUTOS LTDA";"00001";"ENSAIO DE VERIFICAÇÃO DE CARACTERÍSTICAS GERAIS E METROLOGIA";"60";"60";"700,00";"42.000,00";"A presente Ata tem por objeto o registro de preços para a eventual contratação de serviços de ensaio em veículos leves utilizados como viaturas na atividade de segurança pública, especificado (s) no(s) item(ns) 1 ao 11 constante da tabela anexa ao item 1.1 do Termo de Referência (30819371), anexo do Edital do Pregão Eletrônico nº 90005/2025 (30819380)."
"00049/2025";"200331 - SECRETARIA NACIONAL DE SEGURANCA PUBLICA - SENASP";"90005/2025";"26/08/2025";"29/08/2025";"29/08/2027";"10.228.279/0001-19";"SCITEC SOLUCOES EM ENSAIOS DE MATERIAIS E PRODUTOS LTDA";"00003";"ENSAIO DE RESISTÊNCIA GLOBAL";"60";"60";"1.170,00";"70.200,00";"A presente Ata tem por objeto o registro de preços para a eventual contratação de serviços de ensaio em veículos leves utilizados como viaturas na atividade de segurança pública, especificado (s) no(s) item(ns) 1 ao 11 constante da tabela anexa ao item 1.1 do Termo de Referência (30819371), anexo do Edital do Pregão Eletrônico nº 90005/2025 (30819380)."
"00049/2025";"200331 - SECRETARIA NACIONAL DE SEGURANCA PUBLICA - SENASP";"90005/2025";"26/08/2025";"29/08/2025";"29/08/2027";"10.228.279/0001-19";"SCITEC SOLUCOES EM ENSAIOS DE MATERIAIS E PRODUTOS LTDA";"00005";"ENSAIO DE ACELERAÇÃO";"60";"60";"1.300,00";"78.000,00";"A presente Ata tem por objeto o registro de preços para a eventual contratação de serviços de ensaio em veículos leves utilizados como viaturas na atividade de segurança pública, especificado (s) no(s) item(ns) 1 ao 11 constante da tabela anexa ao item 1.1 do Termo de Referência (30819371), anexo do Edital do Pregão Eletrônico nº 90005/2025 (30819380)."
"00049/2025";"200331 - SECRETARIA NACIONAL DE SEGURANCA PUBLICA - SENASP";"90005/2025";"26/08/2025";"29/08/2025";"29/08/2027";"10.228.279/0001-19";"SCITEC SOLUCOES EM ENSAIOS DE MATERIAIS E PRODUTOS LTDA";"00007";"ENSAIO/TESTE DO ALCE";"60";"60";"1.152,00";"69.120,00";"A presente Ata tem por objeto o registro de preços para a eventual contratação de serviços de ensaio em veículos leves utilizados como viaturas na atividade de segurança pública, especificado (s) no(s) item(ns) 1 ao 11 constante da tabela anexa ao item 1.1 do Termo de Referência (30819371), anexo do Edital do Pregão Eletrônico nº 90005/2025 (30819380)."
"00049/2025";"200331 - SECRETARIA NACIONAL DE SEGURANCA PUBLICA - SENASP";"90005/2025";"26/08/2025";"29/08/2025";"29/08/2027";"10.228.279/0001-19";"SCITEC SOLUCOES EM ENSAIOS DE MATERIAIS E PRODUTOS LTDA";"00009";"ENSAIO DE ALTA VELOCIDADE";"60";"60";"1.422,00";"85.320,00";"A presente Ata tem por objeto o registro de preços para a eventual contratação de serviços de ensaio em veículos leves utilizados como viaturas na atividade de segurança pública, especificado (s) no(s) item(ns) 1 ao 11 constante da tabela anexa ao item 1.1 do Termo de Referência (30819371), anexo do Edital do Pregão Eletrônico nº 90005/2025 (30819380)."
"00049/2025";"200331 - SECRETARIA NACIONAL DE SEGURANCA PUBLICA - SENASP";"90005/2025";"26/08/2025";"29/08/2025";"29/08/2027";"10.228.279/0001-19";"SCITEC SOLUCOES EM ENSAIOS DE MATERIAIS E PRODUTOS LTDA";"00011";"ENSAIO  DE  OFFROAD";"18";"18";"1.928,00";"34.704,00";"A presente Ata tem por objeto o registro de preços para a eventual contratação de serviços de ensaio em veículos leves utilizados como viaturas na atividade de segurança pública, especificado (s) no(s) item(ns) 1 ao 11 constante da tabela anexa ao item 1.1 do Termo de Referência (30819371), anexo do Edital do Pregão Eletrônico nº 90005/2025 (30819380)."
"00041/2025";"200331 - SECRETARIA NACIONAL DE SEGURANCA PUBLICA - SENASP";"90013/2025";"21/08/2025";"27/08/2025";"27/08/2027";"03.817.702/0001-50";"VOLUS INSTITUICAO DE PAGAMENTO LTDA";"00001";"QUEROSENE, USO PARA AVIAÇÃO, TIPO QAV-1";"9166490";"9166490";"9,97";"91.354.155,99";"Registro de preços para a eventual aquisição de apetrechos táticos e de campanha, especificado(s) no(s) item(ns) 5 e 6 constantes da tabela anexa ao item 1.1 do Termo de Referência, anexo I do edital de Licitação nº 90013/2025."
"00041/2025";"200331 - SECRETARIA NACIONAL DE SEGURANCA PUBLICA - SENASP";"90013/2025";"21/08/2025";"27/08/2025";"27/08/2027";"03.817.702/0001-50";"VOLUS INSTITUICAO DE PAGAMENTO LTDA";"00002";"Taxa de Administração para serviço de gerenciamento e controle de fornecimento  de combustível de aviação";"21946";"21946";"5,78";"126.847,88";"Registro de preços para a eventual aquisição de apetrechos táticos e de campanha, especificado(s) no(s) item(ns) 5 e 6 constantes da tabela anexa ao item 1.1 do Termo de Referência, anexo I do edital de Licitação nº 90013/2025."
"00041/2025";"200331 - SECRETARIA NACIONAL DE SEGURANCA PUBLICA - SENASP";"90013/2025";"21/08/2025";"27/08/2025";"27/08/2027";"46.973.126/0001-43";"SSG SOLUCOES LTDA";"00006";"REDE DE DORMIR, MATERIAL NYLON, TIPO MILITAR, CARACTERÍSTICAS ADICIONAIS MOSQUITEIRO, ZÍPER, CAPTAÇÃO ÁGUA CHUVA, CAMUFLAD A";"6505";"6505";"411,84";"2.679.019,20";"Registro de preços para a eventual aquisição de apetrechos táticos e de campanha, especificado(s) no(s) item(ns) 5 e 6 constantes da tabela anexa ao item 1.1 do Termo de Referência, anexo I do edital de Licitação nº 90013/2025."
"00041/2025";"200331 - SECRETARIA NACIONAL DE SEGURANCA PUBLICA - SENASP";"90013/2025";"21/08/2025";"27/08/2025";"27/08/2027";"46.973.126/0001-43";"SSG SOLUCOES LTDA";"00005";"CAMA METÁLICA DOBRÁVEL, MATERIAL ESTRUTURA AÇO, TIPO ESTRADO TECIDO POLIAMIDA, COMPRIMENTO 1,88 M, LARGURA 0,58 M, ALTURA 0,45 M, APLICAÇÃO CAMPANHA, CARACTERÍSTICAS ADICIONAIS DOBRÁVEL PARA ESTOCAGEM E TRANSPORTE";"4433";"4433";"270,00";"1.196.910,00";"Registro de preços para a eventual aquisição de apetrechos táticos e de campanha, especificado(s) no(s) item(ns) 5 e 6 constantes da tabela anexa ao item 1.1 do Termo de Referência, anexo I do edital de Licitação nº 90013/2025."
"00041/2025";"200331 - SECRETARIA NACIONAL DE SEGURANCA PUBLICA - SENASP";"90013/2025";"21/08/2025";"27/08/2025";"27/08/2027";"89.422.042/0001-24";"TRIEL-HT INDUSTRIAL E PARTICIPACOES S/A";"00001";"Veículo Especial";"161";"161";"678.800,00";"109.286.800,00";"Registro de preços para a eventual aquisição de apetrechos táticos e de campanha, especificado(s) no(s) item(ns) 5 e 6 constantes da tabela anexa ao item 1.1 do Termo de Referência, anexo I do edital de Licitação nº 90013/2025."
"00048/2025";"200331 - SECRETARIA NACIONAL DE SEGURANCA PUBLICA - SENASP";"90036/2024";"15/08/2025";"19/08/2025";"19/08/2027";"49.490.183/0001-60";"T L SOLUCOES TECNOLOGICAS LTDA";"00006";"AERONAVES TELEGUIADAS, TIPO AERONAVE REMOTAMENTE PILOTADA (DRONE), QUANTIDADE MOTORES 4 MOTORES, TAMANHO DIAGONAL 400 MM, CARACTERÍSTICAS ADICIONAIS SENSOR CMOS DE 20 MEGAPIXELS DE 1 POLEGADA";"25";"25";"139.063,54";"3.476.588,50";"registro de preços para a eventual aquisição de miras optrônicas para atender a demanda da Secretaria Nacional de Segurança Pública e demais órgãos participantes, especificados no Termo de Referência, anexo I do edital de Licitação nº 90036/2024."
"00048/2025";"200331 - SECRETARIA NACIONAL DE SEGURANCA PUBLICA - SENASP";"90036/2024";"15/08/2025";"19/08/2025";"19/08/2027";"";"?eská zbrojovka a.s.";"00001";"PEÇAS / ACESSÓRIOS ARMAMENTO, TIPO 3 MIRA, MATERIAL METAL, APLICAÇÃO ESPINGARDA CALIBRE 12/ PUMP BSA 5T 84/ BOITO";"34346";"34346";"686,90";"23.592.370,44";"registro de preços para a eventual aquisição de miras optrônicas para atender a demanda da Secretaria Nacional de Segurança Pública e demais órgãos participantes, especificados no Termo de Referência, anexo I do edital de Licitação nº 90036/2024."
"00045/2025";"200331 - SECRETARIA NACIONAL DE SEGURANCA PUBLICA - SENASP";"90013/2025";"15/08/2025";"19/08/2025";"19/08/2027";"51.118.112/0001-82";"PEDROSO NEGOCIOS GOVERNAMENTAIS PRODUTOS E SERVICOS LTDA";"00004";"AERONAVES TELEGUIADAS, TIPO AERONAVE REMOTAMENTE PILOTADA (DRONE), QUANTIDADE MOTORES 4 MOTORES, TAMANHO DIAGONAL 400 MM, PESO MÁXIMO 1.200 G, VELOCIDADE ASCENSÃO VERTICAL 8 M/S";"60";"60";"35.473,00";"2.128.380,00";"Registro de preços para a eventual aquisição de apetrechos táticos e de campanha, especificado(s) no(s) item(ns) 1 constante da tabela anexa ao item 1.1 do Termo de Referência, anexo I do edital de Licitação nº 90013/2025"
"00045/2025";"200331 - SECRETARIA NACIONAL DE SEGURANCA PUBLICA - SENASP";"90013/2025";"15/08/2025";"19/08/2025";"19/08/2027";"54.974.490/0001-56";"FSG COMERCIO E CONSULTORIA LICITATORIA LTDA";"00001";"MOCHILA, MATERIAL POLIAMIDA, QUANTIDADE COMPARTIMENTOS 8 UN, APLICAÇÃO RESGATE , ALTURA 40 CM, LARGURA 60 CM, PROFUNDIDADE 28 CM, CARACTERÍSTICAS ADICIONAIS TÉRMICA, FECHAMENTO COM ZÍPER, TIPO ALÇA RESISTENTES";"16451";"16451";"328,00";"5.395.928,00";"Registro de preços para a eventual aquisição de apetrechos táticos e de campanha, especificado(s) no(s) item(ns) 1 constante da tabela anexa ao item 1.1 do Termo de Referência, anexo I do edital de Licitação nº 90013/2025"
"00041/2026";"200331 - SECRETARIA NACIONAL DE SEGURANCA PUBLICA";"1331/2025";"17/08/2026";"18/08/2026";"18/08/2027";"03.817.702/0001-50";"VOLUS INSTITUICAO DE PAGAMENTO LTDA";"00001";"QUEROSENE, USO PARA AVIAÇÃO, TIPO QAV-1";"9166490";"9166490";"9,97";"91.354.155,99";"Registro de Preços para aquisição de veículos Auto Busca Salvamento Médio (ABSM) para atender demanda da Secretaria Nacional de Segurança Pública e demais órgãos participantes"
"00041/2026";"200331 - SECRETARIA NACIONAL DE SEGURANCA PUBLICA";"1331/2025";"17/08/2026";"18/08/2026";"18/08/2027";"03.817.702/0001-50";"VOLUS INSTITUICAO DE PAGAMENTO LTDA";"00002";"Taxa de Administração para serviço de gerenciamento e controle de fornecimento  de combustível de aviação";"21946";"21946";"5,78";"126.847,88";"Registro de Preços para aquisição de veículos Auto Busca Salvamento Médio (ABSM) para atender demanda da Secretaria Nacional de Segurança Pública e demais órgãos participantes"
"00041/2026";"200331 - SECRETARIA NACIONAL DE SEGURANCA PUBLICA";"1331/2025";"17/08/2026";"18/08/2026";"18/08/2027";"46.973.126/0001-43";"SSG SOLUCOES LTDA";"00006";"REDE DE DORMIR, MATERIAL NYLON, TIPO MILITAR, CARACTERÍSTICAS ADICIONAIS MOSQUITEIRO, ZÍPER, CAPTAÇÃO ÁGUA CHUVA, CAMUFLAD A";"6505";"6505";"411,84";"2.679.019,20";"Registro de Preços para aquisição de veículos Auto Busca Salvamento Médio (ABSM) para atender demanda da Secretaria Nacional de Segurança Pública e demais órgãos participantes"
"00041/2026";"200331 - SECRETARIA NACIONAL DE SEGURANCA PUBLICA";"1331/2025";"17/08/2026";"18/08/2026";"18/08/2027";"46.973.126/0001-43";"SSG SOLUCOES LTDA";"00005";"CAMA METÁLICA DOBRÁVEL, MATERIAL ESTRUTURA AÇO, TIPO ESTRADO TECIDO POLIAMIDA, COMPRIMENTO 1,88 M, LARGURA 0,58 M, ALTURA 0,45 M, APLICAÇÃO CAMPANHA, CARACTERÍSTICAS ADICIONAIS DOBRÁVEL PARA ESTOCAGEM E TRANSPORTE";"4433";"4433";"270,00";"1.196.910,00";"Registro de Preços para aquisição de veículos Auto Busca Salvamento Médio (ABSM) para atender demanda da Secretaria Nacional de Segurança Pública e demais órgãos participantes"
"00041/2026";"200331 - SECRETARIA NACIONAL DE SEGURANCA PUBLICA";"1331/2025";"17/08/2026";"18/08/2026";"18/08/2027";"89.422.042/0001-24";"TRIEL-HT INDUSTRIAL E PARTICIPACOES S/A";"00001";"Veículo Especial";"161";"161";"678.800,00";"109.286.800,00";"Registro de Preços para aquisição de veículos Auto Busca Salvamento Médio (ABSM) para atender demanda da Secretaria Nacional de Segurança Pública e demais órgãos participantes"
"00038/2025";"200331 - SECRETARIA NACIONAL DE SEGURANCA PUBLICA - SENASP";"90006/2025";"08/08/2025";"11/08/2025";"10/08/2027";"52.201.456/0001-13";"LEICA DO BRASIL IMPORTACAO E COMERCIO LTDA.";"00001";"MICROSCÓPIO, TIPO DE ANÁLISE ÓTICO, VERTICAL, TIPO BINOCULAR, AUMENTO OCULAR ATÉ 15X, COMPONENTES DIGITAL, AUTOMÁTICO, OUTROS COMPONENTES FOCALIZAÇÃO COAXIAL, COMPATÍVEL C/ FLUORESCÊNCIA, ADICIONAL INCLINAÇÃO ATÉ 30°";"87";"87";"502.978,65";"43.759.142,55";"A presente Ata tem por objeto o registro de preços para a eventual aquisição de comparadores balísticos manuais e equipamento de limpeza ultrassônica para os institutos de perícia, especificados no Termo de Referência, anexo do Edital do Pregão Eletrônico nº 90006/2025, que é parte integrante desta Ata, assim como as propostas cujos preços tenham sido registrados, independentemente de transcrição."
"00038/2025";"200331 - SECRETARIA NACIONAL DE SEGURANCA PUBLICA - SENASP";"90006/2025";"08/08/2025";"11/08/2025";"10/08/2027";"";"ULTRAMAR USA";"00001";"SONAR, COMPRIMENTO 1,20 M, LARGURA 25,80 CM, FAIXA FREQÜÊNCIA 3 A 15 KHZ, TEMPERATURA OPERAÇÃO 5 A 30 °C, PROFUNDIDADE MÁXIMA OPERAÇÃO 50 M";"38";"38";"379.418,34";"14.417.896,92";"A presente Ata tem por objeto o registro de preços para a eventual aquisição de comparadores balísticos manuais e equipamento de limpeza ultrassônica para os institutos de perícia, especificados no Termo de Referência, anexo do Edital do Pregão Eletrônico nº 90006/2025, que é parte integrante desta Ata, assim como as propostas cujos preços tenham sido registrados, independentemente de transcrição."
"00039/2025";"200331 - SECRETARIA NACIONAL DE SEGURANCA PUBLICA - SENASP";"90006/2025";"31/07/2025";"05/08/2025";"05/08/2027";"92.249.150/0001-51";"MITREN - SISTEMAS E MONTAGENS VEICULARES S.A.";"00003";"CAMINHÃO, TIPO PIPA, POTÊNCIA MOTOR 230 CV, MOTOR DIESEL, CAPACIDADE VOLUMÉTRICA 12.000 L";"162";"162";"1.494.198,62";"242.060.176,44";"A presente Ata tem por objeto o registro de preços para a eventual aquisição de comparadores balísticos manuais e equipamento de limpeza ultrassônica para os institutos de perícia, especificados no Termo de Referência, anexo do Edital do Pregão Eletrônico nº 90006/2025, que é parte integrante desta Ata, assim como as propostas cujos preços tenham sido registrados, independentemente de transcrição."
"00039/2025";"200331 - SECRETARIA NACIONAL DE SEGURANCA PUBLICA - SENASP";"90006/2025";"31/07/2025";"05/08/2025";"05/08/2027";"25.462.154/0001-26";"OBJECT COMERCIO DE EQUIPAMENTOS LTDA";"00002";"LAVADORA ULTRASSÔNICA, MODELO HORIZONTAL, DE BANCADA, MATERIAL GABINETE E TAMPA EM POLÍMERO, AJUSTE PAINEL DIGITAL, CAPACIDADE CERCA DE 2 L, TEMPERATURA TEMPERATURA ATÉ 65 °C, ADICIONAL 1 C/ CESTO P/ INSTRUMENTAL, CARACTERÍSTICA ABASTECIMENTO E ESCOAMENTO MANUAL";"185";"185";"2.427,99";"449.178,15";"A presente Ata tem por objeto o registro de preços para a eventual aquisição de comparadores balísticos manuais e equipamento de limpeza ultrassônica para os institutos de perícia, especificados no Termo de Referência, anexo do Edital do Pregão Eletrônico nº 90006/2025, que é parte integrante desta Ata, assim como as propostas cujos preços tenham sido registrados, independentemente de transcrição."
"00039/2025";"200331 - SECRETARIA NACIONAL DE SEGURANCA PUBLICA - SENASP";"90006/2025";"31/07/2025";"05/08/2025";"05/08/2027";"03.871.566/0003-49";"ESCOLA DE AVIACAO CIVIL ASAS ROTATIVAS LTDA";"00001";"Curso / Aperfeiçoamento - Pilotagem de Aeronave";"272";"272";"85.000,00";"23.120.000,00";"A presente Ata tem por objeto o registro de preços para a eventual aquisição de comparadores balísticos manuais e equipamento de limpeza ultrassônica para os institutos de perícia, especificados no Termo de Referência, anexo do Edital do Pregão Eletrônico nº 90006/2025, que é parte integrante desta Ata, assim como as propostas cujos preços tenham sido registrados, independentemente de transcrição."
"00039/2025";"200331 - SECRETARIA NACIONAL DE SEGURANCA PUBLICA - SENASP";"90006/2025";"31/07/2025";"05/08/2025";"05/08/2027";"03.871.566/0003-49";"ESCOLA DE AVIACAO CIVIL ASAS ROTATIVAS LTDA";"00002";"Curso / Aperfeiçoamento - Pilotagem de Aeronave";"280";"280";"135.000,00";"37.800.000,00";"A presente Ata tem por objeto o registro de preços para a eventual aquisição de comparadores balísticos manuais e equipamento de limpeza ultrassônica para os institutos de perícia, especificados no Termo de Referência, anexo do Edital do Pregão Eletrônico nº 90006/2025, que é parte integrante desta Ata, assim como as propostas cujos preços tenham sido registrados, independentemente de transcrição."
"00039/2025";"200331 - SECRETARIA NACIONAL DE SEGURANCA PUBLICA - SENASP";"90006/2025";"31/07/2025";"05/08/2025";"05/08/2027";"03.871.566/0003-49";"ESCOLA DE AVIACAO CIVIL ASAS ROTATIVAS LTDA";"00003";"Curso / Aperfeiçoamento - Pilotagem de Aeronave";"254";"254";"64.989,00";"16.507.206,00";"A presente Ata tem por objeto o registro de preços para a eventual aquisição de comparadores balísticos manuais e equipamento de limpeza ultrassônica para os institutos de perícia, especificados no Termo de Referência, anexo do Edital do Pregão Eletrônico nº 90006/2025, que é parte integrante desta Ata, assim como as propostas cujos preços tenham sido registrados, independentemente de transcrição."
"00039/2025";"200331 - SECRETARIA NACIONAL DE SEGURANCA PUBLICA - SENASP";"90006/2025";"31/07/2025";"05/08/2025";"05/08/2027";"03.622.266/0001-64";"EFAI - ESCOLA DE AVIACAO CIVIL LTDA";"00004";"Curso / Aperfeiçoamento - Pilotagem de Aeronave";"350";"350";"49.740,00";"17.409.000,00";"A presente Ata tem por objeto o registro de preços para a eventual aquisição de comparadores balísticos manuais e equipamento de limpeza ultrassônica para os institutos de perícia, especificados no Termo de Referência, anexo do Edital do Pregão Eletrônico nº 90006/2025, que é parte integrante desta Ata, assim como as propostas cujos preços tenham sido registrados, independentemente de transcrição."
"00047/2025";"200331 - SECRETARIA NACIONAL DE SEGURANCA PUBLICA - SENASP";"90034/2024";"31/07/2025";"04/08/2025";"04/08/2027";"57.494.031/0001-63";"COMPANHIA BRASILEIRA DE CARTUCHOS";"00001";"Projetil E Componentes Munição Até 30mm Nome: Projetil E Componentes Munição Até 30mm: Munição 9mm Luger Treina EOOG 124gr NTA.";"1888000";"1888000";"2,41";"4.550.080,00";"A presente Ata tem por objeto o registro de preços para a eventual aquisição de equipamentos de controle de distúrbios civis (CDC), especificada no item 3, constante(s) da tabela anexa ao item 1.1 do Termo de Referência (29988158), anexo I do edital de Licitação nº 90034/2024 (30013155) que é parte integrante desta Ata, assim como a proposta cujo preço tenha sido registrado (32080222), independentemente de transcrição."
"00047/2025";"200331 - SECRETARIA NACIONAL DE SEGURANCA PUBLICA - SENASP";"90034/2024";"31/07/2025";"04/08/2025";"04/08/2027";"57.494.031/0001-63";"COMPANHIA BRASILEIRA DE CARTUCHOS";"00003";"Projetil E Componentes Munição Até 30mm Nome: Projetil E Componentes Munição Até 30mm: Munição 9mm Luger Treina EOOG 124gr NTA.";"3168000";"3168000";"2,57";"8.141.760,00";"A presente Ata tem por objeto o registro de preços para a eventual aquisição de equipamentos de controle de distúrbios civis (CDC), especificada no item 3, constante(s) da tabela anexa ao item 1.1 do Termo de Referência (29988158), anexo I do edital de Licitação nº 90034/2024 (30013155) que é parte integrante desta Ata, assim como a proposta cujo preço tenha sido registrado (32080222), independentemente de transcrição."
"00047/2025";"200331 - SECRETARIA NACIONAL DE SEGURANCA PUBLICA - SENASP";"90034/2024";"31/07/2025";"04/08/2025";"04/08/2027";"57.494.031/0001-63";"COMPANHIA BRASILEIRA DE CARTUCHOS";"00005";"Projetil E Componentes Munição Até 30mm Nome: Projetil E Componentes Munição Até 30mm: Munição 9mm Luger Treina EOOG 124gr NTA.";"351000";"351000";"2,82";"989.820,00";"A presente Ata tem por objeto o registro de preços para a eventual aquisição de equipamentos de controle de distúrbios civis (CDC), especificada no item 3, constante(s) da tabela anexa ao item 1.1 do Termo de Referência (29988158), anexo I do edital de Licitação nº 90034/2024 (30013155) que é parte integrante desta Ata, assim como a proposta cujo preço tenha sido registrado (32080222), independentemente de transcrição."
"00047/2025";"200331 - SECRETARIA NACIONAL DE SEGURANCA PUBLICA - SENASP";"90034/2024";"31/07/2025";"04/08/2025";"04/08/2027";"57.494.031/0001-63";"COMPANHIA BRASILEIRA DE CARTUCHOS";"00007";"Projetil E Componentes Munição Até 30mm Nome: Projetil E Componentes Munição Até 30mm: Munição 9mm Luger Treina EOOG 124gr NTA.";"670000";"670000";"3,16";"2.117.200,00";"A presente Ata tem por objeto o registro de preços para a eventual aquisição de equipamentos de controle de distúrbios civis (CDC), especificada no item 3, constante(s) da tabela anexa ao item 1.1 do Termo de Referência (29988158), anexo I do edital de Licitação nº 90034/2024 (30013155) que é parte integrante desta Ata, assim como a proposta cujo preço tenha sido registrado (32080222), independentemente de transcrição."
"00047/2025";"200331 - SECRETARIA NACIONAL DE SEGURANCA PUBLICA - SENASP";"90034/2024";"31/07/2025";"04/08/2025";"04/08/2027";"57.494.031/0001-63";"COMPANHIA BRASILEIRA DE CARTUCHOS";"00009";"Projetil E Componentes Munição Até 30mm Nome: Projetil E Componentes Munição Até 30mm: Munição 9mm Luger Treina EOOG 124gr NTA.";"1403000";"1403000";"3,24";"4.545.720,00";"A presente Ata tem por objeto o registro de preços para a eventual aquisição de equipamentos de controle de distúrbios civis (CDC), especificada no item 3, constante(s) da tabela anexa ao item 1.1 do Termo de Referência (29988158), anexo I do edital de Licitação nº 90034/2024 (30013155) que é parte integrante desta Ata, assim como a proposta cujo preço tenha sido registrado (32080222), independentemente de transcrição."
"00047/2025";"200331 - SECRETARIA NACIONAL DE SEGURANCA PUBLICA - SENASP";"90034/2024";"31/07/2025";"04/08/2025";"04/08/2027";"57.494.031/0001-63";"COMPANHIA BRASILEIRA DE CARTUCHOS";"00011";"Projetil E Componentes Munição Até 30mm Nome: Projetil E Componentes Munição Até 30mm: Munição 9mm Luger Treina EOOG 124gr NTA.";"612000";"612000";"3,32";"2.031.840,00";"A presente Ata tem por objeto o registro de preços para a eventual aquisição de equipamentos de controle de distúrbios civis (CDC), especificada no item 3, constante(s) da tabela anexa ao item 1.1 do Termo de Referência (29988158), anexo I do edital de Licitação nº 90034/2024 (30013155) que é parte integrante desta Ata, assim como a proposta cujo preço tenha sido registrado (32080222), independentemente de transcrição."
"00047/2025";"200331 - SECRETARIA NACIONAL DE SEGURANCA PUBLICA - SENASP";"90034/2024";"31/07/2025";"04/08/2025";"04/08/2027";"57.494.031/0001-63";"COMPANHIA BRASILEIRA DE CARTUCHOS";"00013";"Projetil E Componentes Munição Até 30mm Nome: Projetil E Componentes Munição Até 30mm: Munição 9mm Luger ETOG 124gr.";"453000";"453000";"2,11";"955.830,00";"A presente Ata tem por objeto o registro de preços para a eventual aquisição de equipamentos de controle de distúrbios civis (CDC), especificada no item 3, constante(s) da tabela anexa ao item 1.1 do Termo de Referência (29988158), anexo I do edital de Licitação nº 90034/2024 (30013155) que é parte integrante desta Ata, assim como a proposta cujo preço tenha sido registrado (32080222), independentemente de transcrição."
"00047/2025";"200331 - SECRETARIA NACIONAL DE SEGURANCA PUBLICA - SENASP";"90034/2024";"31/07/2025";"04/08/2025";"04/08/2027";"57.494.031/0001-63";"COMPANHIA BRASILEIRA DE CARTUCHOS";"00015";"Projetil E Componentes Munição Até 30mm Nome: Projetil E Componentes Munição Até 30mm: Munição 9mm Luger ETOG 124gr.";"694000";"694000";"2,24";"1.554.560,00";"A presente Ata tem por objeto o registro de preços para a eventual aquisição de equipamentos de controle de distúrbios civis (CDC), especificada no item 3, constante(s) da tabela anexa ao item 1.1 do Termo de Referência (29988158), anexo I do edital de Licitação nº 90034/2024 (30013155) que é parte integrante desta Ata, assim como a proposta cujo preço tenha sido registrado (32080222), independentemente de transcrição."
"00047/2025";"200331 - SECRETARIA NACIONAL DE SEGURANCA PUBLICA - SENASP";"90034/2024";"31/07/2025";"04/08/2025";"04/08/2027";"57.494.031/0001-63";"COMPANHIA BRASILEIRA DE CARTUCHOS";"00017";"Projetil E Componentes Munição Até 30mm Nome: Projetil E Componentes Munição Até 30mm: Munição 9mm Luger ETOG 124gr.";"271000";"271000";"2,46";"666.660,00";"A presente Ata tem por objeto o registro de preços para a eventual aquisição de equipamentos de controle de distúrbios civis (CDC), especificada no item 3, constante(s) da tabela anexa ao item 1.1 do Termo de Referência (29988158), anexo I do edital de Licitação nº 90034/2024 (30013155) que é parte integrante desta Ata, assim como a proposta cujo preço tenha sido registrado (32080222), independentemente de transcrição."
"00047/2025";"200331 - SECRETARIA NACIONAL DE SEGURANCA PUBLICA - SENASP";"90034/2024";"31/07/2025";"04/08/2025";"04/08/2027";"57.494.031/0001-63";"COMPANHIA BRASILEIRA DE CARTUCHOS";"00019";"Projetil E Componentes Munição Até 30mm Nome: Projetil E Componentes Munição Até 30mm: Munição 9mm Luger ETOG 124gr.";"446000";"446000";"2,86";"1.275.560,00";"A presente Ata tem por objeto o registro de preços para a eventual aquisição de equipamentos de controle de distúrbios civis (CDC), especificada no item 3, constante(s) da tabela anexa ao item 1.1 do Termo de Referência (29988158), anexo I do edital de Licitação nº 90034/2024 (30013155) que é parte integrante desta Ata, assim como a proposta cujo preço tenha sido registrado (32080222), independentemente de transcrição."
"00047/2025";"200331 - SECRETARIA NACIONAL DE SEGURANCA PUBLICA - SENASP";"90034/2024";"31/07/2025";"04/08/2025";"04/08/2027";"57.494.031/0001-63";"COMPANHIA BRASILEIRA DE CARTUCHOS";"00021";"Projetil E Componentes Munição Até 30mm Nome: Projetil E Componentes Munição Até 30mm: Munição 9mm Luger ETOG 124gr.";"340000";"340000";"2,95";"1.003.000,00";"A presente Ata tem por objeto o registro de preços para a eventual aquisição de equipamentos de controle de distúrbios civis (CDC), especificada no item 3, constante(s) da tabela anexa ao item 1.1 do Termo de Referência (29988158), anexo I do edital de Licitação nº 90034/2024 (30013155) que é parte integrante desta Ata, assim como a proposta cujo preço tenha sido registrado (32080222), independentemente de transcrição."
"00047/2025";"200331 - SECRETARIA NACIONAL DE SEGURANCA PUBLICA - SENASP";"90034/2024";"31/07/2025";"04/08/2025";"04/08/2027";"57.494.031/0001-63";"COMPANHIA BRASILEIRA DE CARTUCHOS";"00023";"Projetil E Componentes Munição Até 30mm Nome: Projetil E Componentes Munição Até 30mm: Munição Bonded 9mm Luger EXPO +P 147gr.";"1198000";"1198000";"4,05";"4.851.900,00";"A presente Ata tem por objeto o registro de preços para a eventual aquisição de equipamentos de controle de distúrbios civis (CDC), especificada no item 3, constante(s) da tabela anexa ao item 1.1 do Termo de Referência (29988158), anexo I do edital de Licitação nº 90034/2024 (30013155) que é parte integrante desta Ata, assim como a proposta cujo preço tenha sido registrado (32080222), independentemente de transcrição."
"00047/2025";"200331 - SECRETARIA NACIONAL DE SEGURANCA PUBLICA - SENASP";"90034/2024";"31/07/2025";"04/08/2025";"04/08/2027";"57.494.031/0001-63";"COMPANHIA BRASILEIRA DE CARTUCHOS";"00025";"Projetil E Componentes Munição Até 30mm Nome: Projetil E Componentes Munição Até 30mm: Munição Bonded 9mm Luger EXPO +P 147gr.";"401000";"401000";"4,31";"1.728.310,00";"A presente Ata tem por objeto o registro de preços para a eventual aquisição de equipamentos de controle de distúrbios civis (CDC), especificada no item 3, constante(s) da tabela anexa ao item 1.1 do Termo de Referência (29988158), anexo I do edital de Licitação nº 90034/2024 (30013155) que é parte integrante desta Ata, assim como a proposta cujo preço tenha sido registrado (32080222), independentemente de transcrição."
"00047/2025";"200331 - SECRETARIA NACIONAL DE SEGURANCA PUBLICA - SENASP";"90034/2024";"31/07/2025";"04/08/2025";"04/08/2027";"57.494.031/0001-63";"COMPANHIA BRASILEIRA DE CARTUCHOS";"00027";"Projetil E Componentes Munição Até 30mm Nome: Projetil E Componentes Munição Até 30mm: Munição Bonded 9mm Luger EXPO +P 147gr.";"2941000";"2941000";"5,04";"14.822.640,00";"A presente Ata tem por objeto o registro de preços para a eventual aquisição de equipamentos de controle de distúrbios civis (CDC), especificada no item 3, constante(s) da tabela anexa ao item 1.1 do Termo de Referência (29988158), anexo I do edital de Licitação nº 90034/2024 (30013155) que é parte integrante desta Ata, assim como a proposta cujo preço tenha sido registrado (32080222), independentemente de transcrição."
"00047/2025";"200331 - SECRETARIA NACIONAL DE SEGURANCA PUBLICA - SENASP";"90034/2024";"31/07/2025";"04/08/2025";"04/08/2027";"57.494.031/0001-63";"COMPANHIA BRASILEIRA DE CARTUCHOS";"00029";"Projetil E Componentes Munição Até 30mm Nome: Projetil E Componentes Munição Até 30mm";"800000";"800000";"5,28";"4.224.000,00";"A presente Ata tem por objeto o registro de preços para a eventual aquisição de equipamentos de controle de distúrbios civis (CDC), especificada no item 3, constante(s) da tabela anexa ao item 1.1 do Termo de Referência (29988158), anexo I do edital de Licitação nº 90034/2024 (30013155) que é parte integrante desta Ata, assim como a proposta cujo preço tenha sido registrado (32080222), independentemente de transcrição."
"00047/2025";"200331 - SECRETARIA NACIONAL DE SEGURANCA PUBLICA - SENASP";"90034/2024";"31/07/2025";"04/08/2025";"04/08/2027";"57.494.031/0001-63";"COMPANHIA BRASILEIRA DE CARTUCHOS";"00031";"Projetil E Componentes Munição Até 30mm Nome: Projetil E Componentes Munição Até 30mm: Munição Bonded 9mm Luger EXPO +P 147gr";"1726000";"1726000";"5,36";"9.251.360,00";"A presente Ata tem por objeto o registro de preços para a eventual aquisição de equipamentos de controle de distúrbios civis (CDC), especificada no item 3, constante(s) da tabela anexa ao item 1.1 do Termo de Referência (29988158), anexo I do edital de Licitação nº 90034/2024 (30013155) que é parte integrante desta Ata, assim como a proposta cujo preço tenha sido registrado (32080222), independentemente de transcrição."
"00047/2025";"200331 - SECRETARIA NACIONAL DE SEGURANCA PUBLICA - SENASP";"90034/2024";"31/07/2025";"04/08/2025";"04/08/2027";"57.494.031/0001-63";"COMPANHIA BRASILEIRA DE CARTUCHOS";"00033";"Projetil E Componentes Munição Até 30mm Nome: Projetil E Componentes Munição Até 30mm: Munição Bonded 9mm Luger EXPO +P 147gr.";"343000";"343000";"5,54";"1.900.220,00";"A presente Ata tem por objeto o registro de preços para a eventual aquisição de equipamentos de controle de distúrbios civis (CDC), especificada no item 3, constante(s) da tabela anexa ao item 1.1 do Termo de Referência (29988158), anexo I do edital de Licitação nº 90034/2024 (30013155) que é parte integrante desta Ata, assim como a proposta cujo preço tenha sido registrado (32080222), independentemente de transcrição."
"00047/2025";"200331 - SECRETARIA NACIONAL DE SEGURANCA PUBLICA - SENASP";"90034/2024";"31/07/2025";"04/08/2025";"04/08/2027";"57.494.031/0001-63";"COMPANHIA BRASILEIRA DE CARTUCHOS";"00035";"Projétil Munição Arma Fogo Material: Chumbo , Calibre: .40 , Tipo: Ogival , Peso: 180 G";"130000";"130000";"2,76";"358.800,00";"A presente Ata tem por objeto o registro de preços para a eventual aquisição de equipamentos de controle de distúrbios civis (CDC), especificada no item 3, constante(s) da tabela anexa ao item 1.1 do Termo de Referência (29988158), anexo I do edital de Licitação nº 90034/2024 (30013155) que é parte integrante desta Ata, assim como a proposta cujo preço tenha sido registrado (32080222), independentemente de transcrição."
"00047/2025";"200331 - SECRETARIA NACIONAL DE SEGURANCA PUBLICA - SENASP";"90034/2024";"31/07/2025";"04/08/2025";"04/08/2027";"57.494.031/0001-63";"COMPANHIA BRASILEIRA DE CARTUCHOS";"00037";"Projétil Munição Arma Fogo Material: Chumbo , Calibre: .40 , Tipo: Ogival , Peso: 180 G";"2220000";"2220000";"2,94";"6.526.800,00";"A presente Ata tem por objeto o registro de preços para a eventual aquisição de equipamentos de controle de distúrbios civis (CDC), especificada no item 3, constante(s) da tabela anexa ao item 1.1 do Termo de Referência (29988158), anexo I do edital de Licitação nº 90034/2024 (30013155) que é parte integrante desta Ata, assim como a proposta cujo preço tenha sido registrado (32080222), independentemente de transcrição."
"00047/2025";"200331 - SECRETARIA NACIONAL DE SEGURANCA PUBLICA - SENASP";"90034/2024";"31/07/2025";"04/08/2025";"04/08/2027";"57.494.031/0001-63";"COMPANHIA BRASILEIRA DE CARTUCHOS";"00039";"Projétil Munição Arma Fogo Material: Chumbo , Calibre: .40 , Tipo: Ogival , Peso: 180 G";"1583000";"1583000";"3,44";"5.445.520,00";"A presente Ata tem por objeto o registro de preços para a eventual aquisição de equipamentos de controle de distúrbios civis (CDC), especificada no item 3, constante(s) da tabela anexa ao item 1.1 do Termo de Referência (29988158), anexo I do edital de Licitação nº 90034/2024 (30013155) que é parte integrante desta Ata, assim como a proposta cujo preço tenha sido registrado (32080222), independentemente de transcrição."
"00047/2025";"200331 - SECRETARIA NACIONAL DE SEGURANCA PUBLICA - SENASP";"90034/2024";"31/07/2025";"04/08/2025";"04/08/2027";"57.494.031/0001-63";"COMPANHIA BRASILEIRA DE CARTUCHOS";"00041";"Projétil Munição Arma Fogo Material: Chumbo , Calibre: .40 , Tipo: Ogival , Peso: 180 G";"115000";"115000";"3,60";"414.000,00";"A presente Ata tem por objeto o registro de preços para a eventual aquisição de equipamentos de controle de distúrbios civis (CDC), especificada no item 3, constante(s) da tabela anexa ao item 1.1 do Termo de Referência (29988158), anexo I do edital de Licitação nº 90034/2024 (30013155) que é parte integrante desta Ata, assim como a proposta cujo preço tenha sido registrado (32080222), independentemente de transcrição."
"00047/2025";"200331 - SECRETARIA NACIONAL DE SEGURANCA PUBLICA - SENASP";"90034/2024";"31/07/2025";"04/08/2025";"04/08/2027";"57.494.031/0001-63";"COMPANHIA BRASILEIRA DE CARTUCHOS";"00043";"Projétil Munição Arma Fogo Material: Chumbo , Calibre: .40 , Tipo: Ogival , Peso: 180 G";"822000";"822000";"3,72";"3.057.840,00";"A presente Ata tem por objeto o registro de preços para a eventual aquisição de equipamentos de controle de distúrbios civis (CDC), especificada no item 3, constante(s) da tabela anexa ao item 1.1 do Termo de Referência (29988158), anexo I do edital de Licitação nº 90034/2024 (30013155) que é parte integrante desta Ata, assim como a proposta cujo preço tenha sido registrado (32080222), independentemente de transcrição."
"00047/2025";"200331 - SECRETARIA NACIONAL DE SEGURANCA PUBLICA - SENASP";"90034/2024";"31/07/2025";"04/08/2025";"04/08/2027";"57.494.031/0001-63";"COMPANHIA BRASILEIRA DE CARTUCHOS";"00045";"Projetil E Componentes Munição Até 30mm Nome: Projetil E Componentes Munição Até 30mm: Munição Bonded .40 S&W EXPO 180gr";"802000";"802000";"4,53";"3.633.060,00";"A presente Ata tem por objeto o registro de preços para a eventual aquisição de equipamentos de controle de distúrbios civis (CDC), especificada no item 3, constante(s) da tabela anexa ao item 1.1 do Termo de Referência (29988158), anexo I do edital de Licitação nº 90034/2024 (30013155) que é parte integrante desta Ata, assim como a proposta cujo preço tenha sido registrado (32080222), independentemente de transcrição."
"00047/2025";"200331 - SECRETARIA NACIONAL DE SEGURANCA PUBLICA - SENASP";"90034/2024";"31/07/2025";"04/08/2025";"04/08/2027";"57.494.031/0001-63";"COMPANHIA BRASILEIRA DE CARTUCHOS";"00047";"Projetil E Componentes Munição Até 30mm Nome: Projetil E Componentes Munição Até 30mm: Munição Bonded .40 S&W EXPO 180gr";"580000";"580000";"4,81";"2.789.800,00";"A presente Ata tem por objeto o registro de preços para a eventual aquisição de equipamentos de controle de distúrbios civis (CDC), especificada no item 3, constante(s) da tabela anexa ao item 1.1 do Termo de Referência (29988158), anexo I do edital de Licitação nº 90034/2024 (30013155) que é parte integrante desta Ata, assim como a proposta cujo preço tenha sido registrado (32080222), independentemente de transcrição."
"00047/2025";"200331 - SECRETARIA NACIONAL DE SEGURANCA PUBLICA - SENASP";"90034/2024";"31/07/2025";"04/08/2025";"04/08/2027";"57.494.031/0001-63";"COMPANHIA BRASILEIRA DE CARTUCHOS";"00049";"Projetil E Componentes Munição Até 30mm Nome: Projetil E Componentes Munição Até 30mm: Munição Bonded .40 S&W EXPO 180gr.";"45000";"45000";"5,29";"238.050,00";"A presente Ata tem por objeto o registro de preços para a eventual aquisição de equipamentos de controle de distúrbios civis (CDC), especificada no item 3, constante(s) da tabela anexa ao item 1.1 do Termo de Referência (29988158), anexo I do edital de Licitação nº 90034/2024 (30013155) que é parte integrante desta Ata, assim como a proposta cujo preço tenha sido registrado (32080222), independentemente de transcrição."
"00047/2025";"200331 - SECRETARIA NACIONAL DE SEGURANCA PUBLICA - SENASP";"90034/2024";"31/07/2025";"04/08/2025";"04/08/2027";"57.494.031/0001-63";"COMPANHIA BRASILEIRA DE CARTUCHOS";"00051";"Projetil E Componentes Munição Até 30mm Nome: Projetil E Componentes Munição Até 30mm: Munição Bonded .40 S&W EXPO 180gr.";"254000";"254000";"5,95";"1.511.300,00";"A presente Ata tem por objeto o registro de preços para a eventual aquisição de equipamentos de controle de distúrbios civis (CDC), especificada no item 3, constante(s) da tabela anexa ao item 1.1 do Termo de Referência (29988158), anexo I do edital de Licitação nº 90034/2024 (30013155) que é parte integrante desta Ata, assim como a proposta cujo preço tenha sido registrado (32080222), independentemente de transcrição."
"00047/2025";"200331 - SECRETARIA NACIONAL DE SEGURANCA PUBLICA - SENASP";"90034/2024";"31/07/2025";"04/08/2025";"04/08/2027";"57.494.031/0001-63";"COMPANHIA BRASILEIRA DE CARTUCHOS";"00053";"Projetil E Componentes Munição Até 30mm Nome: Projetil E Componentes Munição Até 30mm: Munição Bonded .40 S&W EXPO 180gr.";"1403000";"1403000";"6,10";"8.558.300,00";"A presente Ata tem por objeto o registro de preços para a eventual aquisição de equipamentos de controle de distúrbios civis (CDC), especificada no item 3, constante(s) da tabela anexa ao item 1.1 do Termo de Referência (29988158), anexo I do edital de Licitação nº 90034/2024 (30013155) que é parte integrante desta Ata, assim como a proposta cujo preço tenha sido registrado (32080222), independentemente de transcrição."
"00047/2025";"200331 - SECRETARIA NACIONAL DE SEGURANCA PUBLICA - SENASP";"90034/2024";"31/07/2025";"04/08/2025";"04/08/2027";"57.494.031/0001-63";"COMPANHIA BRASILEIRA DE CARTUCHOS";"00055";"Projetil E Componentes Munição Até 30mm Nome: Projetil E Componentes Munição Até 30mm: Munição Bonded .40 S&W EXPO 180gr.";"1204000";"1204000";"6,24";"7.512.960,00";"A presente Ata tem por objeto o registro de preços para a eventual aquisição de equipamentos de controle de distúrbios civis (CDC), especificada no item 3, constante(s) da tabela anexa ao item 1.1 do Termo de Referência (29988158), anexo I do edital de Licitação nº 90034/2024 (30013155) que é parte integrante desta Ata, assim como a proposta cujo preço tenha sido registrado (32080222), independentemente de transcrição."
"00047/2025";"200331 - SECRETARIA NACIONAL DE SEGURANCA PUBLICA - SENASP";"90034/2024";"31/07/2025";"04/08/2025";"04/08/2027";"57.494.031/0001-63";"COMPANHIA BRASILEIRA DE CARTUCHOS";"00057";"Projétil Munição Arma Fogo Material: Chumbo , Calibre: 5.56 X 45 MM, Tipo: Comum , Peso: 55 GR, Aplicação: Fuzil E Metralhadora";"398000";"398000";"3,23";"1.285.540,00";"A presente Ata tem por objeto o registro de preços para a eventual aquisição de equipamentos de controle de distúrbios civis (CDC), especificada no item 3, constante(s) da tabela anexa ao item 1.1 do Termo de Referência (29988158), anexo I do edital de Licitação nº 90034/2024 (30013155) que é parte integrante desta Ata, assim como a proposta cujo preço tenha sido registrado (32080222), independentemente de transcrição."
"00047/2025";"200331 - SECRETARIA NACIONAL DE SEGURANCA PUBLICA - SENASP";"90034/2024";"31/07/2025";"04/08/2025";"04/08/2027";"57.494.031/0001-63";"COMPANHIA BRASILEIRA DE CARTUCHOS";"00059";"Projétil Munição Arma Fogo Material: Chumbo , Calibre: 5.56 X 45 MM, Tipo: Comum , Peso: 55 GR, Aplicação: Fuzil E Metralhadora";"1456000";"1456000";"3,43";"4.994.080,00";"A presente Ata tem por objeto o registro de preços para a eventual aquisição de equipamentos de controle de distúrbios civis (CDC), especificada no item 3, constante(s) da tabela anexa ao item 1.1 do Termo de Referência (29988158), anexo I do edital de Licitação nº 90034/2024 (30013155) que é parte integrante desta Ata, assim como a proposta cujo preço tenha sido registrado (32080222), independentemente de transcrição."
"00047/2025";"200331 - SECRETARIA NACIONAL DE SEGURANCA PUBLICA - SENASP";"90034/2024";"31/07/2025";"04/08/2025";"04/08/2027";"57.494.031/0001-63";"COMPANHIA BRASILEIRA DE CARTUCHOS";"00061";"Projétil Munição Arma Fogo Material: Chumbo , Calibre: 5.56 X 45 MM, Tipo: Comum , Peso: 55 GR, Aplicação: Fuzil E Metralhadora";"332000";"332000";"3,76";"1.248.320,00";"A presente Ata tem por objeto o registro de preços para a eventual aquisição de equipamentos de controle de distúrbios civis (CDC), especificada no item 3, constante(s) da tabela anexa ao item 1.1 do Termo de Referência (29988158), anexo I do edital de Licitação nº 90034/2024 (30013155) que é parte integrante desta Ata, assim como a proposta cujo preço tenha sido registrado (32080222), independentemente de transcrição."
"00047/2025";"200331 - SECRETARIA NACIONAL DE SEGURANCA PUBLICA - SENASP";"90034/2024";"31/07/2025";"04/08/2025";"04/08/2027";"57.494.031/0001-63";"COMPANHIA BRASILEIRA DE CARTUCHOS";"00063";"Projétil Munição Arma Fogo Material: Chumbo , Calibre: 5.56 X 45 MM, Tipo: Comum , Peso: 55 GR, Aplicação: Fuzil E Metralhadora";"604000";"604000";"4,24";"2.560.960,00";"A presente Ata tem por objeto o registro de preços para a eventual aquisição de equipamentos de controle de distúrbios civis (CDC), especificada no item 3, constante(s) da tabela anexa ao item 1.1 do Termo de Referência (29988158), anexo I do edital de Licitação nº 90034/2024 (30013155) que é parte integrante desta Ata, assim como a proposta cujo preço tenha sido registrado (32080222), independentemente de transcrição."
"00047/2025";"200331 - SECRETARIA NACIONAL DE SEGURANCA PUBLICA - SENASP";"90034/2024";"31/07/2025";"04/08/2025";"04/08/2027";"57.494.031/0001-63";"COMPANHIA BRASILEIRA DE CARTUCHOS";"00065";"Projétil Munição Arma Fogo Material: Chumbo , Calibre: 5.56 X 45 MM, Tipo: Comum , Peso: 55 GR, Aplicação: Fuzil E Metralhadora";"1782000";"1782000";"4,34";"7.733.880,00";"A presente Ata tem por objeto o registro de preços para a eventual aquisição de equipamentos de controle de distúrbios civis (CDC), especificada no item 3, constante(s) da tabela anexa ao item 1.1 do Termo de Referência (29988158), anexo I do edital de Licitação nº 90034/2024 (30013155) que é parte integrante desta Ata, assim como a proposta cujo preço tenha sido registrado (32080222), independentemente de transcrição."
"00047/2025";"200331 - SECRETARIA NACIONAL DE SEGURANCA PUBLICA - SENASP";"90034/2024";"31/07/2025";"04/08/2025";"04/08/2027";"57.494.031/0001-63";"COMPANHIA BRASILEIRA DE CARTUCHOS";"00067";"Projétil Munição Arma Fogo Material: Chumbo , Calibre: 5.56 X 45 MM, Tipo: Comum , Peso: 55 GR, Aplicação: Fuzil E Metralhadora";"278000";"278000";"4,45";"1.237.100,00";"A presente Ata tem por objeto o registro de preços para a eventual aquisição de equipamentos de controle de distúrbios civis (CDC), especificada no item 3, constante(s) da tabela anexa ao item 1.1 do Termo de Referência (29988158), anexo I do edital de Licitação nº 90034/2024 (30013155) que é parte integrante desta Ata, assim como a proposta cujo preço tenha sido registrado (32080222), independentemente de transcrição."
"00047/2025";"200331 - SECRETARIA NACIONAL DE SEGURANCA PUBLICA - SENASP";"90034/2024";"31/07/2025";"04/08/2025";"04/08/2027";"57.494.031/0001-63";"COMPANHIA BRASILEIRA DE CARTUCHOS";"00069";"Projétil Munição Arma Fogo Material: Chumbo , Calibre: 7,62 X 51 , Tipo: Comum , Aplicação: Fuzil";"235000";"235000";"4,18";"982.300,00";"A presente Ata tem por objeto o registro de preços para a eventual aquisição de equipamentos de controle de distúrbios civis (CDC), especificada no item 3, constante(s) da tabela anexa ao item 1.1 do Termo de Referência (29988158), anexo I do edital de Licitação nº 90034/2024 (30013155) que é parte integrante desta Ata, assim como a proposta cujo preço tenha sido registrado (32080222), independentemente de transcrição."
"00047/2025";"200331 - SECRETARIA NACIONAL DE SEGURANCA PUBLICA - SENASP";"90034/2024";"31/07/2025";"04/08/2025";"04/08/2027";"57.494.031/0001-63";"COMPANHIA BRASILEIRA DE CARTUCHOS";"00071";"Projétil Munição Arma Fogo Material: Chumbo , Calibre: 7,62 X 51 , Tipo: Comum , Aplicação: Fuzil";"583000";"583000";"4,45";"2.594.350,00";"A presente Ata tem por objeto o registro de preços para a eventual aquisição de equipamentos de controle de distúrbios civis (CDC), especificada no item 3, constante(s) da tabela anexa ao item 1.1 do Termo de Referência (29988158), anexo I do edital de Licitação nº 90034/2024 (30013155) que é parte integrante desta Ata, assim como a proposta cujo preço tenha sido registrado (32080222), independentemente de transcrição."
"00047/2025";"200331 - SECRETARIA NACIONAL DE SEGURANCA PUBLICA - SENASP";"90034/2024";"31/07/2025";"04/08/2025";"04/08/2027";"57.494.031/0001-63";"COMPANHIA BRASILEIRA DE CARTUCHOS";"00073";"Projétil Munição Arma Fogo Material: Chumbo , Calibre: 7,62 X 51 , Tipo: Comum , Aplicação: Fuzil";"271000";"271000";"4,88";"1.322.480,00";"A presente Ata tem por objeto o registro de preços para a eventual aquisição de equipamentos de controle de distúrbios civis (CDC), especificada no item 3, constante(s) da tabela anexa ao item 1.1 do Termo de Referência (29988158), anexo I do edital de Licitação nº 90034/2024 (30013155) que é parte integrante desta Ata, assim como a proposta cujo preço tenha sido registrado (32080222), independentemente de transcrição."
"00047/2025";"200331 - SECRETARIA NACIONAL DE SEGURANCA PUBLICA - SENASP";"90034/2024";"31/07/2025";"04/08/2025";"04/08/2027";"57.494.031/0001-63";"COMPANHIA BRASILEIRA DE CARTUCHOS";"00002";"Projetil E Componentes Munição Até 30mm Nome: Projetil E Componentes Munição Até 30mm";"1398000";"1398000";"2,47";"3.453.060,00";"A presente Ata tem por objeto o registro de preços para a eventual aquisição de equipamentos de controle de distúrbios civis (CDC), especificada no item 3, constante(s) da tabela anexa ao item 1.1 do Termo de Referência (29988158), anexo I do edital de Licitação nº 90034/2024 (30013155) que é parte integrante desta Ata, assim como a proposta cujo preço tenha sido registrado (32080222), independentemente de transcrição."
"00047/2025";"200331 - SECRETARIA NACIONAL DE SEGURANCA PUBLICA - SENASP";"90034/2024";"31/07/2025";"04/08/2025";"04/08/2027";"57.494.031/0001-63";"COMPANHIA BRASILEIRA DE CARTUCHOS";"00004";"Projetil E Componentes Munição Até 30mm Nome: Projetil E Componentes Munição Até 30mm: Munição 9mm Luger Treina EOOG 124gr NTA.";"1000";"1000";"2,63";"2.630,00";"A presente Ata tem por objeto o registro de preços para a eventual aquisição de equipamentos de controle de distúrbios civis (CDC), especificada no item 3, constante(s) da tabela anexa ao item 1.1 do Termo de Referência (29988158), anexo I do edital de Licitação nº 90034/2024 (30013155) que é parte integrante desta Ata, assim como a proposta cujo preço tenha sido registrado (32080222), independentemente de transcrição."
"00047/2025";"200331 - SECRETARIA NACIONAL DE SEGURANCA PUBLICA - SENASP";"90034/2024";"31/07/2025";"04/08/2025";"04/08/2027";"57.494.031/0001-63";"COMPANHIA BRASILEIRA DE CARTUCHOS";"00006";"Projetil E Componentes Munição Até 30mm Nome: Projetil E Componentes Munição Até 30mm: Munição 9mm Luger Treina EOOG 124gr NTA.";"1978000";"1978000";"3,07";"6.072.460,00";"A presente Ata tem por objeto o registro de preços para a eventual aquisição de equipamentos de controle de distúrbios civis (CDC), especificada no item 3, constante(s) da tabela anexa ao item 1.1 do Termo de Referência (29988158), anexo I do edital de Licitação nº 90034/2024 (30013155) que é parte integrante desta Ata, assim como a proposta cujo preço tenha sido registrado (32080222), independentemente de transcrição."
"00047/2025";"200331 - SECRETARIA NACIONAL DE SEGURANCA PUBLICA - SENASP";"90034/2024";"31/07/2025";"04/08/2025";"04/08/2027";"57.494.031/0001-63";"COMPANHIA BRASILEIRA DE CARTUCHOS";"00008";"Projetil E Componentes Munição Até 30mm Nome: Projetil E Componentes Munição Até 30mm: Munição 9mm Luger Treina EOOG 124gr NTA.";"60000";"60000";"3,22";"193.200,00";"A presente Ata tem por objeto o registro de preços para a eventual aquisição de equipamentos de controle de distúrbios civis (CDC), especificada no item 3, constante(s) da tabela anexa ao item 1.1 do Termo de Referência (29988158), anexo I do edital de Licitação nº 90034/2024 (30013155) que é parte integrante desta Ata, assim como a proposta cujo preço tenha sido registrado (32080222), independentemente de transcrição."
"00047/2025";"200331 - SECRETARIA NACIONAL DE SEGURANCA PUBLICA - SENASP";"90034/2024";"31/07/2025";"04/08/2025";"04/08/2027";"57.494.031/0001-63";"COMPANHIA BRASILEIRA DE CARTUCHOS";"00010";"Projetil E Componentes Munição Até 30mm Nome: Projetil E Componentes Munição Até 30mm: Munição 9mm Luger Treina EOOG 124gr NTA.";"2109000";"2109000";"3,27";"6.896.430,00";"A presente Ata tem por objeto o registro de preços para a eventual aquisição de equipamentos de controle de distúrbios civis (CDC), especificada no item 3, constante(s) da tabela anexa ao item 1.1 do Termo de Referência (29988158), anexo I do edital de Licitação nº 90034/2024 (30013155) que é parte integrante desta Ata, assim como a proposta cujo preço tenha sido registrado (32080222), independentemente de transcrição."
"00047/2025";"200331 - SECRETARIA NACIONAL DE SEGURANCA PUBLICA - SENASP";"90034/2024";"31/07/2025";"04/08/2025";"04/08/2027";"57.494.031/0001-63";"COMPANHIA BRASILEIRA DE CARTUCHOS";"00012";"Projetil E Componentes Munição Até 30mm Nome: Projetil E Componentes Munição Até 30mm: Munição 9mm Luger Treina EOOG 124gr NTA.";"561000";"561000";"3,37";"1.890.570,00";"A presente Ata tem por objeto o registro de preços para a eventual aquisição de equipamentos de controle de distúrbios civis (CDC), especificada no item 3, constante(s) da tabela anexa ao item 1.1 do Termo de Referência (29988158), anexo I do edital de Licitação nº 90034/2024 (30013155) que é parte integrante desta Ata, assim como a proposta cujo preço tenha sido registrado (32080222), independentemente de transcrição."
"00047/2025";"200331 - SECRETARIA NACIONAL DE SEGURANCA PUBLICA - SENASP";"90034/2024";"31/07/2025";"04/08/2025";"04/08/2027";"57.494.031/0001-63";"COMPANHIA BRASILEIRA DE CARTUCHOS";"00014";"Projetil E Componentes Munição Até 30mm Nome: Projetil E Componentes Munição Até 30mm: Munição 9mm Luger ETOG 124gr.";"251000";"251000";"2,17";"544.670,00";"A presente Ata tem por objeto o registro de preços para a eventual aquisição de equipamentos de controle de distúrbios civis (CDC), especificada no item 3, constante(s) da tabela anexa ao item 1.1 do Termo de Referência (29988158), anexo I do edital de Licitação nº 90034/2024 (30013155) que é parte integrante desta Ata, assim como a proposta cujo preço tenha sido registrado (32080222), independentemente de transcrição."
"00047/2025";"200331 - SECRETARIA NACIONAL DE SEGURANCA PUBLICA - SENASP";"90034/2024";"31/07/2025";"04/08/2025";"04/08/2027";"57.494.031/0001-63";"COMPANHIA BRASILEIRA DE CARTUCHOS";"00016";"Projetil E Componentes Munição Até 30mm Nome: Projetil E Componentes Munição Até 30mm: Munição 9mm Luger ETOG 124gr.";"731000";"731000";"2,30";"1.681.300,00";"A presente Ata tem por objeto o registro de preços para a eventual aquisição de equipamentos de controle de distúrbios civis (CDC), especificada no item 3, constante(s) da tabela anexa ao item 1.1 do Termo de Referência (29988158), anexo I do edital de Licitação nº 90034/2024 (30013155) que é parte integrante desta Ata, assim como a proposta cujo preço tenha sido registrado (32080222), independentemente de transcrição."
"00047/2025";"200331 - SECRETARIA NACIONAL DE SEGURANCA PUBLICA - SENASP";"90034/2024";"31/07/2025";"04/08/2025";"04/08/2027";"57.494.031/0001-63";"COMPANHIA BRASILEIRA DE CARTUCHOS";"00018";"Projetil E Componentes Munição Até 30mm Nome: Projetil E Componentes Munição Até 30mm: Munição 9mm Luger ETOG 124gr.";"2476000";"2476000";"2,69";"6.660.440,00";"A presente Ata tem por objeto o registro de preços para a eventual aquisição de equipamentos de controle de distúrbios civis (CDC), especificada no item 3, constante(s) da tabela anexa ao item 1.1 do Termo de Referência (29988158), anexo I do edital de Licitação nº 90034/2024 (30013155) que é parte integrante desta Ata, assim como a proposta cujo preço tenha sido registrado (32080222), independentemente de transcrição."
"00047/2025";"200331 - SECRETARIA NACIONAL DE SEGURANCA PUBLICA - SENASP";"90034/2024";"31/07/2025";"04/08/2025";"04/08/2027";"57.494.031/0001-63";"COMPANHIA BRASILEIRA DE CARTUCHOS";"00020";"Projetil E Componentes Munição Até 30mm Nome: Projetil E Componentes Munição Até 30mm: Munição 9mm Luger ETOG 124gr.";"643000";"643000";"2,91";"1.871.130,00";"A presente Ata tem por objeto o registro de preços para a eventual aquisição de equipamentos de controle de distúrbios civis (CDC), especificada no item 3, constante(s) da tabela anexa ao item 1.1 do Termo de Referência (29988158), anexo I do edital de Licitação nº 90034/2024 (30013155) que é parte integrante desta Ata, assim como a proposta cujo preço tenha sido registrado (32080222), independentemente de transcrição."
"00047/2025";"200331 - SECRETARIA NACIONAL DE SEGURANCA PUBLICA - SENASP";"90034/2024";"31/07/2025";"04/08/2025";"04/08/2027";"57.494.031/0001-63";"COMPANHIA BRASILEIRA DE CARTUCHOS";"00022";"Projetil E Componentes Munição Até 30mm Nome: Projetil E Componentes Munição Até 30mm: Munição Bonded 9mm Luger EXPO +P 147gr.";"824000";"824000";"3,95";"3.254.800,00";"A presente Ata tem por objeto o registro de preços para a eventual aquisição de equipamentos de controle de distúrbios civis (CDC), especificada no item 3, constante(s) da tabela anexa ao item 1.1 do Termo de Referência (29988158), anexo I do edital de Licitação nº 90034/2024 (30013155) que é parte integrante desta Ata, assim como a proposta cujo preço tenha sido registrado (32080222), independentemente de transcrição."
"00047/2025";"200331 - SECRETARIA NACIONAL DE SEGURANCA PUBLICA - SENASP";"90034/2024";"31/07/2025";"04/08/2025";"04/08/2027";"57.494.031/0001-63";"COMPANHIA BRASILEIRA DE CARTUCHOS";"00024";"Projetil E Componentes Munição Até 30mm Nome: Projetil E Componentes Munição Até 30mm: Munição Bonded 9mm Luger EXPO +P 147gr.";"1803000";"1803000";"4,21";"7.590.630,00";"A presente Ata tem por objeto o registro de preços para a eventual aquisição de equipamentos de controle de distúrbios civis (CDC), especificada no item 3, constante(s) da tabela anexa ao item 1.1 do Termo de Referência (29988158), anexo I do edital de Licitação nº 90034/2024 (30013155) que é parte integrante desta Ata, assim como a proposta cujo preço tenha sido registrado (32080222), independentemente de transcrição."
"00047/2025";"200331 - SECRETARIA NACIONAL DE SEGURANCA PUBLICA - SENASP";"90034/2024";"31/07/2025";"04/08/2025";"04/08/2027";"57.494.031/0001-63";"COMPANHIA BRASILEIRA DE CARTUCHOS";"00026";"Projetil E Componentes Munição Até 30mm Nome: Projetil E Componentes Munição Até 30mm: Munição Bonded 9mm Luger EXPO +P 147gr.";"541000";"541000";"4,62";"2.499.420,00";"A presente Ata tem por objeto o registro de preços para a eventual aquisição de equipamentos de controle de distúrbios civis (CDC), especificada no item 3, constante(s) da tabela anexa ao item 1.1 do Termo de Referência (29988158), anexo I do edital de Licitação nº 90034/2024 (30013155) que é parte integrante desta Ata, assim como a proposta cujo preço tenha sido registrado (32080222), independentemente de transcrição."
"00047/2025";"200331 - SECRETARIA NACIONAL DE SEGURANCA PUBLICA - SENASP";"90034/2024";"31/07/2025";"04/08/2025";"04/08/2027";"57.494.031/0001-63";"COMPANHIA BRASILEIRA DE CARTUCHOS";"00028";"Projetil E Componentes Munição Até 30mm Nome: Projetil E Componentes Munição Até 30mm: Munição Bonded 9mm Luger EXPO +P 147gr.";"320000";"320000";"5,19";"1.660.800,00";"A presente Ata tem por objeto o registro de preços para a eventual aquisição de equipamentos de controle de distúrbios civis (CDC), especificada no item 3, constante(s) da tabela anexa ao item 1.1 do Termo de Referência (29988158), anexo I do edital de Licitação nº 90034/2024 (30013155) que é parte integrante desta Ata, assim como a proposta cujo preço tenha sido registrado (32080222), independentemente de transcrição."
"00047/2025";"200331 - SECRETARIA NACIONAL DE SEGURANCA PUBLICA - SENASP";"90034/2024";"31/07/2025";"04/08/2025";"04/08/2027";"57.494.031/0001-63";"COMPANHIA BRASILEIRA DE CARTUCHOS";"00030";"Projetil E Componentes Munição Até 30mm Nome: Projetil E Componentes Munição Até 30mm: Munição Bonded 9mm Luger EXPO +P 147gr.";"632000";"632000";"5,32";"3.362.240,00";"A presente Ata tem por objeto o registro de preços para a eventual aquisição de equipamentos de controle de distúrbios civis (CDC), especificada no item 3, constante(s) da tabela anexa ao item 1.1 do Termo de Referência (29988158), anexo I do edital de Licitação nº 90034/2024 (30013155) que é parte integrante desta Ata, assim como a proposta cujo preço tenha sido registrado (32080222), independentemente de transcrição."
"00047/2025";"200331 - SECRETARIA NACIONAL DE SEGURANCA PUBLICA - SENASP";"90034/2024";"31/07/2025";"04/08/2025";"04/08/2027";"57.494.031/0001-63";"COMPANHIA BRASILEIRA DE CARTUCHOS";"00032";"Projetil E Componentes Munição Até 30mm Nome: Projetil E Componentes Munição Até 30mm: Munição Bonded 9mm Luger EXPO +P 147gr.";"701000";"701000";"5,46";"3.827.460,00";"A presente Ata tem por objeto o registro de preços para a eventual aquisição de equipamentos de controle de distúrbios civis (CDC), especificada no item 3, constante(s) da tabela anexa ao item 1.1 do Termo de Referência (29988158), anexo I do edital de Licitação nº 90034/2024 (30013155) que é parte integrante desta Ata, assim como a proposta cujo preço tenha sido registrado (32080222), independentemente de transcrição."
"00047/2025";"200331 - SECRETARIA NACIONAL DE SEGURANCA PUBLICA - SENASP";"90034/2024";"31/07/2025";"04/08/2025";"04/08/2027";"57.494.031/0001-63";"COMPANHIA BRASILEIRA DE CARTUCHOS";"00034";"Projétil Munição Arma Fogo Material: Chumbo , Calibre: .40 , Tipo: Ogival , Peso: 180 G";"1450000";"1450000";"2,70";"3.915.000,00";"A presente Ata tem por objeto o registro de preços para a eventual aquisição de equipamentos de controle de distúrbios civis (CDC), especificada no item 3, constante(s) da tabela anexa ao item 1.1 do Termo de Referência (29988158), anexo I do edital de Licitação nº 90034/2024 (30013155) que é parte integrante desta Ata, assim como a proposta cujo preço tenha sido registrado (32080222), independentemente de transcrição."
"00047/2025";"200331 - SECRETARIA NACIONAL DE SEGURANCA PUBLICA - SENASP";"90034/2024";"31/07/2025";"04/08/2025";"04/08/2027";"57.494.031/0001-63";"COMPANHIA BRASILEIRA DE CARTUCHOS";"00036";"Projétil Munição Arma Fogo Material: Chumbo , Calibre: .40 , Tipo: Ogival , Peso: 180 G";"850000";"850000";"2,87";"2.439.500,00";"A presente Ata tem por objeto o registro de preços para a eventual aquisição de equipamentos de controle de distúrbios civis (CDC), especificada no item 3, constante(s) da tabela anexa ao item 1.1 do Termo de Referência (29988158), anexo I do edital de Licitação nº 90034/2024 (30013155) que é parte integrante desta Ata, assim como a proposta cujo preço tenha sido registrado (32080222), independentemente de transcrição."
"00047/2025";"200331 - SECRETARIA NACIONAL DE SEGURANCA PUBLICA - SENASP";"90034/2024";"31/07/2025";"04/08/2025";"04/08/2027";"57.494.031/0001-63";"COMPANHIA BRASILEIRA DE CARTUCHOS";"00038";"Projétil Munição Arma Fogo Material: Chumbo , Calibre: .40 , Tipo: Ogival , Peso: 180 G";"31000";"31000";"3,15";"97.650,00";"A presente Ata tem por objeto o registro de preços para a eventual aquisição de equipamentos de controle de distúrbios civis (CDC), especificada no item 3, constante(s) da tabela anexa ao item 1.1 do Termo de Referência (29988158), anexo I do edital de Licitação nº 90034/2024 (30013155) que é parte integrante desta Ata, assim como a proposta cujo preço tenha sido registrado (32080222), independentemente de transcrição."
"00047/2025";"200331 - SECRETARIA NACIONAL DE SEGURANCA PUBLICA - SENASP";"90034/2024";"31/07/2025";"04/08/2025";"04/08/2027";"57.494.031/0001-63";"COMPANHIA BRASILEIRA DE CARTUCHOS";"00040";"Projétil Munição Arma Fogo Material: Chumbo , Calibre: .40 , Tipo: Ogival , Peso: 180 G";"68000";"68000";"3,54";"240.720,00";"A presente Ata tem por objeto o registro de preços para a eventual aquisição de equipamentos de controle de distúrbios civis (CDC), especificada no item 3, constante(s) da tabela anexa ao item 1.1 do Termo de Referência (29988158), anexo I do edital de Licitação nº 90034/2024 (30013155) que é parte integrante desta Ata, assim como a proposta cujo preço tenha sido registrado (32080222), independentemente de transcrição."
"00047/2025";"200331 - SECRETARIA NACIONAL DE SEGURANCA PUBLICA - SENASP";"90034/2024";"31/07/2025";"04/08/2025";"04/08/2027";"57.494.031/0001-63";"COMPANHIA BRASILEIRA DE CARTUCHOS";"00042";"Projétil Munição Arma Fogo Material: Chumbo , Calibre: .40 , Tipo: Ogival , Peso: 180 G";"1403000";"1403000";"3,63";"5.092.890,00";"A presente Ata tem por objeto o registro de preços para a eventual aquisição de equipamentos de controle de distúrbios civis (CDC), especificada no item 3, constante(s) da tabela anexa ao item 1.1 do Termo de Referência (29988158), anexo I do edital de Licitação nº 90034/2024 (30013155) que é parte integrante desta Ata, assim como a proposta cujo preço tenha sido registrado (32080222), independentemente de transcrição."
"00047/2025";"200331 - SECRETARIA NACIONAL DE SEGURANCA PUBLICA - SENASP";"90034/2024";"31/07/2025";"04/08/2025";"04/08/2027";"57.494.031/0001-63";"COMPANHIA BRASILEIRA DE CARTUCHOS";"00044";"Projétil Munição Arma Fogo Material: Chumbo , Calibre: .40 , Tipo: Ogival , Peso: 180 G";"520000";"520000";"3,78";"1.965.600,00";"A presente Ata tem por objeto o registro de preços para a eventual aquisição de equipamentos de controle de distúrbios civis (CDC), especificada no item 3, constante(s) da tabela anexa ao item 1.1 do Termo de Referência (29988158), anexo I do edital de Licitação nº 90034/2024 (30013155) que é parte integrante desta Ata, assim como a proposta cujo preço tenha sido registrado (32080222), independentemente de transcrição."
"00047/2025";"200331 - SECRETARIA NACIONAL DE SEGURANCA PUBLICA - SENASP";"90034/2024";"31/07/2025";"04/08/2025";"04/08/2027";"57.494.031/0001-63";"COMPANHIA BRASILEIRA DE CARTUCHOS";"00046";"Projetil E Componentes Munição Até 30mm Nome: Projetil E Componentes Munição Até 30mm: Munição Bonded .40 S&W EXPO 180gr";"105000";"105000";"4,65";"488.250,00";"A presente Ata tem por objeto o registro de preços para a eventual aquisição de equipamentos de controle de distúrbios civis (CDC), especificada no item 3, constante(s) da tabela anexa ao item 1.1 do Termo de Referência (29988158), anexo I do edital de Licitação nº 90034/2024 (30013155) que é parte integrante desta Ata, assim como a proposta cujo preço tenha sido registrado (32080222), independentemente de transcrição."
"00047/2025";"200331 - SECRETARIA NACIONAL DE SEGURANCA PUBLICA - SENASP";"90034/2024";"31/07/2025";"04/08/2025";"04/08/2027";"57.494.031/0001-63";"COMPANHIA BRASILEIRA DE CARTUCHOS";"00048";"Projetil E Componentes Munição Até 30mm Nome: Projetil E Componentes Munição Até 30mm: Munição Bonded .40 S&W EXPO 180gr.";"500000";"500000";"4,94";"2.470.000,00";"A presente Ata tem por objeto o registro de preços para a eventual aquisição de equipamentos de controle de distúrbios civis (CDC), especificada no item 3, constante(s) da tabela anexa ao item 1.1 do Termo de Referência (29988158), anexo I do edital de Licitação nº 90034/2024 (30013155) que é parte integrante desta Ata, assim como a proposta cujo preço tenha sido registrado (32080222), independentemente de transcrição."
"00047/2025";"200331 - SECRETARIA NACIONAL DE SEGURANCA PUBLICA - SENASP";"90034/2024";"31/07/2025";"04/08/2025";"04/08/2027";"57.494.031/0001-63";"COMPANHIA BRASILEIRA DE CARTUCHOS";"00050";"Projetil E Componentes Munição Até 30mm Nome: Projetil E Componentes Munição Até 30mm: Munição Bonded .40 S&W EXPO 180gr.";"221000";"221000";"5,77";"1.275.170,00";"A presente Ata tem por objeto o registro de preços para a eventual aquisição de equipamentos de controle de distúrbios civis (CDC), especificada no item 3, constante(s) da tabela anexa ao item 1.1 do Termo de Referência (29988158), anexo I do edital de Licitação nº 90034/2024 (30013155) que é parte integrante desta Ata, assim como a proposta cujo preço tenha sido registrado (32080222), independentemente de transcrição."
"00047/2025";"200331 - SECRETARIA NACIONAL DE SEGURANCA PUBLICA - SENASP";"90034/2024";"31/07/2025";"04/08/2025";"04/08/2027";"57.494.031/0001-63";"COMPANHIA BRASILEIRA DE CARTUCHOS";"00052";"Projetil E Componentes Munição Até 30mm Nome: Projetil E Componentes Munição Até 30mm: Munição Bonded .40 S&W EXPO 180gr";"15000";"15000";"6,04";"90.600,00";"A presente Ata tem por objeto o registro de preços para a eventual aquisição de equipamentos de controle de distúrbios civis (CDC), especificada no item 3, constante(s) da tabela anexa ao item 1.1 do Termo de Referência (29988158), anexo I do edital de Licitação nº 90034/2024 (30013155) que é parte integrante desta Ata, assim como a proposta cujo preço tenha sido registrado (32080222), independentemente de transcrição."
"00047/2025";"200331 - SECRETARIA NACIONAL DE SEGURANCA PUBLICA - SENASP";"90034/2024";"31/07/2025";"04/08/2025";"04/08/2027";"57.494.031/0001-63";"COMPANHIA BRASILEIRA DE CARTUCHOS";"00054";"Projetil E Componentes Munição Até 30mm Nome: Projetil E Componentes Munição Até 30mm: Munição Bonded .40 S&W EXPO 180gr.";"644000";"644000";"6,15";"3.960.600,00";"A presente Ata tem por objeto o registro de preços para a eventual aquisição de equipamentos de controle de distúrbios civis (CDC), especificada no item 3, constante(s) da tabela anexa ao item 1.1 do Termo de Referência (29988158), anexo I do edital de Licitação nº 90034/2024 (30013155) que é parte integrante desta Ata, assim como a proposta cujo preço tenha sido registrado (32080222), independentemente de transcrição."
"00047/2025";"200331 - SECRETARIA NACIONAL DE SEGURANCA PUBLICA - SENASP";"90034/2024";"31/07/2025";"04/08/2025";"04/08/2027";"57.494.031/0001-63";"COMPANHIA BRASILEIRA DE CARTUCHOS";"00056";"Projetil E Componentes Munição Até 30mm Nome: Projetil E Componentes Munição Até 30mm: Munição Bonded .40 S&W EXPO 180gr.";"340000";"340000";"6,35";"2.159.000,00";"A presente Ata tem por objeto o registro de preços para a eventual aquisição de equipamentos de controle de distúrbios civis (CDC), especificada no item 3, constante(s) da tabela anexa ao item 1.1 do Termo de Referência (29988158), anexo I do edital de Licitação nº 90034/2024 (30013155) que é parte integrante desta Ata, assim como a proposta cujo preço tenha sido registrado (32080222), independentemente de transcrição."
"00047/2025";"200331 - SECRETARIA NACIONAL DE SEGURANCA PUBLICA - SENASP";"90034/2024";"31/07/2025";"04/08/2025";"04/08/2027";"57.494.031/0001-63";"COMPANHIA BRASILEIRA DE CARTUCHOS";"00058";"Projétil Munição Arma Fogo Material: Chumbo , Calibre: 5.56 X 45 MM, Tipo: Comum , Peso: 55 GR, Aplicação: Fuzil E Metralhadora";"486000";"486000";"3,30";"1.603.800,00";"A presente Ata tem por objeto o registro de preços para a eventual aquisição de equipamentos de controle de distúrbios civis (CDC), especificada no item 3, constante(s) da tabela anexa ao item 1.1 do Termo de Referência (29988158), anexo I do edital de Licitação nº 90034/2024 (30013155) que é parte integrante desta Ata, assim como a proposta cujo preço tenha sido registrado (32080222), independentemente de transcrição."
"00047/2025";"200331 - SECRETARIA NACIONAL DE SEGURANCA PUBLICA - SENASP";"90034/2024";"31/07/2025";"04/08/2025";"04/08/2027";"57.494.031/0001-63";"COMPANHIA BRASILEIRA DE CARTUCHOS";"00060";"Projétil Munição Arma Fogo Material: Chumbo , Calibre: 5.56 X 45 MM, Tipo: Comum , Peso: 55 GR, Aplicação: Fuzil E Metralhadora";"760000";"760000";"3,70";"2.812.000,00";"A presente Ata tem por objeto o registro de preços para a eventual aquisição de equipamentos de controle de distúrbios civis (CDC), especificada no item 3, constante(s) da tabela anexa ao item 1.1 do Termo de Referência (29988158), anexo I do edital de Licitação nº 90034/2024 (30013155) que é parte integrante desta Ata, assim como a proposta cujo preço tenha sido registrado (32080222), independentemente de transcrição."
"00047/2025";"200331 - SECRETARIA NACIONAL DE SEGURANCA PUBLICA - SENASP";"90034/2024";"31/07/2025";"04/08/2025";"04/08/2027";"57.494.031/0001-63";"COMPANHIA BRASILEIRA DE CARTUCHOS";"00062";"Projétil Munição Arma Fogo Material: Chumbo , Calibre: 5.56 X 45 MM, Tipo: Comum , Peso: 55 GR, Aplicação: Fuzil E Metralhadora";"1526000";"1526000";"4,11";"6.271.860,00";"A presente Ata tem por objeto o registro de preços para a eventual aquisição de equipamentos de controle de distúrbios civis (CDC), especificada no item 3, constante(s) da tabela anexa ao item 1.1 do Termo de Referência (29988158), anexo I do edital de Licitação nº 90034/2024 (30013155) que é parte integrante desta Ata, assim como a proposta cujo preço tenha sido registrado (32080222), independentemente de transcrição."
"00047/2025";"200331 - SECRETARIA NACIONAL DE SEGURANCA PUBLICA - SENASP";"90034/2024";"31/07/2025";"04/08/2025";"04/08/2027";"57.494.031/0001-63";"COMPANHIA BRASILEIRA DE CARTUCHOS";"00064";"Projétil Munição Arma Fogo Material: Chumbo , Calibre: 5.56 X 45 MM, Tipo: Comum , Peso: 55 GR, Aplicação: Fuzil E Metralhadora";"270000";"270000";"4,30";"1.161.000,00";"A presente Ata tem por objeto o registro de preços para a eventual aquisição de equipamentos de controle de distúrbios civis (CDC), especificada no item 3, constante(s) da tabela anexa ao item 1.1 do Termo de Referência (29988158), anexo I do edital de Licitação nº 90034/2024 (30013155) que é parte integrante desta Ata, assim como a proposta cujo preço tenha sido registrado (32080222), independentemente de transcrição."
"00047/2025";"200331 - SECRETARIA NACIONAL DE SEGURANCA PUBLICA - SENASP";"90034/2024";"31/07/2025";"04/08/2025";"04/08/2027";"57.494.031/0001-63";"COMPANHIA BRASILEIRA DE CARTUCHOS";"00066";"Projétil Munição Arma Fogo Material: Chumbo , Calibre: 5.56 X 45 MM, Tipo: Comum , Peso: 55 GR, Aplicação: Fuzil E Metralhadora";"2208000";"2208000";"4,37";"9.648.960,00";"A presente Ata tem por objeto o registro de preços para a eventual aquisição de equipamentos de controle de distúrbios civis (CDC), especificada no item 3, constante(s) da tabela anexa ao item 1.1 do Termo de Referência (29988158), anexo I do edital de Licitação nº 90034/2024 (30013155) que é parte integrante desta Ata, assim como a proposta cujo preço tenha sido registrado (32080222), independentemente de transcrição."
"00047/2025";"200331 - SECRETARIA NACIONAL DE SEGURANCA PUBLICA - SENASP";"90034/2024";"31/07/2025";"04/08/2025";"04/08/2027";"57.494.031/0001-63";"COMPANHIA BRASILEIRA DE CARTUCHOS";"00068";"Projétil Munição Arma Fogo Material: Chumbo , Calibre: 5.56 X 45 MM, Tipo: Comum , Peso: 55 GR, Aplicação: Fuzil E Metralhadora";"180000";"180000";"4,52";"813.600,00";"A presente Ata tem por objeto o registro de preços para a eventual aquisição de equipamentos de controle de distúrbios civis (CDC), especificada no item 3, constante(s) da tabela anexa ao item 1.1 do Termo de Referência (29988158), anexo I do edital de Licitação nº 90034/2024 (30013155) que é parte integrante desta Ata, assim como a proposta cujo preço tenha sido registrado (32080222), independentemente de transcrição."
"00047/2025";"200331 - SECRETARIA NACIONAL DE SEGURANCA PUBLICA - SENASP";"90034/2024";"31/07/2025";"04/08/2025";"04/08/2027";"57.494.031/0001-63";"COMPANHIA BRASILEIRA DE CARTUCHOS";"00070";"Projétil Munição Arma Fogo Material: Chumbo , Calibre: 7,62 X 51 , Tipo: Comum , Aplicação: Fuzil";"127000";"127000";"4,28";"543.560,00";"A presente Ata tem por objeto o registro de preços para a eventual aquisição de equipamentos de controle de distúrbios civis (CDC), especificada no item 3, constante(s) da tabela anexa ao item 1.1 do Termo de Referência (29988158), anexo I do edital de Licitação nº 90034/2024 (30013155) que é parte integrante desta Ata, assim como a proposta cujo preço tenha sido registrado (32080222), independentemente de transcrição."
"00047/2025";"200331 - SECRETARIA NACIONAL DE SEGURANCA PUBLICA - SENASP";"90034/2024";"31/07/2025";"04/08/2025";"04/08/2027";"57.494.031/0001-63";"COMPANHIA BRASILEIRA DE CARTUCHOS";"00072";"Projétil Munição Arma Fogo Material: Chumbo , Calibre: 7,62 X 51 , Tipo: Comum , Aplicação: Fuzil";"390000";"390000";"4,56";"1.778.400,00";"A presente Ata tem por objeto o registro de preços para a eventual aquisição de equipamentos de controle de distúrbios civis (CDC), especificada no item 3, constante(s) da tabela anexa ao item 1.1 do Termo de Referência (29988158), anexo I do edital de Licitação nº 90034/2024 (30013155) que é parte integrante desta Ata, assim como a proposta cujo preço tenha sido registrado (32080222), independentemente de transcrição."
"00047/2025";"200331 - SECRETARIA NACIONAL DE SEGURANCA PUBLICA - SENASP";"90034/2024";"31/07/2025";"04/08/2025";"04/08/2027";"57.494.031/0001-63";"COMPANHIA BRASILEIRA DE CARTUCHOS";"00075";"Projétil Munição Arma Fogo Material: Chumbo , Calibre: 7,62 X 51 , Tipo: Comum , Aplicação: Fuzil";"600000";"600000";"5,49";"3.294.000,00";"A presente Ata tem por objeto o registro de preços para a eventual aquisição de equipamentos de controle de distúrbios civis (CDC), especificada no item 3, constante(s) da tabela anexa ao item 1.1 do Termo de Referência (29988158), anexo I do edital de Licitação nº 90034/2024 (30013155) que é parte integrante desta Ata, assim como a proposta cujo preço tenha sido registrado (32080222), independentemente de transcrição."
"00047/2025";"200331 - SECRETARIA NACIONAL DE SEGURANCA PUBLICA - SENASP";"90034/2024";"31/07/2025";"04/08/2025";"04/08/2027";"57.494.031/0001-63";"COMPANHIA BRASILEIRA DE CARTUCHOS";"00077";"Projétil Munição Arma Fogo Material: Chumbo , Calibre: 7,62 X 51 , Tipo: Comum , Aplicação: Fuzil";"1782000";"1782000";"5,62";"10.014.840,00";"A presente Ata tem por objeto o registro de preços para a eventual aquisição de equipamentos de controle de distúrbios civis (CDC), especificada no item 3, constante(s) da tabela anexa ao item 1.1 do Termo de Referência (29988158), anexo I do edital de Licitação nº 90034/2024 (30013155) que é parte integrante desta Ata, assim como a proposta cujo preço tenha sido registrado (32080222), independentemente de transcrição."
"00047/2025";"200331 - SECRETARIA NACIONAL DE SEGURANCA PUBLICA - SENASP";"90034/2024";"31/07/2025";"04/08/2025";"04/08/2027";"57.494.031/0001-63";"COMPANHIA BRASILEIRA DE CARTUCHOS";"00079";"Projétil Munição Arma Fogo Material: Chumbo , Calibre: 7,62 X 51 , Tipo: Comum , Aplicação: Fuzil";"54000";"54000";"5,76";"311.040,00";"A presente Ata tem por objeto o registro de preços para a eventual aquisição de equipamentos de controle de distúrbios civis (CDC), especificada no item 3, constante(s) da tabela anexa ao item 1.1 do Termo de Referência (29988158), anexo I do edital de Licitação nº 90034/2024 (30013155) que é parte integrante desta Ata, assim como a proposta cujo preço tenha sido registrado (32080222), independentemente de transcrição."
"00047/2025";"200331 - SECRETARIA NACIONAL DE SEGURANCA PUBLICA - SENASP";"90034/2024";"31/07/2025";"04/08/2025";"04/08/2027";"57.494.031/0001-63";"COMPANHIA BRASILEIRA DE CARTUCHOS";"00074";"Projétil Munição Arma Fogo Material: Chumbo , Calibre: 7,62 X 51 , Tipo: Comum , Aplicação: Fuzil";"571000";"571000";"5,32";"3.037.720,00";"A presente Ata tem por objeto o registro de preços para a eventual aquisição de equipamentos de controle de distúrbios civis (CDC), especificada no item 3, constante(s) da tabela anexa ao item 1.1 do Termo de Referência (29988158), anexo I do edital de Licitação nº 90034/2024 (30013155) que é parte integrante desta Ata, assim como a proposta cujo preço tenha sido registrado (32080222), independentemente de transcrição."
"00047/2025";"200331 - SECRETARIA NACIONAL DE SEGURANCA PUBLICA - SENASP";"90034/2024";"31/07/2025";"04/08/2025";"04/08/2027";"57.494.031/0001-63";"COMPANHIA BRASILEIRA DE CARTUCHOS";"00076";"Projétil Munição Arma Fogo Material: Chumbo , Calibre: 7,62 X 51 , Tipo: Comum , Aplicação: Fuzil";"80000";"80000";"5,57";"445.600,00";"A presente Ata tem por objeto o registro de preços para a eventual aquisição de equipamentos de controle de distúrbios civis (CDC), especificada no item 3, constante(s) da tabela anexa ao item 1.1 do Termo de Referência (29988158), anexo I do edital de Licitação nº 90034/2024 (30013155) que é parte integrante desta Ata, assim como a proposta cujo preço tenha sido registrado (32080222), independentemente de transcrição."
"00047/2025";"200331 - SECRETARIA NACIONAL DE SEGURANCA PUBLICA - SENASP";"90034/2024";"31/07/2025";"04/08/2025";"04/08/2027";"57.494.031/0001-63";"COMPANHIA BRASILEIRA DE CARTUCHOS";"00078";"Projétil Munição Arma Fogo Material: Chumbo , Calibre: 7,62 X 51 , Tipo: Comum , Aplicação: Fuzil";"1252000";"1252000";"5,67";"7.098.840,00";"A presente Ata tem por objeto o registro de preços para a eventual aquisição de equipamentos de controle de distúrbios civis (CDC), especificada no item 3, constante(s) da tabela anexa ao item 1.1 do Termo de Referência (29988158), anexo I do edital de Licitação nº 90034/2024 (30013155) que é parte integrante desta Ata, assim como a proposta cujo preço tenha sido registrado (32080222), independentemente de transcrição."
"00047/2025";"200331 - SECRETARIA NACIONAL DE SEGURANCA PUBLICA - SENASP";"90034/2024";"31/07/2025";"04/08/2025";"04/08/2027";"57.494.031/0001-63";"COMPANHIA BRASILEIRA DE CARTUCHOS";"00080";"Projétil Munição Arma Fogo Material: Chumbo , Calibre: 7,62 X 51 , Tipo: Comum , Aplicação: Fuzil";"110000";"110000";"5,86";"644.600,00";"A presente Ata tem por objeto o registro de preços para a eventual aquisição de equipamentos de controle de distúrbios civis (CDC), especificada no item 3, constante(s) da tabela anexa ao item 1.1 do Termo de Referência (29988158), anexo I do edital de Licitação nº 90034/2024 (30013155) que é parte integrante desta Ata, assim como a proposta cujo preço tenha sido registrado (32080222), independentemente de transcrição."
"00047/2025";"200331 - SECRETARIA NACIONAL DE SEGURANCA PUBLICA - SENASP";"90034/2024";"31/07/2025";"04/08/2025";"04/08/2027";"57.494.031/0010-54";"COMPANHIA BRASILEIRA DE CARTUCHOS";"00082";"Projetil E Componentes Munição Até 30mm Nome: Projetil E Componentes Munição Até 30mm: Munição Calibre 12 Câmara 70"" - Chumbo 3T Treina.";"600000";"600000";"4,06";"2.436.000,00";"A presente Ata tem por objeto o registro de preços para a eventual aquisição de equipamentos de controle de distúrbios civis (CDC), especificada no item 3, constante(s) da tabela anexa ao item 1.1 do Termo de Referência (29988158), anexo I do edital de Licitação nº 90034/2024 (30013155) que é parte integrante desta Ata, assim como a proposta cujo preço tenha sido registrado (32080222), independentemente de transcrição."
"00047/2025";"200331 - SECRETARIA NACIONAL DE SEGURANCA PUBLICA - SENASP";"90034/2024";"31/07/2025";"04/08/2025";"04/08/2027";"57.494.031/0010-54";"COMPANHIA BRASILEIRA DE CARTUCHOS";"00084";"Projetil E Componentes Munição Até 30mm Nome: Projetil E Componentes Munição Até 30mm: Munição Calibre 12 Câmara 70"" - Chumbo 3T Treina";"264000";"264000";"4,31";"1.137.840,00";"A presente Ata tem por objeto o registro de preços para a eventual aquisição de equipamentos de controle de distúrbios civis (CDC), especificada no item 3, constante(s) da tabela anexa ao item 1.1 do Termo de Referência (29988158), anexo I do edital de Licitação nº 90034/2024 (30013155) que é parte integrante desta Ata, assim como a proposta cujo preço tenha sido registrado (32080222), independentemente de transcrição."
"00047/2025";"200331 - SECRETARIA NACIONAL DE SEGURANCA PUBLICA - SENASP";"90034/2024";"31/07/2025";"04/08/2025";"04/08/2027";"57.494.031/0010-54";"COMPANHIA BRASILEIRA DE CARTUCHOS";"00086";"Projetil E Componentes Munição Até 30mm Nome: Projetil E Componentes Munição Até 30mm: Munição Calibre 12 Câmara 70"" - Chumbo 3T Treina.";"60500";"60500";"4,73";"286.165,00";"A presente Ata tem por objeto o registro de preços para a eventual aquisição de equipamentos de controle de distúrbios civis (CDC), especificada no item 3, constante(s) da tabela anexa ao item 1.1 do Termo de Referência (29988158), anexo I do edital de Licitação nº 90034/2024 (30013155) que é parte integrante desta Ata, assim como a proposta cujo preço tenha sido registrado (32080222), independentemente de transcrição."
"00047/2025";"200331 - SECRETARIA NACIONAL DE SEGURANCA PUBLICA - SENASP";"90034/2024";"31/07/2025";"04/08/2025";"04/08/2027";"57.494.031/0010-54";"COMPANHIA BRASILEIRA DE CARTUCHOS";"00088";"Projetil E Componentes Munição Até 30mm Nome: Projetil E Componentes Munição Até 30mm: Munição Calibre 12 Câmara 70"" - Chumbo 3T Treina.";"154000";"154000";"5,33";"820.820,00";"A presente Ata tem por objeto o registro de preços para a eventual aquisição de equipamentos de controle de distúrbios civis (CDC), especificada no item 3, constante(s) da tabela anexa ao item 1.1 do Termo de Referência (29988158), anexo I do edital de Licitação nº 90034/2024 (30013155) que é parte integrante desta Ata, assim como a proposta cujo preço tenha sido registrado (32080222), independentemente de transcrição."
"00047/2025";"200331 - SECRETARIA NACIONAL DE SEGURANCA PUBLICA - SENASP";"90034/2024";"31/07/2025";"04/08/2025";"04/08/2027";"57.494.031/0010-54";"COMPANHIA BRASILEIRA DE CARTUCHOS";"00090";"Projetil E Componentes Munição Até 30mm Nome: Projetil E Componentes Munição Até 30mm: Munição Calibre 12 Câmara 70"" - Chumbo 3T Treina.";"50000";"50000";"5,46";"273.000,00";"A presente Ata tem por objeto o registro de preços para a eventual aquisição de equipamentos de controle de distúrbios civis (CDC), especificada no item 3, constante(s) da tabela anexa ao item 1.1 do Termo de Referência (29988158), anexo I do edital de Licitação nº 90034/2024 (30013155) que é parte integrante desta Ata, assim como a proposta cujo preço tenha sido registrado (32080222), independentemente de transcrição."
"00047/2025";"200331 - SECRETARIA NACIONAL DE SEGURANCA PUBLICA - SENASP";"90034/2024";"31/07/2025";"04/08/2025";"04/08/2027";"57.494.031/0010-54";"COMPANHIA BRASILEIRA DE CARTUCHOS";"00092";"Projetil E Componentes Munição Até 30mm Nome: Projetil E Componentes Munição Até 30mm: Munição Calibre 12 Câmara 70"" - Chumbo 3T Treina";"94000";"94000";"5,59";"525.460,00";"A presente Ata tem por objeto o registro de preços para a eventual aquisição de equipamentos de controle de distúrbios civis (CDC), especificada no item 3, constante(s) da tabela anexa ao item 1.1 do Termo de Referência (29988158), anexo I do edital de Licitação nº 90034/2024 (30013155) que é parte integrante desta Ata, assim como a proposta cujo preço tenha sido registrado (32080222), independentemente de transcrição."
"00047/2025";"200331 - SECRETARIA NACIONAL DE SEGURANCA PUBLICA - SENASP";"90034/2024";"31/07/2025";"04/08/2025";"04/08/2027";"57.494.031/0010-54";"COMPANHIA BRASILEIRA DE CARTUCHOS";"00094";"Projetil E Componentes Munição Até 30mm Nome: Projetil E Componentes Munição Até 30mm: Munição Knock SLUG Calibre 12 Câmara 70"" - balote singular foster 28g.";"50000";"50000";"5,76";"288.000,00";"A presente Ata tem por objeto o registro de preços para a eventual aquisição de equipamentos de controle de distúrbios civis (CDC), especificada no item 3, constante(s) da tabela anexa ao item 1.1 do Termo de Referência (29988158), anexo I do edital de Licitação nº 90034/2024 (30013155) que é parte integrante desta Ata, assim como a proposta cujo preço tenha sido registrado (32080222), independentemente de transcrição."
"00047/2025";"200331 - SECRETARIA NACIONAL DE SEGURANCA PUBLICA - SENASP";"90034/2024";"31/07/2025";"04/08/2025";"04/08/2027";"57.494.031/0010-54";"COMPANHIA BRASILEIRA DE CARTUCHOS";"00096";"Projetil E Componentes Munição Até 30mm Nome: Projetil E Componentes Munição Até 30mm: Munição Knock SLUG Calibre 12 Câmara 70"" - balote singular foster 28g.";"54000";"54000";"6,39";"345.060,00";"A presente Ata tem por objeto o registro de preços para a eventual aquisição de equipamentos de controle de distúrbios civis (CDC), especificada no item 3, constante(s) da tabela anexa ao item 1.1 do Termo de Referência (29988158), anexo I do edital de Licitação nº 90034/2024 (30013155) que é parte integrante desta Ata, assim como a proposta cujo preço tenha sido registrado (32080222), independentemente de transcrição."
"00047/2025";"200331 - SECRETARIA NACIONAL DE SEGURANCA PUBLICA - SENASP";"90034/2024";"31/07/2025";"04/08/2025";"04/08/2027";"57.494.031/0010-54";"COMPANHIA BRASILEIRA DE CARTUCHOS";"00098";"Projetil E Componentes Munição Até 30mm Nome: Projetil E Componentes Munição Até 30mm: Munição Knock SLUG Calibre 12 Câmara 70"" - balote singular foster 28g.";"22000";"22000";"6,81";"149.820,00";"A presente Ata tem por objeto o registro de preços para a eventual aquisição de equipamentos de controle de distúrbios civis (CDC), especificada no item 3, constante(s) da tabela anexa ao item 1.1 do Termo de Referência (29988158), anexo I do edital de Licitação nº 90034/2024 (30013155) que é parte integrante desta Ata, assim como a proposta cujo preço tenha sido registrado (32080222), independentemente de transcrição."
"00047/2025";"200331 - SECRETARIA NACIONAL DE SEGURANCA PUBLICA - SENASP";"90034/2024";"31/07/2025";"04/08/2025";"04/08/2027";"57.494.031/0010-54";"COMPANHIA BRASILEIRA DE CARTUCHOS";"00100";"Projetil E Componentes Munição Até 30mm Nome: Projetil E Componentes Munição Até 30mm: Munição Knock SLUG Calibre 12 Câmara 70"" - balote singular foster 28g.";"263000";"263000";"7,95";"2.090.850,00";"A presente Ata tem por objeto o registro de preços para a eventual aquisição de equipamentos de controle de distúrbios civis (CDC), especificada no item 3, constante(s) da tabela anexa ao item 1.1 do Termo de Referência (29988158), anexo I do edital de Licitação nº 90034/2024 (30013155) que é parte integrante desta Ata, assim como a proposta cujo preço tenha sido registrado (32080222), independentemente de transcrição."
"00047/2025";"200331 - SECRETARIA NACIONAL DE SEGURANCA PUBLICA - SENASP";"90034/2024";"31/07/2025";"04/08/2025";"04/08/2027";"57.494.031/0010-54";"COMPANHIA BRASILEIRA DE CARTUCHOS";"00102";"Projetil E Componentes Munição Até 30mm Nome: Projetil E Componentes Munição Até 30mm: Munição Knock SLUG Calibre 12 Câmara 70"" - balote singular foster 28g.";"30000";"30000";"8,33";"249.900,00";"A presente Ata tem por objeto o registro de preços para a eventual aquisição de equipamentos de controle de distúrbios civis (CDC), especificada no item 3, constante(s) da tabela anexa ao item 1.1 do Termo de Referência (29988158), anexo I do edital de Licitação nº 90034/2024 (30013155) que é parte integrante desta Ata, assim como a proposta cujo preço tenha sido registrado (32080222), independentemente de transcrição."
"00047/2025";"200331 - SECRETARIA NACIONAL DE SEGURANCA PUBLICA - SENASP";"90034/2024";"31/07/2025";"04/08/2025";"04/08/2027";"57.494.031/0010-54";"COMPANHIA BRASILEIRA DE CARTUCHOS";"00104";"Projetil E Componentes Munição Até 30mm Nome: Projetil E Componentes Munição Até 30mm: Munição Knock SLUG Calibre 12 Câmara 70"" - balote singular foster 28g.";"258000";"258000";"8,46";"2.182.680,00";"A presente Ata tem por objeto o registro de preços para a eventual aquisição de equipamentos de controle de distúrbios civis (CDC), especificada no item 3, constante(s) da tabela anexa ao item 1.1 do Termo de Referência (29988158), anexo I do edital de Licitação nº 90034/2024 (30013155) que é parte integrante desta Ata, assim como a proposta cujo preço tenha sido registrado (32080222), independentemente de transcrição."
"00047/2025";"200331 - SECRETARIA NACIONAL DE SEGURANCA PUBLICA - SENASP";"90034/2024";"31/07/2025";"04/08/2025";"04/08/2027";"57.494.031/0010-54";"COMPANHIA BRASILEIRA DE CARTUCHOS";"00106";"Projetil E Componentes Munição Até 30mm Nome: Projetil E Componentes Munição Até 30mm: Munição cal. 12 câmara 70"" - Chumbo SG 32g.";"228000";"228000";"5,10";"1.162.800,00";"A presente Ata tem por objeto o registro de preços para a eventual aquisição de equipamentos de controle de distúrbios civis (CDC), especificada no item 3, constante(s) da tabela anexa ao item 1.1 do Termo de Referência (29988158), anexo I do edital de Licitação nº 90034/2024 (30013155) que é parte integrante desta Ata, assim como a proposta cujo preço tenha sido registrado (32080222), independentemente de transcrição."
"00047/2025";"200331 - SECRETARIA NACIONAL DE SEGURANCA PUBLICA - SENASP";"90034/2024";"31/07/2025";"04/08/2025";"04/08/2027";"57.494.031/0010-54";"COMPANHIA BRASILEIRA DE CARTUCHOS";"00108";"Projetil E Componentes Munição Até 30mm Nome: Projetil E Componentes Munição Até 30mm: Munição cal. 12 câmara 70"" - Chumbo SG 32g.";"65000";"65000";"5,42";"352.300,00";"A presente Ata tem por objeto o registro de preços para a eventual aquisição de equipamentos de controle de distúrbios civis (CDC), especificada no item 3, constante(s) da tabela anexa ao item 1.1 do Termo de Referência (29988158), anexo I do edital de Licitação nº 90034/2024 (30013155) que é parte integrante desta Ata, assim como a proposta cujo preço tenha sido registrado (32080222), independentemente de transcrição."
"00047/2025";"200331 - SECRETARIA NACIONAL DE SEGURANCA PUBLICA - SENASP";"90034/2024";"31/07/2025";"04/08/2025";"04/08/2027";"57.494.031/0010-54";"COMPANHIA BRASILEIRA DE CARTUCHOS";"00110";"Projetil E Componentes Munição Até 30mm Nome: Projetil E Componentes Munição Até 30mm: Munição cal. 12 câmara 70"" - Chumbo SG 32g.";"20750";"20750";"5,95";"123.462,50";"A presente Ata tem por objeto o registro de preços para a eventual aquisição de equipamentos de controle de distúrbios civis (CDC), especificada no item 3, constante(s) da tabela anexa ao item 1.1 do Termo de Referência (29988158), anexo I do edital de Licitação nº 90034/2024 (30013155) que é parte integrante desta Ata, assim como a proposta cujo preço tenha sido registrado (32080222), independentemente de transcrição."
"00047/2025";"200331 - SECRETARIA NACIONAL DE SEGURANCA PUBLICA - SENASP";"90034/2024";"31/07/2025";"04/08/2025";"04/08/2027";"57.494.031/0010-54";"COMPANHIA BRASILEIRA DE CARTUCHOS";"00112";"Projetil E Componentes Munição Até 30mm Nome: Projetil E Componentes Munição Até 30mm: Munição cal. 12 câmara 70"" - Chumbo SG 32g.";"8000";"8000";"6,85";"54.800,00";"A presente Ata tem por objeto o registro de preços para a eventual aquisição de equipamentos de controle de distúrbios civis (CDC), especificada no item 3, constante(s) da tabela anexa ao item 1.1 do Termo de Referência (29988158), anexo I do edital de Licitação nº 90034/2024 (30013155) que é parte integrante desta Ata, assim como a proposta cujo preço tenha sido registrado (32080222), independentemente de transcrição."
"00047/2025";"200331 - SECRETARIA NACIONAL DE SEGURANCA PUBLICA - SENASP";"90034/2024";"31/07/2025";"04/08/2025";"04/08/2027";"57.494.031/0010-54";"COMPANHIA BRASILEIRA DE CARTUCHOS";"00114";"Projetil E Componentes Munição Até 30mm Nome: Projetil E Componentes Munição Até 30mm: Munição cal. 12 câmara 70"" - Chumbo SG 32g";"64000";"64000";"7,02";"449.280,00";"A presente Ata tem por objeto o registro de preços para a eventual aquisição de equipamentos de controle de distúrbios civis (CDC), especificada no item 3, constante(s) da tabela anexa ao item 1.1 do Termo de Referência (29988158), anexo I do edital de Licitação nº 90034/2024 (30013155) que é parte integrante desta Ata, assim como a proposta cujo preço tenha sido registrado (32080222), independentemente de transcrição."
"00047/2025";"200331 - SECRETARIA NACIONAL DE SEGURANCA PUBLICA - SENASP";"90034/2024";"31/07/2025";"04/08/2025";"04/08/2027";"57.494.031/0010-54";"COMPANHIA BRASILEIRA DE CARTUCHOS";"00116";"material: chumbo, calibre: .40, tipo: ogival, peso: 180";"3643000";"3643000";"3,66";"13.333.380,00";"A presente Ata tem por objeto o registro de preços para a eventual aquisição de equipamentos de controle de distúrbios civis (CDC), especificada no item 3, constante(s) da tabela anexa ao item 1.1 do Termo de Referência (29988158), anexo I do edital de Licitação nº 90034/2024 (30013155) que é parte integrante desta Ata, assim como a proposta cujo preço tenha sido registrado (32080222), independentemente de transcrição."
"00047/2025";"200331 - SECRETARIA NACIONAL DE SEGURANCA PUBLICA - SENASP";"90034/2024";"31/07/2025";"04/08/2025";"04/08/2027";"57.494.031/0010-54";"COMPANHIA BRASILEIRA DE CARTUCHOS";"00081";"Projetil E Componentes Munição Até 30mm Nome: Projetil E Componentes Munição Até 30mm: Munição Calibre 12 Câmara 70"" - Chumbo 3T Treina.";"100000";"100000";"3,74";"374.000,00";"A presente Ata tem por objeto o registro de preços para a eventual aquisição de equipamentos de controle de distúrbios civis (CDC), especificada no item 3, constante(s) da tabela anexa ao item 1.1 do Termo de Referência (29988158), anexo I do edital de Licitação nº 90034/2024 (30013155) que é parte integrante desta Ata, assim como a proposta cujo preço tenha sido registrado (32080222), independentemente de transcrição."
"00047/2025";"200331 - SECRETARIA NACIONAL DE SEGURANCA PUBLICA - SENASP";"90034/2024";"31/07/2025";"04/08/2025";"04/08/2027";"57.494.031/0010-54";"COMPANHIA BRASILEIRA DE CARTUCHOS";"00083";"Projetil E Componentes Munição Até 30mm Nome: Projetil E Componentes Munição Até 30mm: Munição Calibre 12 Câmara 70"" - Chumbo 3T Treina.";"100000";"100000";"4,15";"415.000,00";"A presente Ata tem por objeto o registro de preços para a eventual aquisição de equipamentos de controle de distúrbios civis (CDC), especificada no item 3, constante(s) da tabela anexa ao item 1.1 do Termo de Referência (29988158), anexo I do edital de Licitação nº 90034/2024 (30013155) que é parte integrante desta Ata, assim como a proposta cujo preço tenha sido registrado (32080222), independentemente de transcrição."
"00047/2025";"200331 - SECRETARIA NACIONAL DE SEGURANCA PUBLICA - SENASP";"90034/2024";"31/07/2025";"04/08/2025";"04/08/2027";"57.494.031/0010-54";"COMPANHIA BRASILEIRA DE CARTUCHOS";"00085";"Projetil E Componentes Munição Até 30mm Nome: Projetil E Componentes Munição Até 30mm: Munição Calibre 12 Câmara 70"" - Chumbo 3T Treina";"21000";"21000";"4,43";"93.030,00";"A presente Ata tem por objeto o registro de preços para a eventual aquisição de equipamentos de controle de distúrbios civis (CDC), especificada no item 3, constante(s) da tabela anexa ao item 1.1 do Termo de Referência (29988158), anexo I do edital de Licitação nº 90034/2024 (30013155) que é parte integrante desta Ata, assim como a proposta cujo preço tenha sido registrado (32080222), independentemente de transcrição."
"00047/2025";"200331 - SECRETARIA NACIONAL DE SEGURANCA PUBLICA - SENASP";"90034/2024";"31/07/2025";"04/08/2025";"04/08/2027";"57.494.031/0010-54";"COMPANHIA BRASILEIRA DE CARTUCHOS";"00087";"Projetil E Componentes Munição Até 30mm Nome: Projetil E Componentes Munição Até 30mm: Munição Calibre 12 Câmara 70"" - Chumbo 3T Treina.";"363750";"363750";"5,16";"1.876.950,00";"A presente Ata tem por objeto o registro de preços para a eventual aquisição de equipamentos de controle de distúrbios civis (CDC), especificada no item 3, constante(s) da tabela anexa ao item 1.1 do Termo de Referência (29988158), anexo I do edital de Licitação nº 90034/2024 (30013155) que é parte integrante desta Ata, assim como a proposta cujo preço tenha sido registrado (32080222), independentemente de transcrição."
"00047/2025";"200331 - SECRETARIA NACIONAL DE SEGURANCA PUBLICA - SENASP";"90034/2024";"31/07/2025";"04/08/2025";"04/08/2027";"57.494.031/0010-54";"COMPANHIA BRASILEIRA DE CARTUCHOS";"00089";"Projetil E Componentes Munição Até 30mm Nome: Projetil E Componentes Munição Até 30mm: Munição Calibre 12 Câmara 70"" - Chumbo 3T Treina";"70000";"70000";"5,41";"378.700,00";"A presente Ata tem por objeto o registro de preços para a eventual aquisição de equipamentos de controle de distúrbios civis (CDC), especificada no item 3, constante(s) da tabela anexa ao item 1.1 do Termo de Referência (29988158), anexo I do edital de Licitação nº 90034/2024 (30013155) que é parte integrante desta Ata, assim como a proposta cujo preço tenha sido registrado (32080222), independentemente de transcrição."
"00047/2025";"200331 - SECRETARIA NACIONAL DE SEGURANCA PUBLICA - SENASP";"90034/2024";"31/07/2025";"04/08/2025";"04/08/2027";"57.494.031/0010-54";"COMPANHIA BRASILEIRA DE CARTUCHOS";"00091";"Projetil E Componentes Munição Até 30mm Nome: Projetil E Componentes Munição Até 30mm: Munição Calibre 12 Câmara 70"" - Chumbo 3T Treina.";"554250";"554250";"5,50";"3.048.375,00";"A presente Ata tem por objeto o registro de preços para a eventual aquisição de equipamentos de controle de distúrbios civis (CDC), especificada no item 3, constante(s) da tabela anexa ao item 1.1 do Termo de Referência (29988158), anexo I do edital de Licitação nº 90034/2024 (30013155) que é parte integrante desta Ata, assim como a proposta cujo preço tenha sido registrado (32080222), independentemente de transcrição."
"00047/2025";"200331 - SECRETARIA NACIONAL DE SEGURANCA PUBLICA - SENASP";"90034/2024";"31/07/2025";"04/08/2025";"04/08/2027";"57.494.031/0010-54";"COMPANHIA BRASILEIRA DE CARTUCHOS";"00093";"Projetil E Componentes Munição Até 30mm Nome: Projetil E Componentes Munição Até 30mm: Munição Calibre 12 Câmara 70"" - Chumbo 3T Treina.";"430000";"430000";"5,69";"2.446.700,00";"A presente Ata tem por objeto o registro de preços para a eventual aquisição de equipamentos de controle de distúrbios civis (CDC), especificada no item 3, constante(s) da tabela anexa ao item 1.1 do Termo de Referência (29988158), anexo I do edital de Licitação nº 90034/2024 (30013155) que é parte integrante desta Ata, assim como a proposta cujo preço tenha sido registrado (32080222), independentemente de transcrição."
"00047/2025";"200331 - SECRETARIA NACIONAL DE SEGURANCA PUBLICA - SENASP";"90034/2024";"31/07/2025";"04/08/2025";"04/08/2027";"57.494.031/0010-54";"COMPANHIA BRASILEIRA DE CARTUCHOS";"00095";"Projetil E Componentes Munição Até 30mm Nome: Projetil E Componentes Munição Até 30mm: Munição Knock SLUG Calibre 12 Câmara 70"" - balote singular foster 28g.";"128000";"128000";"6,23";"797.440,00";"A presente Ata tem por objeto o registro de preços para a eventual aquisição de equipamentos de controle de distúrbios civis (CDC), especificada no item 3, constante(s) da tabela anexa ao item 1.1 do Termo de Referência (29988158), anexo I do edital de Licitação nº 90034/2024 (30013155) que é parte integrante desta Ata, assim como a proposta cujo preço tenha sido registrado (32080222), independentemente de transcrição."
"00047/2025";"200331 - SECRETARIA NACIONAL DE SEGURANCA PUBLICA - SENASP";"90034/2024";"31/07/2025";"04/08/2025";"04/08/2027";"57.494.031/0010-54";"COMPANHIA BRASILEIRA DE CARTUCHOS";"00097";"Projetil E Componentes Munição Até 30mm Nome: Projetil E Componentes Munição Até 30mm:Munição Knock SLUG Calibre 12 Câmara 70"" - balote singular foster 28g.";"128000";"128000";"6,63";"848.640,00";"A presente Ata tem por objeto o registro de preços para a eventual aquisição de equipamentos de controle de distúrbios civis (CDC), especificada no item 3, constante(s) da tabela anexa ao item 1.1 do Termo de Referência (29988158), anexo I do edital de Licitação nº 90034/2024 (30013155) que é parte integrante desta Ata, assim como a proposta cujo preço tenha sido registrado (32080222), independentemente de transcrição."
"00047/2025";"200331 - SECRETARIA NACIONAL DE SEGURANCA PUBLICA - SENASP";"90034/2024";"31/07/2025";"04/08/2025";"04/08/2027";"57.494.031/0010-54";"COMPANHIA BRASILEIRA DE CARTUCHOS";"00099";"Projetil E Componentes Munição Até 30mm Nome: Projetil E Componentes Munição Até 30mm: Munição Knock SLUG Calibre 12 Câmara 70"" - balote singular foster 28g.";"20500";"20500";"7,29";"149.445,00";"A presente Ata tem por objeto o registro de preços para a eventual aquisição de equipamentos de controle de distúrbios civis (CDC), especificada no item 3, constante(s) da tabela anexa ao item 1.1 do Termo de Referência (29988158), anexo I do edital de Licitação nº 90034/2024 (30013155) que é parte integrante desta Ata, assim como a proposta cujo preço tenha sido registrado (32080222), independentemente de transcrição."
"00047/2025";"200331 - SECRETARIA NACIONAL DE SEGURANCA PUBLICA - SENASP";"90034/2024";"31/07/2025";"04/08/2025";"04/08/2027";"57.494.031/0010-54";"COMPANHIA BRASILEIRA DE CARTUCHOS";"00101";"Projetil E Componentes Munição Até 30mm Nome: Projetil E Componentes Munição Até 30mm: Munição Knock SLUG Calibre 12 Câmara 70"" - balote singular foster 28g.";"110000";"110000";"8,20";"902.000,00";"A presente Ata tem por objeto o registro de preços para a eventual aquisição de equipamentos de controle de distúrbios civis (CDC), especificada no item 3, constante(s) da tabela anexa ao item 1.1 do Termo de Referência (29988158), anexo I do edital de Licitação nº 90034/2024 (30013155) que é parte integrante desta Ata, assim como a proposta cujo preço tenha sido registrado (32080222), independentemente de transcrição."
"00047/2025";"200331 - SECRETARIA NACIONAL DE SEGURANCA PUBLICA - SENASP";"90034/2024";"31/07/2025";"04/08/2025";"04/08/2027";"57.494.031/0010-54";"COMPANHIA BRASILEIRA DE CARTUCHOS";"00103";"Projetil E Componentes Munição Até 30mm Nome: Projetil E Componentes Munição Até 30mm: Munição Knock SLUG Calibre 12 Câmara 70"" - balote singular foster 28g.";"8000";"8000";"8,39";"67.120,00";"A presente Ata tem por objeto o registro de preços para a eventual aquisição de equipamentos de controle de distúrbios civis (CDC), especificada no item 3, constante(s) da tabela anexa ao item 1.1 do Termo de Referência (29988158), anexo I do edital de Licitação nº 90034/2024 (30013155) que é parte integrante desta Ata, assim como a proposta cujo preço tenha sido registrado (32080222), independentemente de transcrição."
"00047/2025";"200331 - SECRETARIA NACIONAL DE SEGURANCA PUBLICA - SENASP";"90034/2024";"31/07/2025";"04/08/2025";"04/08/2027";"57.494.031/0010-54";"COMPANHIA BRASILEIRA DE CARTUCHOS";"00105";"Projetil E Componentes Munição Até 30mm Nome: Projetil E Componentes Munição Até 30mm: Munição Knock SLUG Calibre 12 Câmara 70"" - balote singular foster 28g.";"115000";"115000";"8,75";"1.006.250,00";"A presente Ata tem por objeto o registro de preços para a eventual aquisição de equipamentos de controle de distúrbios civis (CDC), especificada no item 3, constante(s) da tabela anexa ao item 1.1 do Termo de Referência (29988158), anexo I do edital de Licitação nº 90034/2024 (30013155) que é parte integrante desta Ata, assim como a proposta cujo preço tenha sido registrado (32080222), independentemente de transcrição."
"00047/2025";"200331 - SECRETARIA NACIONAL DE SEGURANCA PUBLICA - SENASP";"90034/2024";"31/07/2025";"04/08/2025";"04/08/2027";"57.494.031/0010-54";"COMPANHIA BRASILEIRA DE CARTUCHOS";"00107";"Projetil E Componentes Munição Até 30mm Nome: Projetil E Componentes Munição Até 30mm: Munição cal. 12 câmara 70"" - Chumbo SG 32g";"51500";"51500";"5,22";"268.830,00";"A presente Ata tem por objeto o registro de preços para a eventual aquisição de equipamentos de controle de distúrbios civis (CDC), especificada no item 3, constante(s) da tabela anexa ao item 1.1 do Termo de Referência (29988158), anexo I do edital de Licitação nº 90034/2024 (30013155) que é parte integrante desta Ata, assim como a proposta cujo preço tenha sido registrado (32080222), independentemente de transcrição."
"00047/2025";"200331 - SECRETARIA NACIONAL DE SEGURANCA PUBLICA - SENASP";"90034/2024";"31/07/2025";"04/08/2025";"04/08/2027";"57.494.031/0010-54";"COMPANHIA BRASILEIRA DE CARTUCHOS";"00109";"Projetil E Componentes Munição Até 30mm Nome: Projetil E Componentes Munição Até 30mm: Munição cal. 12 câmara 70"" - Chumbo SG 32g.";"483000";"483000";"5,56";"2.685.480,00";"A presente Ata tem por objeto o registro de preços para a eventual aquisição de equipamentos de controle de distúrbios civis (CDC), especificada no item 3, constante(s) da tabela anexa ao item 1.1 do Termo de Referência (29988158), anexo I do edital de Licitação nº 90034/2024 (30013155) que é parte integrante desta Ata, assim como a proposta cujo preço tenha sido registrado (32080222), independentemente de transcrição."
"00047/2025";"200331 - SECRETARIA NACIONAL DE SEGURANCA PUBLICA - SENASP";"90034/2024";"31/07/2025";"04/08/2025";"04/08/2027";"57.494.031/0010-54";"COMPANHIA BRASILEIRA DE CARTUCHOS";"00111";"Projetil E Componentes Munição Até 30mm Nome: Projetil E Componentes Munição Até 30mm: Munição cal. 12 câmara 70"" - Chumbo SG 32g.";"199250";"199250";"6,49";"1.293.132,50";"A presente Ata tem por objeto o registro de preços para a eventual aquisição de equipamentos de controle de distúrbios civis (CDC), especificada no item 3, constante(s) da tabela anexa ao item 1.1 do Termo de Referência (29988158), anexo I do edital de Licitação nº 90034/2024 (30013155) que é parte integrante desta Ata, assim como a proposta cujo preço tenha sido registrado (32080222), independentemente de transcrição."
"00047/2025";"200331 - SECRETARIA NACIONAL DE SEGURANCA PUBLICA - SENASP";"90034/2024";"31/07/2025";"04/08/2025";"04/08/2027";"57.494.031/0010-54";"COMPANHIA BRASILEIRA DE CARTUCHOS";"00113";"Projetil E Componentes Munição Até 30mm Nome: Projetil E Componentes Munição Até 30mm: Munição cal. 12 câmara 70"" - Chumbo SG 32g.";"140250";"140250";"6,91";"969.127,50";"A presente Ata tem por objeto o registro de preços para a eventual aquisição de equipamentos de controle de distúrbios civis (CDC), especificada no item 3, constante(s) da tabela anexa ao item 1.1 do Termo de Referência (29988158), anexo I do edital de Licitação nº 90034/2024 (30013155) que é parte integrante desta Ata, assim como a proposta cujo preço tenha sido registrado (32080222), independentemente de transcrição."
"00047/2025";"200331 - SECRETARIA NACIONAL DE SEGURANCA PUBLICA - SENASP";"90034/2024";"31/07/2025";"04/08/2025";"04/08/2027";"57.494.031/0010-54";"COMPANHIA BRASILEIRA DE CARTUCHOS";"00115";"Projetil E Componentes Munição Até 30mm Nome: Projetil E Componentes Munição Até 30mm: Munição cal. 12 câmara 70"" - Chumbo SG 32g.";"115000";"115000";"7,14";"821.100,00";"A presente Ata tem por objeto o registro de preços para a eventual aquisição de equipamentos de controle de distúrbios civis (CDC), especificada no item 3, constante(s) da tabela anexa ao item 1.1 do Termo de Referência (29988158), anexo I do edital de Licitação nº 90034/2024 (30013155) que é parte integrante desta Ata, assim como a proposta cujo preço tenha sido registrado (32080222), independentemente de transcrição."
"00047/2025";"200331 - SECRETARIA NACIONAL DE SEGURANCA PUBLICA - SENASP";"90034/2024";"31/07/2025";"04/08/2025";"04/08/2027";"04.730.121/0001-40";"ARBJI COMERCIO DE ELETRONICOS E COMPONENTES LTDA";"00003";"JOELHEIRA, MATERIAL TERMOPLÁSTICO, TIPO ARTICULADA, TAMANHO VARIADO, COR PRETA , CARACTERÍSTICAS ADICIONAIS COM AJUSTE DE TENSÃO, TIPO FORRO FORRO EM ESPUMA, TIPO FECHAMENTO CLIP DE ENGATE RÁPIDO";"14957";"14957";"91,90";"1.374.548,30";"A presente Ata tem por objeto o registro de preços para a eventual aquisição de equipamentos de controle de distúrbios civis (CDC), especificada no item 3, constante(s) da tabela anexa ao item 1.1 do Termo de Referência (29988158), anexo I do edital de Licitação nº 90034/2024 (30013155) que é parte integrante desta Ata, assim como a proposta cujo preço tenha sido registrado (32080222), independentemente de transcrição."
"00046/2025";"200331 - SECRETARIA NACIONAL DE SEGURANCA PUBLICA - SENASP";"90034/2024";"31/07/2025";"04/08/2025";"04/08/2027";"32.907.435/0001-00";"NW DRONES COMERCIO E MANUTENCAO DE DRONES LTDA";"00005";"BATERIA RECARREGÁVEL, MODELO TB55, CARACTERÍSTICAS ADICIONAIS MATERIAL LIPO 6S, PESO 885G, TAMANHO 14X22X14 CM, POTÊNCIA 180 W, CORRENTE MÁXIMA 7660 MA, TENSÃO NOMINAL 22.8 V, APLICAÇÃO 1 DRONE";"500";"500";"1.600,00";"800.000,00";"A presente Ata tem por objeto o registro de preços para a eventual aquisição de equipamentos de controle de distúrbios civis (CDC), especificada no item 2, constante(s) da tabela anexa ao item 1.1 do Termo de Referência (29988158), anexo I do edital de Licitação nº 90034/2024 (30013155) que é parte integrante desta Ata, assim como a proposta cujo preço tenha sido registrado (32027921), independentemente de transcrição."
"00046/2025";"200331 - SECRETARIA NACIONAL DE SEGURANCA PUBLICA - SENASP";"90034/2024";"31/07/2025";"04/08/2025";"04/08/2027";"61.182.424/0001-09";"O.FILIZZOLA & CIA LTDA";"00002";"ACESSÓRIO EQUIPAMENTO SEGURANÇA, TIPO COTOVELEIRA, MATERIAL POLÍMERO/TECIDO, APLICAÇÃO ATIVIDADE MILITAR, CARACTERÍSTICAS ADICIONAIS ANTI-IMPACTO, FIXAÇÃO AJUSTÁVEL";"14957";"14957";"102,80";"1.537.579,60";"A presente Ata tem por objeto o registro de preços para a eventual aquisição de equipamentos de controle de distúrbios civis (CDC), especificada no item 2, constante(s) da tabela anexa ao item 1.1 do Termo de Referência (29988158), anexo I do edital de Licitação nº 90034/2024 (30013155) que é parte integrante desta Ata, assim como a proposta cujo preço tenha sido registrado (32027921), independentemente de transcrição."
"00040/2026";"200331 - SECRETARIA NACIONAL DE SEGURANCA PUBLICA";"1665/2025";"28/07/2026";"30/07/2026";"30/07/2027";"89.422.042/0001-24";"TRIEL-HT INDUSTRIAL E PARTICIPACOES S/A";"00006";"CAMINHÃO, TIPO PIPA, POTÊNCIA MOTOR 230 CV, MOTOR DIESEL, CAPACIDADE VOLUMÉTRICA 12.000 L";"1";"1";"1.578.378,82";"1.578.378,82";"Registro de preços para contratação de serviço especializado de formação de pilotos de aeronaves."
"00040/2026";"200331 - SECRETARIA NACIONAL DE SEGURANCA PUBLICA";"1665/2025";"28/07/2026";"30/07/2026";"30/07/2027";"03.619.767/0005-15";"TORINO INFORMATICA LTDA..";"00001";"ADAPTADOR CONECTOR, TIPO CONECTORES MULTIPORTA COM 4K HDMI USB 3.0, RJ45 ETHERNET, APLICAÇÃO NOTEBOOKS COM PORTAS USB TIPO-C, CARACTERÍSTICAS ADICIONAIS SUPORTA HDMI/USB HUB E PORTO DE CARREGAMENTO, NÚMERO CONTATO 5 EM 1";"1904";"1904";"1.099,00";"2.092.496,00";"Registro de preços para contratação de serviço especializado de formação de pilotos de aeronaves."
"00040/2026";"200331 - SECRETARIA NACIONAL DE SEGURANCA PUBLICA";"1665/2025";"28/07/2026";"30/07/2026";"30/07/2027";"03.871.566/0003-49";"ESCOLA DE AVIACAO CIVIL ASAS ROTATIVAS LTDA";"00001";"Curso / Aperfeiçoamento - Pilotagem de Aeronave";"272";"272";"85.000,00";"23.120.000,00";"Registro de preços para contratação de serviço especializado de formação de pilotos de aeronaves."
"00040/2026";"200331 - SECRETARIA NACIONAL DE SEGURANCA PUBLICA";"1665/2025";"28/07/2026";"30/07/2026";"30/07/2027";"03.871.566/0003-49";"ESCOLA DE AVIACAO CIVIL ASAS ROTATIVAS LTDA";"00002";"Curso / Aperfeiçoamento - Pilotagem de Aeronave";"280";"280";"135.000,00";"37.800.000,00";"Registro de preços para contratação de serviço especializado de formação de pilotos de aeronaves."
"00040/2026";"200331 - SECRETARIA NACIONAL DE SEGURANCA PUBLICA";"1665/2025";"28/07/2026";"30/07/2026";"30/07/2027";"03.871.566/0003-49";"ESCOLA DE AVIACAO CIVIL ASAS ROTATIVAS LTDA";"00003";"Curso / Aperfeiçoamento - Pilotagem de Aeronave";"254";"254";"64.989,00";"16.507.206,00";"Registro de preços para contratação de serviço especializado de formação de pilotos de aeronaves."
"00040/2026";"200331 - SECRETARIA NACIONAL DE SEGURANCA PUBLICA";"1665/2025";"28/07/2026";"30/07/2026";"30/07/2027";"03.622.266/0001-64";"EFAI - ESCOLA DE AVIACAO CIVIL LTDA";"00004";"Curso / Aperfeiçoamento - Pilotagem de Aeronave";"350";"350";"49.740,00";"17.409.000,00";"Registro de preços para contratação de serviço especializado de formação de pilotos de aeronaves."
"00039/2026";"200331 - SECRETARIA NACIONAL DE SEGURANCA PUBLICA";"1665/2025";"27/07/2026";"29/07/2026";"29/07/2027";"92.249.150/0001-51";"MITREN - SISTEMAS E MONTAGENS VEICULARES S.A.";"00003";"CAMINHÃO, TIPO PIPA, POTÊNCIA MOTOR 230 CV, MOTOR DIESEL, CAPACIDADE VOLUMÉTRICA 12.000 L";"162";"162";"1.494.198,62";"242.060.176,44";"Registro de preços para contratação de serviço especializado de formação de pilotos de aeronaves."
"00039/2026";"200331 - SECRETARIA NACIONAL DE SEGURANCA PUBLICA";"1665/2025";"27/07/2026";"29/07/2026";"29/07/2027";"25.462.154/0001-26";"OBJECT COMERCIO DE EQUIPAMENTOS LTDA";"00002";"LAVADORA ULTRASSÔNICA, MODELO HORIZONTAL, DE BANCADA, MATERIAL GABINETE E TAMPA EM POLÍMERO, AJUSTE PAINEL DIGITAL, CAPACIDADE CERCA DE 2 L, TEMPERATURA TEMPERATURA ATÉ 65 °C, ADICIONAL 1 C/ CESTO P/ INSTRUMENTAL, CARACTERÍSTICA ABASTECIMENTO E ESCOAMENTO MANUAL";"185";"185";"2.427,99";"449.178,15";"Registro de preços para contratação de serviço especializado de formação de pilotos de aeronaves."
"00039/2026";"200331 - SECRETARIA NACIONAL DE SEGURANCA PUBLICA";"1665/2025";"27/07/2026";"29/07/2026";"29/07/2027";"03.871.566/0003-49";"ESCOLA DE AVIACAO CIVIL ASAS ROTATIVAS LTDA";"00001";"Curso / Aperfeiçoamento - Pilotagem de Aeronave";"272";"272";"85.000,00";"23.120.000,00";"Registro de preços para contratação de serviço especializado de formação de pilotos de aeronaves."
"00039/2026";"200331 - SECRETARIA NACIONAL DE SEGURANCA PUBLICA";"1665/2025";"27/07/2026";"29/07/2026";"29/07/2027";"03.871.566/0003-49";"ESCOLA DE AVIACAO CIVIL ASAS ROTATIVAS LTDA";"00002";"Curso / Aperfeiçoamento - Pilotagem de Aeronave";"280";"280";"135.000,00";"37.800.000,00";"Registro de preços para contratação de serviço especializado de formação de pilotos de aeronaves."
"00039/2026";"200331 - SECRETARIA NACIONAL DE SEGURANCA PUBLICA";"1665/2025";"27/07/2026";"29/07/2026";"29/07/2027";"03.871.566/0003-49";"ESCOLA DE AVIACAO CIVIL ASAS ROTATIVAS LTDA";"00003";"Curso / Aperfeiçoamento - Pilotagem de Aeronave";"254";"254";"64.989,00";"16.507.206,00";"Registro de preços para contratação de serviço especializado de formação de pilotos de aeronaves."
"00039/2026";"200331 - SECRETARIA NACIONAL DE SEGURANCA PUBLICA";"1665/2025";"27/07/2026";"29/07/2026";"29/07/2027";"03.622.266/0001-64";"EFAI - ESCOLA DE AVIACAO CIVIL LTDA";"00004";"Curso / Aperfeiçoamento - Pilotagem de Aeronave";"350";"350";"49.740,00";"17.409.000,00";"Registro de preços para contratação de serviço especializado de formação de pilotos de aeronaves."
"00040/2025";"200331 - SECRETARIA NACIONAL DE SEGURANCA PUBLICA - SENASP";"90014/2025";"21/07/2025";"22/07/2025";"22/07/2027";"89.422.042/0001-24";"TRIEL-HT INDUSTRIAL E PARTICIPACOES S/A";"00006";"CAMINHÃO, TIPO PIPA, POTÊNCIA MOTOR 230 CV, MOTOR DIESEL, CAPACIDADE VOLUMÉTRICA 12.000 L";"1";"1";"1.578.378,82";"1.578.378,82";"A presente Ata tem por objeto o registro de preços para a eventual aquisição de equipamento de ancoragem (dock station), especificado no item 01 do Termo de Referência (30781763),anexo I do Edital do Pregão Eletrônico nº 90014/2025, que é parte integrante desta Ata,  assim como as propostas cujos preços tenham sido registrados, independentemente de transcrição."
"00040/2025";"200331 - SECRETARIA NACIONAL DE SEGURANCA PUBLICA - SENASP";"90014/2025";"21/07/2025";"22/07/2025";"22/07/2027";"03.619.767/0005-15";"TORINO INFORMATICA LTDA..";"00001";"ADAPTADOR CONECTOR, TIPO CONECTORES MULTIPORTA COM 4K HDMI USB 3.0, RJ45 ETHERNET, APLICAÇÃO NOTEBOOKS COM PORTAS USB TIPO-C, CARACTERÍSTICAS ADICIONAIS SUPORTA HDMI/USB HUB E PORTO DE CARREGAMENTO, NÚMERO CONTATO 5 EM 1";"1904";"1904";"1.099,00";"2.092.496,00";"A presente Ata tem por objeto o registro de preços para a eventual aquisição de equipamento de ancoragem (dock station), especificado no item 01 do Termo de Referência (30781763),anexo I do Edital do Pregão Eletrônico nº 90014/2025, que é parte integrante desta Ata,  assim como as propostas cujos preços tenham sido registrados, independentemente de transcrição."
"00040/2025";"200331 - SECRETARIA NACIONAL DE SEGURANCA PUBLICA - SENASP";"90014/2025";"21/07/2025";"22/07/2025";"22/07/2027";"03.871.566/0003-49";"ESCOLA DE AVIACAO CIVIL ASAS ROTATIVAS LTDA";"00001";"Curso / Aperfeiçoamento - Pilotagem de Aeronave";"272";"272";"85.000,00";"23.120.000,00";"A presente Ata tem por objeto o registro de preços para a eventual aquisição de equipamento de ancoragem (dock station), especificado no item 01 do Termo de Referência (30781763),anexo I do Edital do Pregão Eletrônico nº 90014/2025, que é parte integrante desta Ata,  assim como as propostas cujos preços tenham sido registrados, independentemente de transcrição."
"00040/2025";"200331 - SECRETARIA NACIONAL DE SEGURANCA PUBLICA - SENASP";"90014/2025";"21/07/2025";"22/07/2025";"22/07/2027";"03.871.566/0003-49";"ESCOLA DE AVIACAO CIVIL ASAS ROTATIVAS LTDA";"00002";"Curso / Aperfeiçoamento - Pilotagem de Aeronave";"280";"280";"135.000,00";"37.800.000,00";"A presente Ata tem por objeto o registro de preços para a eventual aquisição de equipamento de ancoragem (dock station), especificado no item 01 do Termo de Referência (30781763),anexo I do Edital do Pregão Eletrônico nº 90014/2025, que é parte integrante desta Ata,  assim como as propostas cujos preços tenham sido registrados, independentemente de transcrição."
"00040/2025";"200331 - SECRETARIA NACIONAL DE SEGURANCA PUBLICA - SENASP";"90014/2025";"21/07/2025";"22/07/2025";"22/07/2027";"03.871.566/0003-49";"ESCOLA DE AVIACAO CIVIL ASAS ROTATIVAS LTDA";"00003";"Curso / Aperfeiçoamento - Pilotagem de Aeronave";"254";"254";"64.989,00";"16.507.206,00";"A presente Ata tem por objeto o registro de preços para a eventual aquisição de equipamento de ancoragem (dock station), especificado no item 01 do Termo de Referência (30781763),anexo I do Edital do Pregão Eletrônico nº 90014/2025, que é parte integrante desta Ata,  assim como as propostas cujos preços tenham sido registrados, independentemente de transcrição."
"00040/2025";"200331 - SECRETARIA NACIONAL DE SEGURANCA PUBLICA - SENASP";"90014/2025";"21/07/2025";"22/07/2025";"22/07/2027";"03.622.266/0001-64";"EFAI - ESCOLA DE AVIACAO CIVIL LTDA";"00004";"Curso / Aperfeiçoamento - Pilotagem de Aeronave";"350";"350";"49.740,00";"17.409.000,00";"A presente Ata tem por objeto o registro de preços para a eventual aquisição de equipamento de ancoragem (dock station), especificado no item 01 do Termo de Referência (30781763),anexo I do Edital do Pregão Eletrônico nº 90014/2025, que é parte integrante desta Ata,  assim como as propostas cujos preços tenham sido registrados, independentemente de transcrição."
"00033/2026";"200331 - SECRETARIA NACIONAL DE SEGURANCA PUBLICA - SENASP";"90027/2025";"20/07/2026";"22/07/2026";"22/07/2027";"00.913.443/0001-73";"RENAULT DO BRASIL S.A.";"00003";"AUTOMÓVEL, TIPO MOTOR 1.8 L, QUANTIDADE PORTAS 4, TIPO COMBUSTÍVEL BI- COMBUSTÍVEL, POTÊNCIA 106 CV, CAPACIDADE TANQUE COMBUSTÍVEL 50 L, QUANTIDADE PASSAGEIRO 7, TIPO CÂMBIO AUTOMÁTICO, OPCIONAIS AR CONDICIONADO, DIREÇÃO ELÉTRICA";"2204";"2204";"191.811,62";"422.752.810,48";"A presente Ata tem por objeto o registro de preços para a eventual contratação de Material de Comunicação Social, Bandeiras e Correlatos para atender às demandas da Diretoria da Força Nacional de Segurança Pública e demais órgãos participantes, especificados no item 30 do Termo de Referência (33465601), anexo do Edital do Pregão Eletrônico nº  90027/2025, que é parte integrante desta Ata, assim como as propostas cujos preços tenham sido registrados, independentemente de transcrição."
"00033/2026";"200331 - SECRETARIA NACIONAL DE SEGURANCA PUBLICA - SENASP";"90027/2025";"20/07/2026";"22/07/2026";"22/07/2027";"32.282.397/0001-48";"PONIX DISTRIBUIDORA DE PRODUTOS LTDA";"00030";"TOALHA MESA, MATERIAL JACQUARD, FORMATO QUADRADA, COMPRIMENTO 1,60 M, LARGURA 1,60 M, COR VARIADA";"1334";"1334";"36,33";"48.464,22";"A presente Ata tem por objeto o registro de preços para a eventual contratação de Material de Comunicação Social, Bandeiras e Correlatos para atender às demandas da Diretoria da Força Nacional de Segurança Pública e demais órgãos participantes, especificados no item 30 do Termo de Referência (33465601), anexo do Edital do Pregão Eletrônico nº  90027/2025, que é parte integrante desta Ata, assim como as propostas cujos preços tenham sido registrados, independentemente de transcrição."
"00036/2025";"200331 - SECRETARIA NACIONAL DE SEGURANCA PUBLICA - SENASP";"90001/2025";"18/07/2025";"21/07/2025";"21/07/2027";"45.218.484/0001-88";"GESPI INDUSTRIA E COMERCIO DE EQUIPAMENTOS AERONAUTICOS LTDA";"00002";"LANCHA, MATERIAL CASCO ALUMÍNIO LIGA NAVAL, COMPRIMENTO 8 M, BOCA 2,9 M, CALADO 0,7 M, POTÊNCIA MÁXIMA MOTOR 900 HP, PESO 7 T, QUANTIDADE PASSAGEIRO 8 UN, ACESSÓRIOS SISTEMA DE MONITORAMENTO E REGISTRO DE IMAGENS, CARACTERÍSTICAS ADICIONAIS BLINDADA, TIPO MOTOR MOTOR CENTRO COM EIXO, COMBUSTÍVEL GASOLINA, CAPACIDADE TANQUE COMBUSTÍVEL 1.500 L, TIPO CAPOTA CAPOTA FIXA";"30";"30";"3.475.553,20";"104.266.596,00";"Aquisição de Equipamentos de Atividade Física, para atender demanda da Secretaria Nacional de Segurança Púbica e demais órgão participantes, especificados nos itens 1 a 4 do Termo de Referência (29867900), anexo do Edital do Pregão Eletrônico nº 90001/2025 (30660110), que é parte integrante desta Ata, assim como as propostas cujos preços tenham sido registrados, independentemente de transcrição."
"00036/2025";"200331 - SECRETARIA NACIONAL DE SEGURANCA PUBLICA - SENASP";"90001/2025";"18/07/2025";"21/07/2025";"21/07/2027";"50.937.669/0001-82";"SIGMETAL INDUSTRIA DE EQUIPAMENTOS EM ACOS LTDA";"00001";"APARELHO / EQUIPAMENTO PARA CONDICIONAMENTO FÍSICO, TIPO BARRA, MATERIAL AÇO, APLICAÇÃO CONDICIONAMENTO FÍSICO, CARACTERISTICAS ADICIONAIS COM 2 PRESILHAS, DIMENSÕES 2,20 M";"557";"557";"10.749,72";"5.987.594,04";"Aquisição de Equipamentos de Atividade Física, para atender demanda da Secretaria Nacional de Segurança Púbica e demais órgão participantes, especificados nos itens 1 a 4 do Termo de Referência (29867900), anexo do Edital do Pregão Eletrônico nº 90001/2025 (30660110), que é parte integrante desta Ata, assim como as propostas cujos preços tenham sido registrados, independentemente de transcrição."
"00036/2025";"200331 - SECRETARIA NACIONAL DE SEGURANCA PUBLICA - SENASP";"90001/2025";"18/07/2025";"21/07/2025";"21/07/2027";"50.937.669/0001-82";"SIGMETAL INDUSTRIA DE EQUIPAMENTOS EM ACOS LTDA";"00003";"APARELHO / EQUIPAMENTO PARA CONDICIONAMENTO FÍSICO, TIPO CADEIRA EXTENSORA, MATERIAL AÇO CARBONO, APLICAÇÃO CONDICIONAMENTO FÍSICO, CARACTERISTICAS ADICIONAIS ASSENTO REGULÁVEL, REGULAGEM DE CARGA";"560";"560";"9.551,91";"5.349.069,60";"Aquisição de Equipamentos de Atividade Física, para atender demanda da Secretaria Nacional de Segurança Púbica e demais órgão participantes, especificados nos itens 1 a 4 do Termo de Referência (29867900), anexo do Edital do Pregão Eletrônico nº 90001/2025 (30660110), que é parte integrante desta Ata, assim como as propostas cujos preços tenham sido registrados, independentemente de transcrição."
"00036/2025";"200331 - SECRETARIA NACIONAL DE SEGURANCA PUBLICA - SENASP";"90001/2025";"18/07/2025";"21/07/2025";"21/07/2027";"50.937.669/0001-82";"SIGMETAL INDUSTRIA DE EQUIPAMENTOS EM ACOS LTDA";"00002";"APARELHO / EQUIPAMENTO PARA CONDICIONAMENTO FÍSICO, TIPO PUXADA ALTA DUPLA, MATERIAL AÇO CARBONO, APLICAÇÃO TRAPÉZIO, BÍCEPS, OMBROS";"506";"506";"10.252,90";"5.187.967,40";"Aquisição de Equipamentos de Atividade Física, para atender demanda da Secretaria Nacional de Segurança Púbica e demais órgão participantes, especificados nos itens 1 a 4 do Termo de Referência (29867900), anexo do Edital do Pregão Eletrônico nº 90001/2025 (30660110), que é parte integrante desta Ata, assim como as propostas cujos preços tenham sido registrados, independentemente de transcrição."
"00036/2025";"200331 - SECRETARIA NACIONAL DE SEGURANCA PUBLICA - SENASP";"90001/2025";"18/07/2025";"21/07/2025";"21/07/2027";"50.937.669/0001-82";"SIGMETAL INDUSTRIA DE EQUIPAMENTOS EM ACOS LTDA";"00004";"APARELHO / EQUIPAMENTO PARA CONDICIONAMENTO FÍSICO, TIPO CADEIRA FLEXORA, MATERIAL AÇO CARBONO, APLICAÇÃO CONDICIONAMENTO FÍSICO, DIMENSÕES 1,11 X 1,55 X 1,52 M";"484";"484";"8.018,88";"3.881.137,92";"Aquisição de Equipamentos de Atividade Física, para atender demanda da Secretaria Nacional de Segurança Púbica e demais órgão participantes, especificados nos itens 1 a 4 do Termo de Referência (29867900), anexo do Edital do Pregão Eletrônico nº 90001/2025 (30660110), que é parte integrante desta Ata, assim como as propostas cujos preços tenham sido registrados, independentemente de transcrição."
"00036/2025";"200331 - SECRETARIA NACIONAL DE SEGURANCA PUBLICA - SENASP";"90001/2025";"18/07/2025";"21/07/2025";"21/07/2027";"50.615.423/0001-94";"LIDER BANDEIRAS E UNIFORMES LTDA";"00002";"SUPORTE DE MASTRO DE BANDEIRA, MATERIAL MADEIRA, COMPRIMENTO 460 MM, LARGURA 240 MM, ALTURA 150 MM, CARACTERISTICAS ADICIONAIS COM ENCAIXE PARA 28MM. SAPATA EM ACO INOX, QUANTIDADE DE MASTROS 3 UN";"538";"538";"247,50";"133.155,00";"Aquisição de Equipamentos de Atividade Física, para atender demanda da Secretaria Nacional de Segurança Púbica e demais órgão participantes, especificados nos itens 1 a 4 do Termo de Referência (29867900), anexo do Edital do Pregão Eletrônico nº 90001/2025 (30660110), que é parte integrante desta Ata, assim como as propostas cujos preços tenham sido registrados, independentemente de transcrição."
"00036/2025";"200331 - SECRETARIA NACIONAL DE SEGURANCA PUBLICA - SENASP";"90001/2025";"18/07/2025";"21/07/2025";"21/07/2027";"50.615.423/0001-94";"LIDER BANDEIRAS E UNIFORMES LTDA";"00004";"MASTRO BANDEIRA, MATERIAL ALUMÍNIO, ALTURA 2,30 M, DIÂMETRO 28 MM, CARACTERÍSTICAS ADICIONAIS COM LANÇA E BASE CROMADAS";"2058";"2058";"111,00";"228.438,00";"Aquisição de Equipamentos de Atividade Física, para atender demanda da Secretaria Nacional de Segurança Púbica e demais órgão participantes, especificados nos itens 1 a 4 do Termo de Referência (29867900), anexo do Edital do Pregão Eletrônico nº 90001/2025 (30660110), que é parte integrante desta Ata, assim como as propostas cujos preços tenham sido registrados, independentemente de transcrição."
"00036/2025";"200331 - SECRETARIA NACIONAL DE SEGURANCA PUBLICA - SENASP";"90001/2025";"18/07/2025";"21/07/2025";"21/07/2027";"50.615.423/0001-94";"LIDER BANDEIRAS E UNIFORMES LTDA";"00007";"TALABARTE DE BANDEIRA, MODELO COM PONTEIRA NIQUELADA., MATERIAL TERGAL VERGÃO, ALTURA 13,50 CM, FORRAÇÃO VELUDO AMARELO, CARACTERÍSTICAS ADICIONAIS CONFORME MODELO DO ÓRGÃO";"1978";"1978";"75,00";"148.350,00";"Aquisição de Equipamentos de Atividade Física, para atender demanda da Secretaria Nacional de Segurança Púbica e demais órgão participantes, especificados nos itens 1 a 4 do Termo de Referência (29867900), anexo do Edital do Pregão Eletrônico nº 90001/2025 (30660110), que é parte integrante desta Ata, assim como as propostas cujos preços tenham sido registrados, independentemente de transcrição."
"00036/2025";"200331 - SECRETARIA NACIONAL DE SEGURANCA PUBLICA - SENASP";"90001/2025";"18/07/2025";"21/07/2025";"21/07/2027";"50.615.423/0001-94";"LIDER BANDEIRAS E UNIFORMES LTDA";"00003";"SUPORTE DE MASTRO DE BANDEIRA, MATERIAL MADEIRA, COMPRIMENTO 460 MM, LARGURA 240 MM, ALTURA 150 MM, CARACTERISTICAS ADICIONAIS COM ENCAIXE PARA 28MM. SAPATA EM ACO INOX, QUANTIDADE DE MASTROS 3 UN";"649";"649";"287,00";"186.263,00";"Aquisição de Equipamentos de Atividade Física, para atender demanda da Secretaria Nacional de Segurança Púbica e demais órgão participantes, especificados nos itens 1 a 4 do Termo de Referência (29867900), anexo do Edital do Pregão Eletrônico nº 90001/2025 (30660110), que é parte integrante desta Ata, assim como as propostas cujos preços tenham sido registrados, independentemente de transcrição."
"00036/2025";"200331 - SECRETARIA NACIONAL DE SEGURANCA PUBLICA - SENASP";"90001/2025";"18/07/2025";"21/07/2025";"21/07/2027";"50.615.423/0001-94";"LIDER BANDEIRAS E UNIFORMES LTDA";"00005";"MASTRO BANDEIRA, MATERIAL MADEIRA, ALTURA 2,20 M, DIÂMETRO 30 MM, ACABAMENTO SUPERFICIAL ENVERNIZADO, CARACTERÍSTICAS ADICIONAIS COM LANÇA CROMADA";"762";"762";"142,00";"108.204,00";"Aquisição de Equipamentos de Atividade Física, para atender demanda da Secretaria Nacional de Segurança Púbica e demais órgão participantes, especificados nos itens 1 a 4 do Termo de Referência (29867900), anexo do Edital do Pregão Eletrônico nº 90001/2025 (30660110), que é parte integrante desta Ata, assim como as propostas cujos preços tenham sido registrados, independentemente de transcrição."
"00036/2025";"200331 - SECRETARIA NACIONAL DE SEGURANCA PUBLICA - SENASP";"90001/2025";"18/07/2025";"21/07/2025";"21/07/2027";"50.615.423/0001-94";"LIDER BANDEIRAS E UNIFORMES LTDA";"00008";"BANDEIRA INSTITUCIONAL, MATERIAL CETIM, COMPRIMENTO 21 CM, LARGURA 14 CM, CARACTERÍSTICAS ADICIONAIS BANDEIRA DE MESA";"1880";"1880";"40,00";"75.200,00";"Aquisição de Equipamentos de Atividade Física, para atender demanda da Secretaria Nacional de Segurança Púbica e demais órgão participantes, especificados nos itens 1 a 4 do Termo de Referência (29867900), anexo do Edital do Pregão Eletrônico nº 90001/2025 (30660110), que é parte integrante desta Ata, assim como as propostas cujos preços tenham sido registrados, independentemente de transcrição."
"00036/2025";"200331 - SECRETARIA NACIONAL DE SEGURANCA PUBLICA - SENASP";"90001/2025";"18/07/2025";"21/07/2025";"21/07/2027";"50.615.423/0001-94";"LIDER BANDEIRAS E UNIFORMES LTDA";"00010";"CACHECOL, MATERIAL ALGODÃO, TIPO DE PARADA, COR AZUL TURQUESA, APLICAÇÃO USO MILITAR";"429";"429";"15,20";"6.520,80";"Aquisição de Equipamentos de Atividade Física, para atender demanda da Secretaria Nacional de Segurança Púbica e demais órgão participantes, especificados nos itens 1 a 4 do Termo de Referência (29867900), anexo do Edital do Pregão Eletrônico nº 90001/2025 (30660110), que é parte integrante desta Ata, assim como as propostas cujos preços tenham sido registrados, independentemente de transcrição."
"00036/2025";"200331 - SECRETARIA NACIONAL DE SEGURANCA PUBLICA - SENASP";"90001/2025";"18/07/2025";"21/07/2025";"21/07/2027";"50.615.423/0001-94";"LIDER BANDEIRAS E UNIFORMES LTDA";"00009";"BANDEIRA INSTITUCIONAL, MATERIAL POLIÉSTER, COMPRIMENTO 128 CM, LARGURA 90 CM, CARACTERÍSTICAS ADICIONAIS SÍMBOLO BORDADO, REPRESENTAÇÃO ESTADO DE SÃO PAULO";"6206";"6206";"50,00";"310.300,00";"Aquisição de Equipamentos de Atividade Física, para atender demanda da Secretaria Nacional de Segurança Púbica e demais órgão participantes, especificados nos itens 1 a 4 do Termo de Referência (29867900), anexo do Edital do Pregão Eletrônico nº 90001/2025 (30660110), que é parte integrante desta Ata, assim como as propostas cujos preços tenham sido registrados, independentemente de transcrição."
"00036/2025";"200331 - SECRETARIA NACIONAL DE SEGURANCA PUBLICA - SENASP";"90001/2025";"18/07/2025";"21/07/2025";"21/07/2027";"50.615.423/0001-94";"LIDER BANDEIRAS E UNIFORMES LTDA";"00029";"TOALHA MESA, MATERIAL JACQUARD, FORMATO RETANGULAR, COMPRIMENTO 3,70 M, LARGURA 2,50 M, COR VARIADA";"735";"735";"92,00";"67.620,00";"Aquisição de Equipamentos de Atividade Física, para atender demanda da Secretaria Nacional de Segurança Púbica e demais órgão participantes, especificados nos itens 1 a 4 do Termo de Referência (29867900), anexo do Edital do Pregão Eletrônico nº 90001/2025 (30660110), que é parte integrante desta Ata, assim como as propostas cujos preços tenham sido registrados, independentemente de transcrição."
"00038/2026";"200331 - SECRETARIA NACIONAL DE SEGURANCA PUBLICA - SENASP";"90002/2026";"20/07/2026";"21/07/2026";"20/07/2027";"52.201.456/0001-13";"LEICA DO BRASIL IMPORTACAO E COMERCIO LTDA.";"00001";"MICROSCÓPIO, TIPO DE ANÁLISE ÓTICO, VERTICAL, TIPO BINOCULAR, AUMENTO OCULAR ATÉ 15X, COMPONENTES DIGITAL, AUTOMÁTICO, OUTROS COMPONENTES FOCALIZAÇÃO COAXIAL, COMPATÍVEL C/ FLUORESCÊNCIA, ADICIONAL INCLINAÇÃO ATÉ 30°";"87";"87";"502.978,65";"43.759.142,55";"A presente Ata tem por objeto o registro de preços para a eventual aquisição de sonar tipo Side Scan para buscas submersas em mergulho, para atender demanda da Secretaria Nacional de Segurança Púbica e demais órgãos participantes, especificados no item 01 do Termo de Referência (34720840), anexo do Edital do Pregão Eletrônico nº 90002/2026, que é parte integrante desta Ata, assim como as propostas cujos preços tenham sido registrados, independentemente de transcrição."
"00038/2026";"200331 - SECRETARIA NACIONAL DE SEGURANCA PUBLICA - SENASP";"90002/2026";"20/07/2026";"21/07/2026";"20/07/2027";"";"ULTRAMAR USA";"00001";"SONAR, COMPRIMENTO 1,20 M, LARGURA 25,80 CM, FAIXA FREQÜÊNCIA 3 A 15 KHZ, TEMPERATURA OPERAÇÃO 5 A 30 °C, PROFUNDIDADE MÁXIMA OPERAÇÃO 50 M";"38";"38";"379.418,34";"14.417.896,92";"A presente Ata tem por objeto o registro de preços para a eventual aquisição de sonar tipo Side Scan para buscas submersas em mergulho, para atender demanda da Secretaria Nacional de Segurança Púbica e demais órgãos participantes, especificados no item 01 do Termo de Referência (34720840), anexo do Edital do Pregão Eletrônico nº 90002/2026, que é parte integrante desta Ata, assim como as propostas cujos preços tenham sido registrados, independentemente de transcrição."
"00035/2025";"200331 - SECRETARIA NACIONAL DE SEGURANCA PUBLICA - SENASP";"90029/2024";"15/07/2025";"16/07/2025";"16/07/2027";"16.701.716/0001-56";"STELLANTIS AUTOMOVEIS BRASIL LTDA.";"00003";"VEÍCULO PICK-UP, TIPO MOTOR TURBO DIESEL, TIPO DIREÇÃO HIDRÁULICA, CARGA ÚTIL 1000 KG, CAPACIDADE PASSAGEIRO 5, TIPO REFRIGERAÇÃO AR QUENTE E AR FRIO, TIPO FREIO SISTEMA ABS NAS QUATRO RODAS, TIPO TRAÇÃO 4X4, CARACTERÍSTICAS ADICIONAIS CABINE DUPLA/AIR BAG/ALARME/ACIONAMENTO ELÉTRICO";"1200";"1200";"308.893,66";"370.672.392,00";"RETIFICAR o nome do partícipe no item 3.2 da Ata de Registro de Preços 35/2025 (32075665), UASG 928093, para que passe a constar a seguinte denominação no registro: Fundo Estadual de Segurança Pública de Rondônia."
"00035/2025";"200331 - SECRETARIA NACIONAL DE SEGURANCA PUBLICA - SENASP";"90029/2024";"15/07/2025";"16/07/2025";"16/07/2027";"54.860.605/0001-81";"LUCAS RICARDO MANIERI DE ALMEIDA  LTDA";"00012";"PULPITO PORTATIL, MATERIAL ACRÍLICO, ESPESSURA DO TAMPO 10 MM, ALTURA 120 CM, PROFUNDIDADE 40 CM, LARGURA 50 CM, CARACTERíSTICAS ADICIONAIS INTEIRIÇO/1 PRATELEIRA/PÉS DE APOIO";"523";"523";"1.450,00";"758.350,00";"RETIFICAR o nome do partícipe no item 3.2 da Ata de Registro de Preços 35/2025 (32075665), UASG 928093, para que passe a constar a seguinte denominação no registro: Fundo Estadual de Segurança Pública de Rondônia."
"00035/2025";"200331 - SECRETARIA NACIONAL DE SEGURANCA PUBLICA - SENASP";"90029/2024";"15/07/2025";"16/07/2025";"16/07/2027";"54.860.605/0001-81";"LUCAS RICARDO MANIERI DE ALMEIDA  LTDA";"00013";"CAIXA SOM, POTÊNCIA 500 W, COR PRETA, VOLTAGEM 110/220 V, APLICAÇÃO MICROFONE, CARACTERÍSTICAS ADICIONAIS COM 11 ENTRADAS DVD MIX, SOM ESTÉREO COM CONTROLE";"569";"569";"1.760,00";"1.001.440,00";"RETIFICAR o nome do partícipe no item 3.2 da Ata de Registro de Preços 35/2025 (32075665), UASG 928093, para que passe a constar a seguinte denominação no registro: Fundo Estadual de Segurança Pública de Rondônia."
"00035/2025";"200331 - SECRETARIA NACIONAL DE SEGURANCA PUBLICA - SENASP";"90029/2024";"15/07/2025";"16/07/2025";"16/07/2027";"54.860.605/0001-81";"LUCAS RICARDO MANIERI DE ALMEIDA  LTDA";"00021";"ESTABILIZADOR - FOTOGRAFICO, MÚMERO DE EIXOS 3 EIXOS (INCLINAÇÃO, ROTAÇÃO, GUINADA), INTERFACE USB, CAPACIDADE DE CARGA 0,6 A 6,49 KG, PESO 2,45 KG";"341";"341";"3.400,00";"1.159.400,00";"RETIFICAR o nome do partícipe no item 3.2 da Ata de Registro de Preços 35/2025 (32075665), UASG 928093, para que passe a constar a seguinte denominação no registro: Fundo Estadual de Segurança Pública de Rondônia."
"00035/2025";"200331 - SECRETARIA NACIONAL DE SEGURANCA PUBLICA - SENASP";"90029/2024";"15/07/2025";"16/07/2025";"16/07/2027";"54.860.605/0001-81";"LUCAS RICARDO MANIERI DE ALMEIDA  LTDA";"00019";"BOLSA TRANSPORTE, MODELO CÂMERA FOTOGRÁFICA DIGITAL CANON, REFERÊNCIA EOS REBEL T6I, APLICAÇÃO EQUIPAMENTOS FOTOGRÁFICOS, MATERIAL NÁILON";"912";"912";"145,00";"132.240,00";"RETIFICAR o nome do partícipe no item 3.2 da Ata de Registro de Preços 35/2025 (32075665), UASG 928093, para que passe a constar a seguinte denominação no registro: Fundo Estadual de Segurança Pública de Rondônia."
"00035/2025";"200331 - SECRETARIA NACIONAL DE SEGURANCA PUBLICA - SENASP";"90029/2024";"15/07/2025";"16/07/2025";"16/07/2027";"54.860.605/0001-81";"LUCAS RICARDO MANIERI DE ALMEIDA  LTDA";"00022";"ILUMINADOR PARA FILMAGEM, TIPO ILUMINADOR LED, MODELO BASTÃO, ALTURA 50 CM, POTÊNCIA 10 W, TEMPERATURA DA COR 3000- 5500 K, APLICAÇÃO FOTO E FILMAGEM, CARACTERíSTICAS ADICIONAIS BATERIA RECARREGÁVEL";"381";"381";"465,00";"177.165,00";"RETIFICAR o nome do partícipe no item 3.2 da Ata de Registro de Preços 35/2025 (32075665), UASG 928093, para que passe a constar a seguinte denominação no registro: Fundo Estadual de Segurança Pública de Rondônia."
"00035/2026";"200331 - SECRETARIA NACIONAL DE SEGURANCA PUBLICA - SENASP";"90027/2025";"06/07/2026";"07/07/2026";"07/07/2027";"16.701.716/0001-56";"STELLANTIS AUTOMOVEIS BRASIL LTDA.";"00003";"VEÍCULO PICK-UP, TIPO MOTOR TURBO DIESEL, TIPO DIREÇÃO HIDRÁULICA, CARGA ÚTIL 1000 KG, CAPACIDADE PASSAGEIRO 5, TIPO REFRIGERAÇÃO AR QUENTE E AR FRIO, TIPO FREIO SISTEMA ABS NAS QUATRO RODAS, TIPO TRAÇÃO 4X4, CARACTERÍSTICAS ADICIONAIS CABINE DUPLA/AIR BAG/ALARME/ACIONAMENTO ELÉTRICO";"1200";"1200";"308.893,66";"370.672.392,00";"A presente Ata tem por objeto o registro de preços para a eventual contratação de Material de Comunicação Social, Bandeiras e Correlatos para atender às demandas da Diretoria da Força Nacional de Segurança Pública e demais órgãos participantes, especificados no itens 12, 13, 19, 21 e 22 do Termo de Referência (33465601), anexo do Edital do Pregão Eletrônico nº 90027/2025, que é parte integrante desta Ata, assim como as propostas cujos preços tenham sido registrados, independentemente de transcrição."
"00035/2026";"200331 - SECRETARIA NACIONAL DE SEGURANCA PUBLICA - SENASP";"90027/2025";"06/07/2026";"07/07/2026";"07/07/2027";"54.860.605/0001-81";"LUCAS RICARDO MANIERI DE ALMEIDA  LTDA";"00012";"PULPITO PORTATIL, MATERIAL ACRÍLICO, ESPESSURA DO TAMPO 10 MM, ALTURA 120 CM, PROFUNDIDADE 40 CM, LARGURA 50 CM, CARACTERíSTICAS ADICIONAIS INTEIRIÇO/1 PRATELEIRA/PÉS DE APOIO";"523";"523";"1.450,00";"758.350,00";"A presente Ata tem por objeto o registro de preços para a eventual contratação de Material de Comunicação Social, Bandeiras e Correlatos para atender às demandas da Diretoria da Força Nacional de Segurança Pública e demais órgãos participantes, especificados no itens 12, 13, 19, 21 e 22 do Termo de Referência (33465601), anexo do Edital do Pregão Eletrônico nº 90027/2025, que é parte integrante desta Ata, assim como as propostas cujos preços tenham sido registrados, independentemente de transcrição."
"00035/2026";"200331 - SECRETARIA NACIONAL DE SEGURANCA PUBLICA - SENASP";"90027/2025";"06/07/2026";"07/07/2026";"07/07/2027";"54.860.605/0001-81";"LUCAS RICARDO MANIERI DE ALMEIDA  LTDA";"00013";"CAIXA SOM, POTÊNCIA 500 W, COR PRETA, VOLTAGEM 110/220 V, APLICAÇÃO MICROFONE, CARACTERÍSTICAS ADICIONAIS COM 11 ENTRADAS DVD MIX, SOM ESTÉREO COM CONTROLE";"569";"569";"1.760,00";"1.001.440,00";"A presente Ata tem por objeto o registro de preços para a eventual contratação de Material de Comunicação Social, Bandeiras e Correlatos para atender às demandas da Diretoria da Força Nacional de Segurança Pública e demais órgãos participantes, especificados no itens 12, 13, 19, 21 e 22 do Termo de Referência (33465601), anexo do Edital do Pregão Eletrônico nº 90027/2025, que é parte integrante desta Ata, assim como as propostas cujos preços tenham sido registrados, independentemente de transcrição."
"00035/2026";"200331 - SECRETARIA NACIONAL DE SEGURANCA PUBLICA - SENASP";"90027/2025";"06/07/2026";"07/07/2026";"07/07/2027";"54.860.605/0001-81";"LUCAS RICARDO MANIERI DE ALMEIDA  LTDA";"00021";"ESTABILIZADOR - FOTOGRAFICO, MÚMERO DE EIXOS 3 EIXOS (INCLINAÇÃO, ROTAÇÃO, GUINADA), INTERFACE USB, CAPACIDADE DE CARGA 0,6 A 6,49 KG, PESO 2,45 KG";"341";"341";"3.400,00";"1.159.400,00";"A presente Ata tem por objeto o registro de preços para a eventual contratação de Material de Comunicação Social, Bandeiras e Correlatos para atender às demandas da Diretoria da Força Nacional de Segurança Pública e demais órgãos participantes, especificados no itens 12, 13, 19, 21 e 22 do Termo de Referência (33465601), anexo do Edital do Pregão Eletrônico nº 90027/2025, que é parte integrante desta Ata, assim como as propostas cujos preços tenham sido registrados, independentemente de transcrição."
"00035/2026";"200331 - SECRETARIA NACIONAL DE SEGURANCA PUBLICA - SENASP";"90027/2025";"06/07/2026";"07/07/2026";"07/07/2027";"54.860.605/0001-81";"LUCAS RICARDO MANIERI DE ALMEIDA  LTDA";"00019";"BOLSA TRANSPORTE, MODELO CÂMERA FOTOGRÁFICA DIGITAL CANON, REFERÊNCIA EOS REBEL T6I, APLICAÇÃO EQUIPAMENTOS FOTOGRÁFICOS, MATERIAL NÁILON";"912";"912";"145,00";"132.240,00";"A presente Ata tem por objeto o registro de preços para a eventual contratação de Material de Comunicação Social, Bandeiras e Correlatos para atender às demandas da Diretoria da Força Nacional de Segurança Pública e demais órgãos participantes, especificados no itens 12, 13, 19, 21 e 22 do Termo de Referência (33465601), anexo do Edital do Pregão Eletrônico nº 90027/2025, que é parte integrante desta Ata, assim como as propostas cujos preços tenham sido registrados, independentemente de transcrição."
"00035/2026";"200331 - SECRETARIA NACIONAL DE SEGURANCA PUBLICA - SENASP";"90027/2025";"06/07/2026";"07/07/2026";"07/07/2027";"54.860.605/0001-81";"LUCAS RICARDO MANIERI DE ALMEIDA  LTDA";"00022";"ILUMINADOR PARA FILMAGEM, TIPO ILUMINADOR LED, MODELO BASTÃO, ALTURA 50 CM, POTÊNCIA 10 W, TEMPERATURA DA COR 3000- 5500 K, APLICAÇÃO FOTO E FILMAGEM, CARACTERíSTICAS ADICIONAIS BATERIA RECARREGÁVEL";"381";"381";"465,00";"177.165,00";"A presente Ata tem por objeto o registro de preços para a eventual contratação de Material de Comunicação Social, Bandeiras e Correlatos para atender às demandas da Diretoria da Força Nacional de Segurança Pública e demais órgãos participantes, especificados no itens 12, 13, 19, 21 e 22 do Termo de Referência (33465601), anexo do Edital do Pregão Eletrônico nº 90027/2025, que é parte integrante desta Ata, assim como as propostas cujos preços tenham sido registrados, independentemente de transcrição."
"00034/2025";"200331 - SECRETARIA NACIONAL DE SEGURANCA PUBLICA - SENASP";"90003/2025";"27/06/2025";"28/06/2025";"28/06/2027";"23.871.782/0001-30";"BMW MANUFACTURING INDUSTRIA DE MOTOS DA AMAZONIA LTDA";"00004";"VEÍCULO TRANSPORTE PESSOAL, APLICAÇÃO MILITAR, TIPO MOTOCICLETA, CAPACIDADE TRANSPORTE PASSAGEIROS 2 UN, TRAÇÃO 2 X 1, COMBUSTÍVEL GASOLINA";"803";"803";"99.490,00";"79.890.470,00";"A presente Ata tem por objeto o registro de preços para a eventual aquisição de veículos especiais caracterizados, para atender demanda da Secretaria Nacional de Segurança Púbica e demais órgão participantes, especificado no item 4 do Termo de Referência (30672344), anexo do Edital do Pregão Eletrônico nº 90003/2025, que é parte integrante desta Ata, assim como as propostas cujos preços tenham sido registrados, independentemente de transcrição."
"00034/2025";"200331 - SECRETARIA NACIONAL DE SEGURANCA PUBLICA - SENASP";"90003/2025";"27/06/2025";"28/06/2025";"28/06/2027";"18.964.131/0001-54";"FULL - BROADCAST & AUDIO - LTDA";"00023";"TRIPÉ, MATERIAL ALUMÍNIO, TIPO FIXO, ALTURA MÁXIMA 156,50 CM, CAPACIDADE 5 KG, TIPO CABEÇA BOLA DE 60 MM, APLICAÇÃO CÂMARA FOTOGRÁFICA OU FILMADORA, CARACTERÍSTICAS ADICIONAIS COM PLACA DE CÂMERA DESLIZANTE COM DOIS PINOS";"396";"396";"544,00";"215.424,00";"A presente Ata tem por objeto o registro de preços para a eventual aquisição de veículos especiais caracterizados, para atender demanda da Secretaria Nacional de Segurança Púbica e demais órgão participantes, especificado no item 4 do Termo de Referência (30672344), anexo do Edital do Pregão Eletrônico nº 90003/2025, que é parte integrante desta Ata, assim como as propostas cujos preços tenham sido registrados, independentemente de transcrição."
"00034/2025";"200331 - SECRETARIA NACIONAL DE SEGURANCA PUBLICA - SENASP";"90003/2025";"27/06/2025";"28/06/2025";"28/06/2027";"18.964.131/0001-54";"FULL - BROADCAST & AUDIO - LTDA";"00018";"CÂMERA FOTOGRÁFICA DIGITAL, TIPO ZOOM ÓPTICO DE 50X, TIPO FOCO AUTOMÁTICO, TIPO VISOR LCD 3 POL, FORMATO GRAVAÇÃO IMAGEM PADRÃO JEPG, TIPO MODO GRAVAÇÃO VÍDEO 720P, RESOLUÇÃO MÁXIMA 16 MEGAPIXELS, INTERFACE USB E SLOT CARD, TIPO MEMÓRIA CARTÃO SD, CAPACIDADE MEMÓRIA MÍNIMO DE 8 GB, RESOLUÇÃO MÍNIMA 10 MPX, FLASH EMBUTIDO";"485";"485";"5.950,00";"2.885.750,00";"A presente Ata tem por objeto o registro de preços para a eventual aquisição de veículos especiais caracterizados, para atender demanda da Secretaria Nacional de Segurança Púbica e demais órgão participantes, especificado no item 4 do Termo de Referência (30672344), anexo do Edital do Pregão Eletrônico nº 90003/2025, que é parte integrante desta Ata, assim como as propostas cujos preços tenham sido registrados, independentemente de transcrição."
"00032/2025";"200331 - SECRETARIA NACIONAL DE SEGURANCA PUBLICA - SENASP";"90003/2025";"26/06/2025";"27/06/2025";"27/06/2027";"59.275.792/0001-50";"GENERAL MOTORS DO BRASIL LTDA";"00001";"AUTOMÓVEL, TIPO MOTOR 1.8 L, QUANTIDADE PORTAS 4, TIPO COMBUSTÍVEL BI- COMBUSTÍVEL, POTÊNCIA 106 CV, CAPACIDADE TANQUE COMBUSTÍVEL 50 L, QUANTIDADE PASSAGEIRO 7, TIPO CÂMBIO AUTOMÁTICO, OPCIONAIS AR CONDICIONADO, DIREÇÃO ELÉTRICA";"1864";"1864";"355.230,00";"662.148.720,00";"A presente Ata tem por objeto o registro de preços para a eventual aquisição de veículos especiais caracterizados, para atender demanda da Secretaria Nacional de Segurança Púbica e demais órgão participantes, especificado no item 1 do Termo de Referência (30672344), anexo do Edital do Pregão Eletrônico nº 90003/2025, que é parte integrante desta Ata, assim como as propostas cujos preços tenham sido registrados, independentemente de transcrição."
"00032/2025";"200331 - SECRETARIA NACIONAL DE SEGURANCA PUBLICA - SENASP";"90003/2025";"26/06/2025";"27/06/2025";"27/06/2027";"10.776.858/0001-04";"CINEFLEX INDUSTRIA DE PRODUTOS VISUAIS LTDA";"00028";"TELA PROJEÇÃO, TIPO AJUSTE TELA RETRÁTIL AUTOMÁTICO, MATERIAL MATTE WITE, COR ACABAMENTO PRETA, ALTURA 180 CM, LARGURA 2,40 M, CARACTERÍSTICAS ADICIONAIS ENROLAMENTO AUTOMÁTICO POR MOLA, TIPO TELA RETRÁTIL, TENSÃO ENTRADA 110/220 V";"427";"427";"480,00";"204.960,00";"A presente Ata tem por objeto o registro de preços para a eventual aquisição de veículos especiais caracterizados, para atender demanda da Secretaria Nacional de Segurança Púbica e demais órgão participantes, especificado no item 1 do Termo de Referência (30672344), anexo do Edital do Pregão Eletrônico nº 90003/2025, que é parte integrante desta Ata, assim como as propostas cujos preços tenham sido registrados, independentemente de transcrição."
"00031/2025";"200331 - SECRETARIA NACIONAL DE SEGURANCA PUBLICA - SENASP";"90005/2024";"24/06/2025";"25/06/2025";"25/06/2027";"40437906191";"MARCELO SILVEIRA DA COSTA";"00001";"ARMA DE FOGO - EMPUNHÁVEL - MÉDIO PORTE, TIPO FUZIL, CALIBRE 5,56, TIPO CORONHA RETRÁTIL AJUSTÁVEL";"20551";"20551";"5.578,90";"114.651.973,90";"A presente Ata tem por objeto o registro de preços para a aquisição de armamentos e acessórios, visando atender à demanda da Secretaria Nacional de Segurança Pública e demais órgãos participantes, especificados nos itens do Termo de Referência nº 10/2024 (27983823), anexo do Edital de Licitação PE 90005/2024 (27963927), que é parte integrante desta Ata, assim como as propostas cujos preços tenham sido registrados, independentemente de transcrição."
"00031/2025";"200331 - SECRETARIA NACIONAL DE SEGURANCA PUBLICA - SENASP";"90005/2024";"24/06/2025";"25/06/2025";"25/06/2027";"40437906191";"MARCELO SILVEIRA DA COSTA";"00002";"ARMA DE FOGO - EMPUNHÁVEL - MÉDIO PORTE, TIPO FUZIL, CALIBRE 5,56, TIPO CORONHA RETRÁTIL AJUSTÁVEL";"13359";"13359";"5.319,07";"71.057.456,13";"A presente Ata tem por objeto o registro de preços para a aquisição de armamentos e acessórios, visando atender à demanda da Secretaria Nacional de Segurança Pública e demais órgãos participantes, especificados nos itens do Termo de Referência nº 10/2024 (27983823), anexo do Edital de Licitação PE 90005/2024 (27963927), que é parte integrante desta Ata, assim como as propostas cujos preços tenham sido registrados, independentemente de transcrição."
"00031/2025";"200331 - SECRETARIA NACIONAL DE SEGURANCA PUBLICA - SENASP";"90005/2024";"24/06/2025";"25/06/2025";"25/06/2027";"65.149.197/0002-51";"REPREMIG REPRESENTACAO E COMERCIO DE MINAS GERAIS LTDA";"00027";"PROJETOR MULTIMÍDIA, VOLTAGEM 100/240 V, QUANTIDADE ENTRADAS VÍDEO 2 UN, TIPO ZOOM 1.2X, TIPO COM CONTROLE REMOTO, CAPACIDADE PROJEÇÃO COR 1.07 BILHõES DE CORES PX, CARACTERÍSTICAS ADICIONAIS PROJETOR DE CURTA DISTÂNCIA (SHORT- THROW), LUMINOSIDADE MÍNIMA 3.200 LM, TIPO PROJEÇÃO FRONTAL, TIPO TECNOLOGIA DLP, RESOLUÇÃO XGA (1024 X 768), CONTRASTE MÍNIMO 13000:1";"543";"543";"2.964,00";"1.609.452,00";"A presente Ata tem por objeto o registro de preços para a aquisição de armamentos e acessórios, visando atender à demanda da Secretaria Nacional de Segurança Pública e demais órgãos participantes, especificados nos itens do Termo de Referência nº 10/2024 (27983823), anexo do Edital de Licitação PE 90005/2024 (27963927), que é parte integrante desta Ata, assim como as propostas cujos preços tenham sido registrados, independentemente de transcrição."
"00028/2026";"200331 - SECRETARIA NACIONAL DE SEGURANCA PUBLICA - SENASP";"90027/2025";"09/06/2026";"22/06/2026";"22/06/2027";"03.928.511/0001-66";"S.O.S SUL RESGATE - COMERCIO E SERVICOS DE SEGURANCA E SINALIZACAO LTDA";"00038";"ROUPA MERGULHADOR, TIPO MANGA LONGA, C/ PÉS, S/ CAPUZ, JOELHO C/ PROTEÇÃO, COR PRETA, TAMANHO M, APLICAÇÃO MERGULHO EM ÁGUAS PROFUNDAS EM RIOS E OCEANOS, CARACTERÍSTICAS ADICIONAIS REVESTIMENTO INTERNO, C/ISOTERMIA, ZIPER/ COSTAS ,, MATERIAL NEOPRENE, ESPESSURA 4,3 MM";"2601";"2601";"1.043,00";"2.712.843,00";"A presente Ata tem por objeto o registro de preços para a eventual contratação de Material de Comunicação Social, Bandeiras e Correlatos para atender às demandas da Diretoria da Força Nacional de Segurança Pública e demais órgãos participantes, especificados no item 16 do Termo de Referência (33465601), anexo do Edital do Pregão Eletrônico nº  90027/2025, que é parte integrante desta Ata, assim como as propostas cujos preços tenham sido registrados, independentemente de transcrição."
"00028/2026";"200331 - SECRETARIA NACIONAL DE SEGURANCA PUBLICA - SENASP";"90027/2025";"09/06/2026";"22/06/2026";"22/06/2027";"03.928.511/0001-66";"S.O.S SUL RESGATE - COMERCIO E SERVICOS DE SEGURANCA E SINALIZACAO LTDA";"00022";"LANTERNA ELÉTRICA, MATERIAL LIGA DE ALUMÍNIO ANODIZADO, TIPO MERGULHO, CARACTERÍSTICAS ADICIONAIS COM FEIXE DE LUZ COM ANGULO DE 120º, VIDRO TEMPER A , LUMINOSIDADE 1200 LM, TIPO LÂMPADA LED, TIPO BATERIA BATERIA RECARREGÁVEL 18.650 MAH, RECARGA BATERIA 2,50 H, SISTEMA ELETROQUÍMICO DA BATERIA NÍQUEL- CÁDMIO";"2218";"2218";"703,00";"1.559.254,00";"A presente Ata tem por objeto o registro de preços para a eventual contratação de Material de Comunicação Social, Bandeiras e Correlatos para atender às demandas da Diretoria da Força Nacional de Segurança Pública e demais órgãos participantes, especificados no item 16 do Termo de Referência (33465601), anexo do Edital do Pregão Eletrônico nº  90027/2025, que é parte integrante desta Ata, assim como as propostas cujos preços tenham sido registrados, independentemente de transcrição."
"00028/2026";"200331 - SECRETARIA NACIONAL DE SEGURANCA PUBLICA - SENASP";"90027/2025";"09/06/2026";"22/06/2026";"22/06/2027";"14.777.617/0001-22";"I-STRATEGIA BRASIL LTDA";"00016";"MICROFONE, TIPO DE LAPELA, ALIMENTAÇÃO BATERIA, CARACTERÍSTICAS ADICIONAIS FREQUÊNCIA MÍMIMA 50HZ-18KHZ,, PADRÃO UNIDIRECIONAL, ACESSÓRIOS CONECTOR P2";"1100";"1100";"125,00";"137.500,00";"A presente Ata tem por objeto o registro de preços para a eventual contratação de Material de Comunicação Social, Bandeiras e Correlatos para atender às demandas da Diretoria da Força Nacional de Segurança Pública e demais órgãos participantes, especificados no item 16 do Termo de Referência (33465601), anexo do Edital do Pregão Eletrônico nº  90027/2025, que é parte integrante desta Ata, assim como as propostas cujos preços tenham sido registrados, independentemente de transcrição."
"00026/2026";"200331 - SECRETARIA NACIONAL DE SEGURANCA PUBLICA - SENASP";"90027/2025";"10/06/2026";"22/06/2026";"22/06/2027";"13.992.333/0001-96";"R.BRANDS LTDA";"00012";"BOINA, MATERIAL LÃ, TAMANHO 53 A 62, COR VERMELHA, MODELO COM FORRO, APLICAÇÃO USO MILITAR";"4000";"4000";"100,00";"400.000,00";"A presente Ata tem por objeto o registro de preços para a eventual contratação de Material de Comunicação Social, Bandeiras e Correlatos para atender às demandas da Diretoria da Força Nacional de Segurança Pública e demais órgãos participantes, especificados no item 11 do Termo de Referência (33465601), anexo do Edital do Pregão Eletrônico nº  90027/2025, que é parte integrante desta Ata, assim como as propostas cujos preços tenham sido registrados, independentemente de transcrição."
"00026/2026";"200331 - SECRETARIA NACIONAL DE SEGURANCA PUBLICA - SENASP";"90027/2025";"10/06/2026";"22/06/2026";"22/06/2027";"19.879.447/0001-00";"M. TOZZI VESTUARIOS LTDA";"00011";"FARDAMENTO / ACESSÓRIO, TIPO LUVA, MATERIAL TECIDO/COURO";"824";"824";"69,90";"57.597,60";"A presente Ata tem por objeto o registro de preços para a eventual contratação de Material de Comunicação Social, Bandeiras e Correlatos para atender às demandas da Diretoria da Força Nacional de Segurança Pública e demais órgãos participantes, especificados no item 11 do Termo de Referência (33465601), anexo do Edital do Pregão Eletrônico nº  90027/2025, que é parte integrante desta Ata, assim como as propostas cujos preços tenham sido registrados, independentemente de transcrição."
"00029/2026";"200331 - SECRETARIA NACIONAL DE SEGURANCA PUBLICA - SENASP";"90027/2025";"10/06/2026";"22/06/2026";"22/06/2027";"44.542.555/0001-30";"INOVA EQUIPAMENTOS DE RESGATE LTDA.";"00026";"BOTA SEGURANÇA, MATERIAL NEOPRENE, MATERIAL SOLA BORRACHA VULCANIZADA, TAMANHO SOB MEDIDA, TIPO USO PARA USO CONJUNTO COM NADADEIRAS, CARACTERÍSTICAS ADICIONAIS PROTEÇÃO NO PEITO DO PÉ E CALCANHAR, ZIPE LATERAL, APLICAÇÃO ATIVIDADE DE MERGULHO";"3481";"3481";"279,00";"971.199,00";"A presente Ata tem por objeto o registro de preços para a eventual contratação de Material de Comunicação Social, Bandeiras e Correlatos para atender às demandas da Diretoria da Força Nacional de Segurança Pública e demais órgãos participantes, especificados no item 17 do Termo de Referência (33465601), anexo do Edital do Pregão Eletrônico nº  90027/2025, que é parte integrante desta Ata, assim como as propostas cujos preços tenham sido registrados, independentemente de transcrição."
"00029/2026";"200331 - SECRETARIA NACIONAL DE SEGURANCA PUBLICA - SENASP";"90027/2025";"10/06/2026";"22/06/2026";"22/06/2027";"04.932.770/0001-23";"KASA KOMPLETA COMERCIO E SERVICOS LTDA";"00017";"CÂMERA DIGITAL, RESOLUÇÃO 20 MEGAPIXELS, ZOOM ÓPTICO 23 X, ZOOM DIGITAL 2 A 200 X, CARACTERÍSTICAS ADICIONAIS CARTÃO MICRO SD, FORMATO DE GRAVAÇÃO MP4, MOV, JPEG";"671";"671";"9.200,00";"6.173.200,00";"A presente Ata tem por objeto o registro de preços para a eventual contratação de Material de Comunicação Social, Bandeiras e Correlatos para atender às demandas da Diretoria da Força Nacional de Segurança Pública e demais órgãos participantes, especificados no item 17 do Termo de Referência (33465601), anexo do Edital do Pregão Eletrônico nº  90027/2025, que é parte integrante desta Ata, assim como as propostas cujos preços tenham sido registrados, independentemente de transcrição."
"00030/2026";"200331 - SECRETARIA NACIONAL DE SEGURANCA PUBLICA - SENASP";"90027/2025";"12/06/2026";"22/06/2026";"22/06/2027";"15.655.026/0001-45";"RNL TRADE AND FACILITIES LTDA";"00008";"ACESSÓRIO / PEÇA MERGULHO, TIPO KIT DE MONTAGEM RIGGING, CARACTERíSTICAS ADICIONAIS COMPOSTO DE TIRAS, ELÁSTICOS E MOSQUETÕES, USO FIXAR CILINDRO S-80, APLICAÇÃO COLETE EQUILIBRADOR SIDEMOUNT";"1296";"1296";"1.700,00";"2.203.200,00";"A presente Ata tem por objeto o registro de preços para a eventual contratação de Material de Comunicação Social, Bandeiras e Correlatos para atender às demandas da Diretoria da Força Nacional de Segurança Pública e demais órgãos participantes, especificados no item 24 do Termo de Referência (33465601), anexo do Edital do Pregão Eletrônico nº  90027/2025, que é parte integrante desta Ata, assim como as propostas cujos preços tenham sido registrados, independentemente de transcrição."
"00030/2026";"200331 - SECRETARIA NACIONAL DE SEGURANCA PUBLICA - SENASP";"90027/2025";"12/06/2026";"22/06/2026";"22/06/2027";"10.879.397/0001-97";"DOURADOS COMERCIO VAREJISTA DE MATERIAL ELETRO ELETRONICO LTDA";"00024";"EQUIPAMENTO / ACESSÓRIOS FOTOGRÁFICOS, TIPO REBATEDOR DE LUZ, MATERIAL AÇO, CARACTERíSTICAS ADICIONAIS DOBRÁVEL, APLICAçãO FOTOGRAFIA/ FILMAGEM, DIMENSÕES 800 MM";"278";"278";"115,00";"31.970,00";"A presente Ata tem por objeto o registro de preços para a eventual contratação de Material de Comunicação Social, Bandeiras e Correlatos para atender às demandas da Diretoria da Força Nacional de Segurança Pública e demais órgãos participantes, especificados no item 24 do Termo de Referência (33465601), anexo do Edital do Pregão Eletrônico nº  90027/2025, que é parte integrante desta Ata, assim como as propostas cujos preços tenham sido registrados, independentemente de transcrição."
"00031/2026";"200331 - SECRETARIA NACIONAL DE SEGURANCA PUBLICA - SENASP";"90027/2025";"10/06/2026";"22/06/2026";"22/06/2027";"40437906191";"MARCELO SILVEIRA DA COSTA";"00001";"ARMA DE FOGO - EMPUNHÁVEL - MÉDIO PORTE, TIPO FUZIL, CALIBRE 5,56, TIPO CORONHA RETRÁTIL AJUSTÁVEL";"20551";"20551";"5.578,90";"114.651.973,90";"A presente Ata tem por objeto o registro de preços para a eventual contratação de Material de Comunicação Social, Bandeiras e Correlatos para atender às demandas da Diretoria da Força Nacional de Segurança Pública e demais órgãos participantes, especificados no item 27 do Termo de Referência (33465601), anexo do Edital do Pregão Eletrônico nº  90027/2025, que é parte integrante desta Ata, assim como as propostas cujos preços tenham sido registrados, independentemente de transcrição."
"00031/2026";"200331 - SECRETARIA NACIONAL DE SEGURANCA PUBLICA - SENASP";"90027/2025";"10/06/2026";"22/06/2026";"22/06/2027";"40437906191";"MARCELO SILVEIRA DA COSTA";"00002";"ARMA DE FOGO - EMPUNHÁVEL - MÉDIO PORTE, TIPO FUZIL, CALIBRE 5,56, TIPO CORONHA RETRÁTIL AJUSTÁVEL";"13359";"13359";"5.319,07";"71.057.456,13";"A presente Ata tem por objeto o registro de preços para a eventual contratação de Material de Comunicação Social, Bandeiras e Correlatos para atender às demandas da Diretoria da Força Nacional de Segurança Pública e demais órgãos participantes, especificados no item 27 do Termo de Referência (33465601), anexo do Edital do Pregão Eletrônico nº  90027/2025, que é parte integrante desta Ata, assim como as propostas cujos preços tenham sido registrados, independentemente de transcrição."
"00031/2026";"200331 - SECRETARIA NACIONAL DE SEGURANCA PUBLICA - SENASP";"90027/2025";"10/06/2026";"22/06/2026";"22/06/2027";"65.149.197/0002-51";"REPREMIG REPRESENTACAO E COMERCIO DE MINAS GERAIS LTDA";"00027";"PROJETOR MULTIMÍDIA, VOLTAGEM 100/240 V, QUANTIDADE ENTRADAS VÍDEO 2 UN, TIPO ZOOM 1.2X, TIPO COM CONTROLE REMOTO, CAPACIDADE PROJEÇÃO COR 1.07 BILHõES DE CORES PX, CARACTERÍSTICAS ADICIONAIS PROJETOR DE CURTA DISTÂNCIA (SHORT- THROW), LUMINOSIDADE MÍNIMA 3.200 LM, TIPO PROJEÇÃO FRONTAL, TIPO TECNOLOGIA DLP, RESOLUÇÃO XGA (1024 X 768), CONTRASTE MÍNIMO 13000:1";"543";"543";"2.964,00";"1.609.452,00";"A presente Ata tem por objeto o registro de preços para a eventual contratação de Material de Comunicação Social, Bandeiras e Correlatos para atender às demandas da Diretoria da Força Nacional de Segurança Pública e demais órgãos participantes, especificados no item 27 do Termo de Referência (33465601), anexo do Edital do Pregão Eletrônico nº  90027/2025, que é parte integrante desta Ata, assim como as propostas cujos preços tenham sido registrados, independentemente de transcrição."
"00036/2026";"200331 - SECRETARIA NACIONAL DE SEGURANCA PUBLICA - SENASP";"90027/2025";"09/06/2026";"22/06/2026";"22/06/2027";"45.218.484/0001-88";"GESPI INDUSTRIA E COMERCIO DE EQUIPAMENTOS AERONAUTICOS LTDA";"00002";"LANCHA, MATERIAL CASCO ALUMÍNIO LIGA NAVAL, COMPRIMENTO 8 M, BOCA 2,9 M, CALADO 0,7 M, POTÊNCIA MÁXIMA MOTOR 900 HP, PESO 7 T, QUANTIDADE PASSAGEIRO 8 UN, ACESSÓRIOS SISTEMA DE MONITORAMENTO E REGISTRO DE IMAGENS, CARACTERÍSTICAS ADICIONAIS BLINDADA, TIPO MOTOR MOTOR CENTRO COM EIXO, COMBUSTÍVEL GASOLINA, CAPACIDADE TANQUE COMBUSTÍVEL 1.500 L, TIPO CAPOTA CAPOTA FIXA";"30";"30";"3.475.553,20";"104.266.596,00";"A presente Ata tem por objeto o registro de preços para a eventual contratação de Material de Comunicação Social, Bandeiras e Correlatos para atender às demandas da Diretoria da Força Nacional de Segurança Pública e demais órgãos participantes, especificados no itens 02, 03, 04, 05, 07, 08, 09, 10 e 29 do Termo de Referência (33465601), anexo do Edital do Pregão Eletrônico nº  90027/2025, que é parte integrante desta Ata, assim como as propostas cujos preços tenham sido registrados, independentemente de transcrição."
"00036/2026";"200331 - SECRETARIA NACIONAL DE SEGURANCA PUBLICA - SENASP";"90027/2025";"09/06/2026";"22/06/2026";"22/06/2027";"50.937.669/0001-82";"SIGMETAL INDUSTRIA DE EQUIPAMENTOS EM ACOS LTDA";"00001";"APARELHO / EQUIPAMENTO PARA CONDICIONAMENTO FÍSICO, TIPO BARRA, MATERIAL AÇO, APLICAÇÃO CONDICIONAMENTO FÍSICO, CARACTERISTICAS ADICIONAIS COM 2 PRESILHAS, DIMENSÕES 2,20 M";"557";"557";"10.749,72";"5.987.594,04";"A presente Ata tem por objeto o registro de preços para a eventual contratação de Material de Comunicação Social, Bandeiras e Correlatos para atender às demandas da Diretoria da Força Nacional de Segurança Pública e demais órgãos participantes, especificados no itens 02, 03, 04, 05, 07, 08, 09, 10 e 29 do Termo de Referência (33465601), anexo do Edital do Pregão Eletrônico nº  90027/2025, que é parte integrante desta Ata, assim como as propostas cujos preços tenham sido registrados, independentemente de transcrição."
"00036/2026";"200331 - SECRETARIA NACIONAL DE SEGURANCA PUBLICA - SENASP";"90027/2025";"09/06/2026";"22/06/2026";"22/06/2027";"50.937.669/0001-82";"SIGMETAL INDUSTRIA DE EQUIPAMENTOS EM ACOS LTDA";"00003";"APARELHO / EQUIPAMENTO PARA CONDICIONAMENTO FÍSICO, TIPO CADEIRA EXTENSORA, MATERIAL AÇO CARBONO, APLICAÇÃO CONDICIONAMENTO FÍSICO, CARACTERISTICAS ADICIONAIS ASSENTO REGULÁVEL, REGULAGEM DE CARGA";"560";"560";"9.551,91";"5.349.069,60";"A presente Ata tem por objeto o registro de preços para a eventual contratação de Material de Comunicação Social, Bandeiras e Correlatos para atender às demandas da Diretoria da Força Nacional de Segurança Pública e demais órgãos participantes, especificados no itens 02, 03, 04, 05, 07, 08, 09, 10 e 29 do Termo de Referência (33465601), anexo do Edital do Pregão Eletrônico nº  90027/2025, que é parte integrante desta Ata, assim como as propostas cujos preços tenham sido registrados, independentemente de transcrição."
"00036/2026";"200331 - SECRETARIA NACIONAL DE SEGURANCA PUBLICA - SENASP";"90027/2025";"09/06/2026";"22/06/2026";"22/06/2027";"50.937.669/0001-82";"SIGMETAL INDUSTRIA DE EQUIPAMENTOS EM ACOS LTDA";"00002";"APARELHO / EQUIPAMENTO PARA CONDICIONAMENTO FÍSICO, TIPO PUXADA ALTA DUPLA, MATERIAL AÇO CARBONO, APLICAÇÃO TRAPÉZIO, BÍCEPS, OMBROS";"506";"506";"10.252,90";"5.187.967,40";"A presente Ata tem por objeto o registro de preços para a eventual contratação de Material de Comunicação Social, Bandeiras e Correlatos para atender às demandas da Diretoria da Força Nacional de Segurança Pública e demais órgãos participantes, especificados no itens 02, 03, 04, 05, 07, 08, 09, 10 e 29 do Termo de Referência (33465601), anexo do Edital do Pregão Eletrônico nº  90027/2025, que é parte integrante desta Ata, assim como as propostas cujos preços tenham sido registrados, independentemente de transcrição."
"00036/2026";"200331 - SECRETARIA NACIONAL DE SEGURANCA PUBLICA - SENASP";"90027/2025";"09/06/2026";"22/06/2026";"22/06/2027";"50.937.669/0001-82";"SIGMETAL INDUSTRIA DE EQUIPAMENTOS EM ACOS LTDA";"00004";"APARELHO / EQUIPAMENTO PARA CONDICIONAMENTO FÍSICO, TIPO CADEIRA FLEXORA, MATERIAL AÇO CARBONO, APLICAÇÃO CONDICIONAMENTO FÍSICO, DIMENSÕES 1,11 X 1,55 X 1,52 M";"484";"484";"8.018,88";"3.881.137,92";"A presente Ata tem por objeto o registro de preços para a eventual contratação de Material de Comunicação Social, Bandeiras e Correlatos para atender às demandas da Diretoria da Força Nacional de Segurança Pública e demais órgãos participantes, especificados no itens 02, 03, 04, 05, 07, 08, 09, 10 e 29 do Termo de Referência (33465601), anexo do Edital do Pregão Eletrônico nº  90027/2025, que é parte integrante desta Ata, assim como as propostas cujos preços tenham sido registrados, independentemente de transcrição."
"00036/2026";"200331 - SECRETARIA NACIONAL DE SEGURANCA PUBLICA - SENASP";"90027/2025";"09/06/2026";"22/06/2026";"22/06/2027";"50.615.423/0001-94";"LIDER BANDEIRAS E UNIFORMES LTDA";"00002";"SUPORTE DE MASTRO DE BANDEIRA, MATERIAL MADEIRA, COMPRIMENTO 460 MM, LARGURA 240 MM, ALTURA 150 MM, CARACTERISTICAS ADICIONAIS COM ENCAIXE PARA 28MM. SAPATA EM ACO INOX, QUANTIDADE DE MASTROS 3 UN";"538";"538";"247,50";"133.155,00";"A presente Ata tem por objeto o registro de preços para a eventual contratação de Material de Comunicação Social, Bandeiras e Correlatos para atender às demandas da Diretoria da Força Nacional de Segurança Pública e demais órgãos participantes, especificados no itens 02, 03, 04, 05, 07, 08, 09, 10 e 29 do Termo de Referência (33465601), anexo do Edital do Pregão Eletrônico nº  90027/2025, que é parte integrante desta Ata, assim como as propostas cujos preços tenham sido registrados, independentemente de transcrição."
"00036/2026";"200331 - SECRETARIA NACIONAL DE SEGURANCA PUBLICA - SENASP";"90027/2025";"09/06/2026";"22/06/2026";"22/06/2027";"50.615.423/0001-94";"LIDER BANDEIRAS E UNIFORMES LTDA";"00004";"MASTRO BANDEIRA, MATERIAL ALUMÍNIO, ALTURA 2,30 M, DIÂMETRO 28 MM, CARACTERÍSTICAS ADICIONAIS COM LANÇA E BASE CROMADAS";"2058";"2058";"111,00";"228.438,00";"A presente Ata tem por objeto o registro de preços para a eventual contratação de Material de Comunicação Social, Bandeiras e Correlatos para atender às demandas da Diretoria da Força Nacional de Segurança Pública e demais órgãos participantes, especificados no itens 02, 03, 04, 05, 07, 08, 09, 10 e 29 do Termo de Referência (33465601), anexo do Edital do Pregão Eletrônico nº  90027/2025, que é parte integrante desta Ata, assim como as propostas cujos preços tenham sido registrados, independentemente de transcrição."
"00036/2026";"200331 - SECRETARIA NACIONAL DE SEGURANCA PUBLICA - SENASP";"90027/2025";"09/06/2026";"22/06/2026";"22/06/2027";"50.615.423/0001-94";"LIDER BANDEIRAS E UNIFORMES LTDA";"00007";"TALABARTE DE BANDEIRA, MODELO COM PONTEIRA NIQUELADA., MATERIAL TERGAL VERGÃO, ALTURA 13,50 CM, FORRAÇÃO VELUDO AMARELO, CARACTERÍSTICAS ADICIONAIS CONFORME MODELO DO ÓRGÃO";"1978";"1978";"75,00";"148.350,00";"A presente Ata tem por objeto o registro de preços para a eventual contratação de Material de Comunicação Social, Bandeiras e Correlatos para atender às demandas da Diretoria da Força Nacional de Segurança Pública e demais órgãos participantes, especificados no itens 02, 03, 04, 05, 07, 08, 09, 10 e 29 do Termo de Referência (33465601), anexo do Edital do Pregão Eletrônico nº  90027/2025, que é parte integrante desta Ata, assim como as propostas cujos preços tenham sido registrados, independentemente de transcrição."
"00036/2026";"200331 - SECRETARIA NACIONAL DE SEGURANCA PUBLICA - SENASP";"90027/2025";"09/06/2026";"22/06/2026";"22/06/2027";"50.615.423/0001-94";"LIDER BANDEIRAS E UNIFORMES LTDA";"00003";"SUPORTE DE MASTRO DE BANDEIRA, MATERIAL MADEIRA, COMPRIMENTO 460 MM, LARGURA 240 MM, ALTURA 150 MM, CARACTERISTICAS ADICIONAIS COM ENCAIXE PARA 28MM. SAPATA EM ACO INOX, QUANTIDADE DE MASTROS 3 UN";"649";"649";"287,00";"186.263,00";"A presente Ata tem por objeto o registro de preços para a eventual contratação de Material de Comunicação Social, Bandeiras e Correlatos para atender às demandas da Diretoria da Força Nacional de Segurança Pública e demais órgãos participantes, especificados no itens 02, 03, 04, 05, 07, 08, 09, 10 e 29 do Termo de Referência (33465601), anexo do Edital do Pregão Eletrônico nº  90027/2025, que é parte integrante desta Ata, assim como as propostas cujos preços tenham sido registrados, independentemente de transcrição."
"00036/2026";"200331 - SECRETARIA NACIONAL DE SEGURANCA PUBLICA - SENASP";"90027/2025";"09/06/2026";"22/06/2026";"22/06/2027";"50.615.423/0001-94";"LIDER BANDEIRAS E UNIFORMES LTDA";"00005";"MASTRO BANDEIRA, MATERIAL MADEIRA, ALTURA 2,20 M, DIÂMETRO 30 MM, ACABAMENTO SUPERFICIAL ENVERNIZADO, CARACTERÍSTICAS ADICIONAIS COM LANÇA CROMADA";"762";"762";"142,00";"108.204,00";"A presente Ata tem por objeto o registro de preços para a eventual contratação de Material de Comunicação Social, Bandeiras e Correlatos para atender às demandas da Diretoria da Força Nacional de Segurança Pública e demais órgãos participantes, especificados no itens 02, 03, 04, 05, 07, 08, 09, 10 e 29 do Termo de Referência (33465601), anexo do Edital do Pregão Eletrônico nº  90027/2025, que é parte integrante desta Ata, assim como as propostas cujos preços tenham sido registrados, independentemente de transcrição."
"00036/2026";"200331 - SECRETARIA NACIONAL DE SEGURANCA PUBLICA - SENASP";"90027/2025";"09/06/2026";"22/06/2026";"22/06/2027";"50.615.423/0001-94";"LIDER BANDEIRAS E UNIFORMES LTDA";"00008";"BANDEIRA INSTITUCIONAL, MATERIAL CETIM, COMPRIMENTO 21 CM, LARGURA 14 CM, CARACTERÍSTICAS ADICIONAIS BANDEIRA DE MESA";"1880";"1880";"40,00";"75.200,00";"A presente Ata tem por objeto o registro de preços para a eventual contratação de Material de Comunicação Social, Bandeiras e Correlatos para atender às demandas da Diretoria da Força Nacional de Segurança Pública e demais órgãos participantes, especificados no itens 02, 03, 04, 05, 07, 08, 09, 10 e 29 do Termo de Referência (33465601), anexo do Edital do Pregão Eletrônico nº  90027/2025, que é parte integrante desta Ata, assim como as propostas cujos preços tenham sido registrados, independentemente de transcrição."
"00036/2026";"200331 - SECRETARIA NACIONAL DE SEGURANCA PUBLICA - SENASP";"90027/2025";"09/06/2026";"22/06/2026";"22/06/2027";"50.615.423/0001-94";"LIDER BANDEIRAS E UNIFORMES LTDA";"00010";"CACHECOL, MATERIAL ALGODÃO, TIPO DE PARADA, COR AZUL TURQUESA, APLICAÇÃO USO MILITAR";"429";"429";"15,20";"6.520,80";"A presente Ata tem por objeto o registro de preços para a eventual contratação de Material de Comunicação Social, Bandeiras e Correlatos para atender às demandas da Diretoria da Força Nacional de Segurança Pública e demais órgãos participantes, especificados no itens 02, 03, 04, 05, 07, 08, 09, 10 e 29 do Termo de Referência (33465601), anexo do Edital do Pregão Eletrônico nº  90027/2025, que é parte integrante desta Ata, assim como as propostas cujos preços tenham sido registrados, independentemente de transcrição."
"00036/2026";"200331 - SECRETARIA NACIONAL DE SEGURANCA PUBLICA - SENASP";"90027/2025";"09/06/2026";"22/06/2026";"22/06/2027";"50.615.423/0001-94";"LIDER BANDEIRAS E UNIFORMES LTDA";"00009";"BANDEIRA INSTITUCIONAL, MATERIAL POLIÉSTER, COMPRIMENTO 128 CM, LARGURA 90 CM, CARACTERÍSTICAS ADICIONAIS SÍMBOLO BORDADO, REPRESENTAÇÃO ESTADO DE SÃO PAULO";"6206";"6206";"50,00";"310.300,00";"A presente Ata tem por objeto o registro de preços para a eventual contratação de Material de Comunicação Social, Bandeiras e Correlatos para atender às demandas da Diretoria da Força Nacional de Segurança Pública e demais órgãos participantes, especificados no itens 02, 03, 04, 05, 07, 08, 09, 10 e 29 do Termo de Referência (33465601), anexo do Edital do Pregão Eletrônico nº  90027/2025, que é parte integrante desta Ata, assim como as propostas cujos preços tenham sido registrados, independentemente de transcrição."
"00036/2026";"200331 - SECRETARIA NACIONAL DE SEGURANCA PUBLICA - SENASP";"90027/2025";"09/06/2026";"22/06/2026";"22/06/2027";"50.615.423/0001-94";"LIDER BANDEIRAS E UNIFORMES LTDA";"00029";"TOALHA MESA, MATERIAL JACQUARD, FORMATO RETANGULAR, COMPRIMENTO 3,70 M, LARGURA 2,50 M, COR VARIADA";"735";"735";"92,00";"67.620,00";"A presente Ata tem por objeto o registro de preços para a eventual contratação de Material de Comunicação Social, Bandeiras e Correlatos para atender às demandas da Diretoria da Força Nacional de Segurança Pública e demais órgãos participantes, especificados no itens 02, 03, 04, 05, 07, 08, 09, 10 e 29 do Termo de Referência (33465601), anexo do Edital do Pregão Eletrônico nº  90027/2025, que é parte integrante desta Ata, assim como as propostas cujos preços tenham sido registrados, independentemente de transcrição."
"00032/2026";"200331 - SECRETARIA NACIONAL DE SEGURANCA PUBLICA - SENASP";"90027/2025";"10/06/2026";"22/06/2026";"22/06/2027";"59.275.792/0001-50";"GENERAL MOTORS DO BRASIL LTDA";"00001";"AUTOMÓVEL, TIPO MOTOR 1.8 L, QUANTIDADE PORTAS 4, TIPO COMBUSTÍVEL BI- COMBUSTÍVEL, POTÊNCIA 106 CV, CAPACIDADE TANQUE COMBUSTÍVEL 50 L, QUANTIDADE PASSAGEIRO 7, TIPO CÂMBIO AUTOMÁTICO, OPCIONAIS AR CONDICIONADO, DIREÇÃO ELÉTRICA";"1864";"1864";"355.230,00";"662.148.720,00";"A presente Ata tem por objeto o registro de preços para a eventual contratação de Material de Comunicação Social, Bandeiras e Correlatos para atender às demandas da Diretoria da Força Nacional de Segurança Pública e demais órgãos participantes, especificados no item 28 do Termo de Referência (33465601), anexo do Edital do Pregão Eletrônico nº  90027/2025, que é parte integrante desta Ata, assim como as propostas cujos preços tenham sido registrados, independentemente de transcrição."
"00032/2026";"200331 - SECRETARIA NACIONAL DE SEGURANCA PUBLICA - SENASP";"90027/2025";"10/06/2026";"22/06/2026";"22/06/2027";"10.776.858/0001-04";"CINEFLEX INDUSTRIA DE PRODUTOS VISUAIS LTDA";"00028";"TELA PROJEÇÃO, TIPO AJUSTE TELA RETRÁTIL AUTOMÁTICO, MATERIAL MATTE WITE, COR ACABAMENTO PRETA, ALTURA 180 CM, LARGURA 2,40 M, CARACTERÍSTICAS ADICIONAIS ENROLAMENTO AUTOMÁTICO POR MOLA, TIPO TELA RETRÁTIL, TENSÃO ENTRADA 110/220 V";"427";"427";"480,00";"204.960,00";"A presente Ata tem por objeto o registro de preços para a eventual contratação de Material de Comunicação Social, Bandeiras e Correlatos para atender às demandas da Diretoria da Força Nacional de Segurança Pública e demais órgãos participantes, especificados no item 28 do Termo de Referência (33465601), anexo do Edital do Pregão Eletrônico nº  90027/2025, que é parte integrante desta Ata, assim como as propostas cujos preços tenham sido registrados, independentemente de transcrição."
"00034/2026";"200331 - SECRETARIA NACIONAL DE SEGURANCA PUBLICA - SENASP";"90027/2025";"11/06/2026";"22/06/2026";"22/06/2027";"23.871.782/0001-30";"BMW MANUFACTURING INDUSTRIA DE MOTOS DA AMAZONIA LTDA";"00004";"VEÍCULO TRANSPORTE PESSOAL, APLICAÇÃO MILITAR, TIPO MOTOCICLETA, CAPACIDADE TRANSPORTE PASSAGEIROS 2 UN, TRAÇÃO 2 X 1, COMBUSTÍVEL GASOLINA";"803";"803";"99.490,00";"79.890.470,00";"A presente Ata tem por objeto o registro de preços para a eventual contratação de Material de Comunicação Social, Bandeiras e Correlatos para atender às demandas da Diretoria da Força Nacional de Segurança Pública e demais órgãos participantes, especificados no itens 18 e 23 do Termo de Referência (33465601), anexo do Edital do Pregão Eletrônico nº 90027/2025, que é parte integrante desta Ata, assim como as propostas cujos preços tenham sido registrados, independentemente de transcrição."
"00034/2026";"200331 - SECRETARIA NACIONAL DE SEGURANCA PUBLICA - SENASP";"90027/2025";"11/06/2026";"22/06/2026";"22/06/2027";"18.964.131/0001-54";"FULL - BROADCAST & AUDIO - LTDA";"00023";"TRIPÉ, MATERIAL ALUMÍNIO, TIPO FIXO, ALTURA MÁXIMA 156,50 CM, CAPACIDADE 5 KG, TIPO CABEÇA BOLA DE 60 MM, APLICAÇÃO CÂMARA FOTOGRÁFICA OU FILMADORA, CARACTERÍSTICAS ADICIONAIS COM PLACA DE CÂMERA DESLIZANTE COM DOIS PINOS";"396";"396";"544,00";"215.424,00";"A presente Ata tem por objeto o registro de preços para a eventual contratação de Material de Comunicação Social, Bandeiras e Correlatos para atender às demandas da Diretoria da Força Nacional de Segurança Pública e demais órgãos participantes, especificados no itens 18 e 23 do Termo de Referência (33465601), anexo do Edital do Pregão Eletrônico nº 90027/2025, que é parte integrante desta Ata, assim como as propostas cujos preços tenham sido registrados, independentemente de transcrição."
"00034/2026";"200331 - SECRETARIA NACIONAL DE SEGURANCA PUBLICA - SENASP";"90027/2025";"11/06/2026";"22/06/2026";"22/06/2027";"18.964.131/0001-54";"FULL - BROADCAST & AUDIO - LTDA";"00018";"CÂMERA FOTOGRÁFICA DIGITAL, TIPO ZOOM ÓPTICO DE 50X, TIPO FOCO AUTOMÁTICO, TIPO VISOR LCD 3 POL, FORMATO GRAVAÇÃO IMAGEM PADRÃO JEPG, TIPO MODO GRAVAÇÃO VÍDEO 720P, RESOLUÇÃO MÁXIMA 16 MEGAPIXELS, INTERFACE USB E SLOT CARD, TIPO MEMÓRIA CARTÃO SD, CAPACIDADE MEMÓRIA MÍNIMO DE 8 GB, RESOLUÇÃO MÍNIMA 10 MPX, FLASH EMBUTIDO";"485";"485";"5.950,00";"2.885.750,00";"A presente Ata tem por objeto o registro de preços para a eventual contratação de Material de Comunicação Social, Bandeiras e Correlatos para atender às demandas da Diretoria da Força Nacional de Segurança Pública e demais órgãos participantes, especificados no itens 18 e 23 do Termo de Referência (33465601), anexo do Edital do Pregão Eletrônico nº 90027/2025, que é parte integrante desta Ata, assim como as propostas cujos preços tenham sido registrados, independentemente de transcrição."
"00037/2026";"200331 - SECRETARIA NACIONAL DE SEGURANCA PUBLICA - SENASP";"90004/2026";"10/06/2026";"15/06/2026";"15/06/2027";"30.092.431/0001-96";"CONDOR S/A INDUSTRIA QUIMICA";"00001";"Lançador de munição não letal calibre 40mm ou por arma similar no calibre 37mm/40mm";"2128";"2128";"7.619,34";"16.213.955,52";"A presente Ata tem por objeto o registro de preços para a eventual aquisição de solução integrada de blindagem automotiva, contemplando o fornecimento de plataforma veicular nova e a execução completa da blindagem integral nível III, para atender demanda da Secretaria Nacional de Segurança Púbica e demais órgãos participantes, especificados no itens 1 e 2 do Termo de Referência (35323170), anexo do Edital do Pregão Eletrônico nº 90004/2026, que é parte integrante desta Ata, assim como as propostas cujos preços tenham sido registrados, independentemente de transcrição."
"00037/2026";"200331 - SECRETARIA NACIONAL DE SEGURANCA PUBLICA - SENASP";"90004/2026";"10/06/2026";"15/06/2026";"15/06/2027";"45.196.517/0001-36";"INK FITNESS EQUIPAMENTOS ESPORTIVOS LTDA";"00006";"ESTANTE HALTERES, MATERIAL METALON (4 POLEGADAS), CAPACIDADE 10 PESOS, APLICAÇÃO GUARDAR HALTERES, CARACTERÍSTICAS ADICIONAIS TORRE DUPLA FACE, BASE TIPO CRUZETA COM SAPATAS";"592";"592";"637,90";"377.636,80";"A presente Ata tem por objeto o registro de preços para a eventual aquisição de solução integrada de blindagem automotiva, contemplando o fornecimento de plataforma veicular nova e a execução completa da blindagem integral nível III, para atender demanda da Secretaria Nacional de Segurança Púbica e demais órgãos participantes, especificados no itens 1 e 2 do Termo de Referência (35323170), anexo do Edital do Pregão Eletrônico nº 90004/2026, que é parte integrante desta Ata, assim como as propostas cujos preços tenham sido registrados, independentemente de transcrição."
"00037/2026";"200331 - SECRETARIA NACIONAL DE SEGURANCA PUBLICA - SENASP";"90004/2026";"10/06/2026";"15/06/2026";"15/06/2027";"45.196.517/0001-36";"INK FITNESS EQUIPAMENTOS ESPORTIVOS LTDA";"00005";"SUPORTE BARRAS, MATERIAL AÇO, TIPO DE PISO, CAPACIDADE 2 BARRAS, APLICAÇÃO GUARDAR BARRAS";"562";"562";"579,70";"325.791,40";"A presente Ata tem por objeto o registro de preços para a eventual aquisição de solução integrada de blindagem automotiva, contemplando o fornecimento de plataforma veicular nova e a execução completa da blindagem integral nível III, para atender demanda da Secretaria Nacional de Segurança Púbica e demais órgãos participantes, especificados no itens 1 e 2 do Termo de Referência (35323170), anexo do Edital do Pregão Eletrônico nº 90004/2026, que é parte integrante desta Ata, assim como as propostas cujos preços tenham sido registrados, independentemente de transcrição."
"00037/2026";"200331 - SECRETARIA NACIONAL DE SEGURANCA PUBLICA - SENASP";"90004/2026";"10/06/2026";"15/06/2026";"15/06/2027";"34.032.252/0002-03";"ACTATEC INDUSTRIA E COMERCIO DE PECAS E ACESSORIOS PARA VEICULOS LTDA.";"00002";"AUTOMÓVEL, TIPO MOTOR MÍNIMO 2.5 L, QUANTIDADE PORTAS 4 UN, TIPO COMBUSTÍVEL DIESEL, POTÊNCIA 175 CV, QUANTIDADE PASSAGEIRO 5 UN, TIPO CÂMBIO AUTOMÁTICO, MODELO SUV, ACESSÓRIOS TRAVA E VIDROS ELÉTRICOS, AIR-BAG DUPLO FRONTAL, COR PRETA, CARACTERÍSTICAS ADICIONAIS COM CUBICULO, TRACÃO 4 X 4";"578";"578";"1.211.750,00";"700.391.500,00";"A presente Ata tem por objeto o registro de preços para a eventual aquisição de solução integrada de blindagem automotiva, contemplando o fornecimento de plataforma veicular nova e a execução completa da blindagem integral nível III, para atender demanda da Secretaria Nacional de Segurança Púbica e demais órgãos participantes, especificados no itens 1 e 2 do Termo de Referência (35323170), anexo do Edital do Pregão Eletrônico nº 90004/2026, que é parte integrante desta Ata, assim como as propostas cujos preços tenham sido registrados, independentemente de transcrição."
"00037/2026";"200331 - SECRETARIA NACIONAL DE SEGURANCA PUBLICA - SENASP";"90004/2026";"10/06/2026";"15/06/2026";"15/06/2027";"34.032.252/0002-03";"ACTATEC INDUSTRIA E COMERCIO DE PECAS E ACESSORIOS PARA VEICULOS LTDA.";"00001";"AUTOMÓVEL, TIPO MOTOR MÍNIMO 2.5 L, QUANTIDADE PORTAS 4 UN, TIPO COMBUSTÍVEL DIESEL, POTÊNCIA 175 CV, QUANTIDADE PASSAGEIRO 5 UN, TIPO CÂMBIO AUTOMÁTICO, MODELO SUV, ACESSÓRIOS TRAVA E VIDROS ELÉTRICOS, AIR-BAG DUPLO FRONTAL, COR PRETA, CARACTERÍSTICAS ADICIONAIS COM CUBICULO, TRACÃO 4 X 4";"655";"655";"1.228.750,00";"804.831.250,00";"A presente Ata tem por objeto o registro de preços para a eventual aquisição de solução integrada de blindagem automotiva, contemplando o fornecimento de plataforma veicular nova e a execução completa da blindagem integral nível III, para atender demanda da Secretaria Nacional de Segurança Púbica e demais órgãos participantes, especificados no itens 1 e 2 do Termo de Referência (35323170), anexo do Edital do Pregão Eletrônico nº 90004/2026, que é parte integrante desta Ata, assim como as propostas cujos preços tenham sido registrados, independentemente de transcrição."
"00025/2026";"200331 - SECRETARIA NACIONAL DE SEGURANCA PUBLICA - SENASP";"90027/2025";"09/06/2026";"10/06/2026";"10/06/2027";"47.010.717/0001-88";"BECATH SOLUCOES INTEGRADAS LTDA";"00002";"Aparelho celular do tipo smartphone 5G";"1000";"1000";"1.942,22";"1.942.220,00";"A presente Ata tem por objeto o registro de preços para a eventual contratação de Material de Comunicação Social, Bandeiras e Correlatos para atender às demandas da Diretoria da Força Nacional de Segurança Pública e demais órgãos participantes, especificados no item 6 do Termo de Referência (33465601), anexo do Edital do Pregão Eletrônico nº  90027/2025, que é parte integrante desta Ata, assim como as propostas cujos preços tenham sido registrados, independentemente de transcrição."
"00025/2026";"200331 - SECRETARIA NACIONAL DE SEGURANCA PUBLICA - SENASP";"90027/2025";"09/06/2026";"10/06/2026";"10/06/2027";"15.136.916/0001-40";"SUPORTE INDUSTRIA E COMERCIO DE ARTIGOS MILITARES LTDA";"00011";"BONÉ, MATERIAL CORPO TECIDO RIPSTOP, MATERIAL ABA TECIDO RIPSTOP, MATERIAL REGULADOR ABERTURA VELCRO, MODELO TRADICIONAL, COR PRETA, TIPO IMPRESSÃO BORDADO EM ALTO RELEVO, CARACTERÍSTICAS ADICIONAIS CONFORME MODELO DO ÓRGÃO, TAMANHO SOB MEDIDA";"500";"500";"19,99";"9.995,00";"A presente Ata tem por objeto o registro de preços para a eventual contratação de Material de Comunicação Social, Bandeiras e Correlatos para atender às demandas da Diretoria da Força Nacional de Segurança Pública e demais órgãos participantes, especificados no item 6 do Termo de Referência (33465601), anexo do Edital do Pregão Eletrônico nº  90027/2025, que é parte integrante desta Ata, assim como as propostas cujos preços tenham sido registrados, independentemente de transcrição."
"00025/2026";"200331 - SECRETARIA NACIONAL DE SEGURANCA PUBLICA - SENASP";"90027/2025";"09/06/2026";"10/06/2026";"10/06/2027";"00.295.234/0001-03";"BANDEIRAS ON LINE ARTEFATOS TEXTEIS LTDA";"00006";"ROSETA DE BANDEIRA, MATERIAL CETIM, LARGURA 0,90 CM, TIPO BORDADA, COR VERDE E AMARELA";"2029";"2029";"65,00";"131.885,00";"A presente Ata tem por objeto o registro de preços para a eventual contratação de Material de Comunicação Social, Bandeiras e Correlatos para atender às demandas da Diretoria da Força Nacional de Segurança Pública e demais órgãos participantes, especificados no item 6 do Termo de Referência (33465601), anexo do Edital do Pregão Eletrônico nº  90027/2025, que é parte integrante desta Ata, assim como as propostas cujos preços tenham sido registrados, independentemente de transcrição."
"00027/2026";"200331 - SECRETARIA NACIONAL DE SEGURANCA PUBLICA - SENASP";"90027/2025";"03/06/2026";"04/06/2026";"04/06/2027";"41.406.069/0001-05";"ARMA DEFENSE IMPORTACAO E EXPORTACAO LTDA";"00015";"CINTO VESTUÁRIO, MATERIAL NÁILON, MATERIAL FIVELA AÇO BRILHANTE, TAMANHO 140 CM";"1400";"1400";"38,15";"53.410,00";"A presente Ata tem por objeto o registro de preços para a eventual contratação de Material de Comunicação Social, Bandeiras e Correlatos para atender às demandas da Diretoria da Força Nacional de Segurança Pública e demais órgãos participantes, especificados no item 15 do Termo de Referência (33465601), anexo do Edital do Pregão Eletrônico nº  90027/2025, que é parte integrante desta Ata, assim como as propostas cujos preços tenham sido registrados, independentemente de transcrição."
"00027/2026";"200331 - SECRETARIA NACIONAL DE SEGURANCA PUBLICA - SENASP";"90027/2025";"03/06/2026";"04/06/2026";"04/06/2027";"26.786.305/0001-64";"M&B AUTOMACAO LTDA";"00015";"MICROFONE DIRECIONAL, TIPO SHOTGUN, FINALIDADE APOIO AUDIO, VIDEO E FOTO, RESPOSTA FREQÜÊNCIA 20 HZ A 20 KHZ KHZ, SENSIBILIDADE 32.0 DB DB, CONEXÃO XLR, PADRÃO SUPERCARÓIDE., IMPEDÂNCIA 200 OHMS";"455";"455";"489,00";"222.495,00";"A presente Ata tem por objeto o registro de preços para a eventual contratação de Material de Comunicação Social, Bandeiras e Correlatos para atender às demandas da Diretoria da Força Nacional de Segurança Pública e demais órgãos participantes, especificados no item 15 do Termo de Referência (33465601), anexo do Edital do Pregão Eletrônico nº  90027/2025, que é parte integrante desta Ata, assim como as propostas cujos preços tenham sido registrados, independentemente de transcrição."
"00015/2026";"200331 - SECRETARIA NACIONAL DE SEGURANCA PUBLICA - SENASP";"90010/2025";"30/04/2026";"04/05/2026";"04/05/2027";"81.618.753/0001-67";"ELBER INDUSTRIA DE REFRIGERACAO LTDA";"00001";"FREEZER VERTICAL, CAPACIDADE 300 L, VOLTAGEM BIVOLT V, CARACTERÍSTICAS ADICIONAIS 5 GAVETAS EM AÇO/COMPRESSOR HERMÉTICO/4 RODÍZIOS E, FUNÇÕES DISPLAY DIGITAL/ALARME/CONECÇÃO USB/DEGELO MANUAL, TEMPERATURA OPERAÇÃO-20°C A-30°C °C , APLICAÇÃO LABORATÓRIO, QUANTIDADE DE PORTAS 1";"738";"738";"16.704,00";"12.327.552,00";"A presente Ata tem por objeto o registro de preços para a eventual aquisição de equipamentos de Atendimento Pré-Hospitalar (APH) e APH Tático, especificado no item 52 do Termo de Referência (31465512), anexo do edital de Licitação nº 10/2025, que é parte integrante desta Ata, assim como as propostas cujos preços tenham sido registrados, independentemente de transcrição."
"00015/2026";"200331 - SECRETARIA NACIONAL DE SEGURANCA PUBLICA - SENASP";"90010/2025";"30/04/2026";"04/05/2026";"04/05/2027";"02.976.881/0001-06";"ANATOMIC COMERCIO E ASSISTENCIA TECNICA DE EQUIPAMENTOS HOSPITALARES E EDUCACION";"00052";"MODELO ANATÔMICO PARA FINS DIDÁTICOS, MATERIAL SILICONE, TAMANHO 58 X 45 X 23 CM, FINALIDADE SIMULAÇÃO DE INSERÇÃO ADEQUADA DA AGULHA PARA ESC A, TIPO SIMULADOR DE PNEUMOTÓRAX DE TENSÃO, APLICAÇÃO PARA FINS DIDÁTICOS, CARACTERÍSTICAS ADICIONAIS ACEITA AGULHAS E TORACOTOMIA NO SEGUNDO ESPAÇO IN, ACESSÓRIOS BOMBA DE PÉ, CÂMARA PLEURAL DE REPOSIÇÃO DE DUAS";"1264";"1264";"6.109,82";"7.722.812,48";"A presente Ata tem por objeto o registro de preços para a eventual aquisição de equipamentos de Atendimento Pré-Hospitalar (APH) e APH Tático, especificado no item 52 do Termo de Referência (31465512), anexo do edital de Licitação nº 10/2025, que é parte integrante desta Ata, assim como as propostas cujos preços tenham sido registrados, independentemente de transcrição."
"00029/2025";"200331 - SECRETARIA NACIONAL DE SEGURANCA PUBLICA - SENASP";"90023/2024";"29/04/2025";"30/04/2025";"30/04/2027";"44.542.555/0001-30";"INOVA EQUIPAMENTOS DE RESGATE LTDA.";"00026";"BOTA SEGURANÇA, MATERIAL NEOPRENE, MATERIAL SOLA BORRACHA VULCANIZADA, TAMANHO SOB MEDIDA, TIPO USO PARA USO CONJUNTO COM NADADEIRAS, CARACTERÍSTICAS ADICIONAIS PROTEÇÃO NO PEITO DO PÉ E CALCANHAR, ZIPE LATERAL, APLICAÇÃO ATIVIDADE DE MERGULHO";"3481";"3481";"279,00";"971.199,00";"A presente Ata tem por objeto o registro de preços para a eventual aquisição de equipamentos de mergulho, busca e salvamento, especificado no item 26 do Termo de Referência (29551551), anexo I do edital de Licitação nº 23/2024 (29366764) que é parte integrante desta Ata, assim como as propostas cujos preços tenham sido registrados, independentemente de transcrição."
"00029/2025";"200331 - SECRETARIA NACIONAL DE SEGURANCA PUBLICA - SENASP";"90023/2024";"29/04/2025";"30/04/2025";"30/04/2027";"04.932.770/0001-23";"KASA KOMPLETA COMERCIO E SERVICOS LTDA";"00017";"CÂMERA DIGITAL, RESOLUÇÃO 20 MEGAPIXELS, ZOOM ÓPTICO 23 X, ZOOM DIGITAL 2 A 200 X, CARACTERÍSTICAS ADICIONAIS CARTÃO MICRO SD, FORMATO DE GRAVAÇÃO MP4, MOV, JPEG";"671";"671";"9.200,00";"6.173.200,00";"A presente Ata tem por objeto o registro de preços para a eventual aquisição de equipamentos de mergulho, busca e salvamento, especificado no item 26 do Termo de Referência (29551551), anexo I do edital de Licitação nº 23/2024 (29366764) que é parte integrante desta Ata, assim como as propostas cujos preços tenham sido registrados, independentemente de transcrição."
"00020/2026";"200331 - SECRETARIA NACIONAL DE SEGURANCA PUBLICA - SENASP";"90027/2025";"29/04/2026";"30/04/2026";"30/04/2027";"02.423.819/0001-97";"ABSOLUT TECHNOLOGIES PROJETOS E CONSULTORIA LTDA";"00001";"MONITOR IMAGEM, TAMANHO TELA 55 POL, TIPO TELA LED, CONSUMO 150 W, TENSÃO OPERAÇÃO 100 A 240 VCA, LARGURA 1,211,4 MM, ALTURA 682,2 MM, PROFUNDIDADE 86,5 MM, RESOLUÇÃO IMAGEM 1920 X 1080 DPI, TIPO ENTRADA HDMI/DP/DVI-D/OPS/AUDIO/ USB 2.0/USB 3.0/RGB, CARACTERÍSTICAS ADICIONAIS CONTROLE EXTERNO RS2323C, RJ45, RECEPTOR IR;, TIPO IMAGEM WINDE SCREEN";"295";"295";"10.259,20";"3.026.464,00";"O registro de preços para a eventual aquisição de Suporte de Mastro de Bandeiras (2 mastro), para atender demanda da Secretaria Nacional de Segurança Pública e demais órgãos participantes, especificados no item 1 do Termo de Referência (33465601), anexo do Edital do Pregão Eletrônico nº  90027/2025, que é parte integrante desta Ata, assim como as propostas cujos preços tenham sido registrados, independentemente de transcrição."
"00020/2026";"200331 - SECRETARIA NACIONAL DE SEGURANCA PUBLICA - SENASP";"90027/2025";"29/04/2026";"30/04/2026";"30/04/2027";"02.423.819/0001-97";"ABSOLUT TECHNOLOGIES PROJETOS E CONSULTORIA LTDA";"00003";"CONVERSOR IMAGEM, TIPO CONVERSOR ENCODER, COMPATIBILIDADE SISTEMAS TRANSFORMA SINAL CÂMERA (CFTV) EM UM SINAL IP, SAÍDA VÍDEO JPEG/ H264, CARACTERÍSTICAS ADICIONAIS ARMAZENAGEM LOCAL,AJUSTE DE COR,BRILHO E CONTRAST E, RESOLUÇÃO HORIZONTAL 720 LINHAS X VERTICAL 480 LINHAS, FUNÇÕES DETEÇÃO DE MOVIMENTOS, CRIPROGRAFIA HTTPS, CONECTOR ENTRADA RCA/ S-VÍDEO, CONECTOR SAÍDA RJ-45, TENSÃO ALIMENTAÇÃO 8- 20 V";"18";"18";"78.290,56";"1.409.230,08";"O registro de preços para a eventual aquisição de Suporte de Mastro de Bandeiras (2 mastro), para atender demanda da Secretaria Nacional de Segurança Pública e demais órgãos participantes, especificados no item 1 do Termo de Referência (33465601), anexo do Edital do Pregão Eletrônico nº  90027/2025, que é parte integrante desta Ata, assim como as propostas cujos preços tenham sido registrados, independentemente de transcrição."
"00020/2026";"200331 - SECRETARIA NACIONAL DE SEGURANCA PUBLICA - SENASP";"90027/2025";"29/04/2026";"30/04/2026";"30/04/2027";"02.423.819/0001-97";"ABSOLUT TECHNOLOGIES PROJETOS E CONSULTORIA LTDA";"00005";"SUPORTE DE VIDEOCASSETE / TELEVISAO, MATERIAL AÇO CARBONO, TIPO PAREDE, TAMANHO MONITORES DE 42"" A 55"", ACABAMENTO SUPERFICIAL PINTURA ELETROSTÁTICA, COR PRETA, CARACTERÍSTICAS ADICIONAIS VIDEOWALL";"11";"11";"7.851,03";"86.361,33";"O registro de preços para a eventual aquisição de Suporte de Mastro de Bandeiras (2 mastro), para atender demanda da Secretaria Nacional de Segurança Pública e demais órgãos participantes, especificados no item 1 do Termo de Referência (33465601), anexo do Edital do Pregão Eletrônico nº  90027/2025, que é parte integrante desta Ata, assim como as propostas cujos preços tenham sido registrados, independentemente de transcrição."
"00020/2026";"200331 - SECRETARIA NACIONAL DE SEGURANCA PUBLICA - SENASP";"90027/2025";"29/04/2026";"30/04/2026";"30/04/2027";"02.423.819/0001-97";"ABSOLUT TECHNOLOGIES PROJETOS E CONSULTORIA LTDA";"00007";"APRESENTADOR MULTIMÍDIA, DISTÂNCIA MÍNIMA 10 M, FREQÜÊNCIA 2,4 GHZ, COMPATIBILIDADE WINDOWS, MAC, PC, NOTEBOOK, FONTE ALIMENTAÇÃO BATERIA, CARACTERÍSTICAS ADICIONAIS USB E SEM FIO";"41";"41";"8.441,29";"346.092,89";"O registro de preços para a eventual aquisição de Suporte de Mastro de Bandeiras (2 mastro), para atender demanda da Secretaria Nacional de Segurança Pública e demais órgãos participantes, especificados no item 1 do Termo de Referência (33465601), anexo do Edital do Pregão Eletrônico nº  90027/2025, que é parte integrante desta Ata, assim como as propostas cujos preços tenham sido registrados, independentemente de transcrição."
"00020/2026";"200331 - SECRETARIA NACIONAL DE SEGURANCA PUBLICA - SENASP";"90027/2025";"29/04/2026";"30/04/2026";"30/04/2027";"02.423.819/0001-97";"ABSOLUT TECHNOLOGIES PROJETOS E CONSULTORIA LTDA";"00009";"MESA ÁUDIO / VÍDEO, TIPO ENTRADA USB ESTÉREO, EQUALIZAÇÃO 3 VIAS, TENSÃO ALIMENTAÇÃO 100/240 V, CARACTERÍSTICAS ADICIONAIS COM PRÉ-AMPLIFICADORES, PROCESSADOR MULTI-EFEITOS ,";"27";"27";"25.245,01";"681.615,27";"O registro de preços para a eventual aquisição de Suporte de Mastro de Bandeiras (2 mastro), para atender demanda da Secretaria Nacional de Segurança Pública e demais órgãos participantes, especificados no item 1 do Termo de Referência (33465601), anexo do Edital do Pregão Eletrônico nº  90027/2025, que é parte integrante desta Ata, assim como as propostas cujos preços tenham sido registrados, independentemente de transcrição."
"00020/2026";"200331 - SECRETARIA NACIONAL DE SEGURANCA PUBLICA - SENASP";"90027/2025";"29/04/2026";"30/04/2026";"30/04/2027";"02.423.819/0001-97";"ABSOLUT TECHNOLOGIES PROJETOS E CONSULTORIA LTDA";"00011";"MICROFONE, TIPO SEM FIO UHF HANDHELD, ALIMENTAÇÃO PILHAS AA, CARACTERÍSTICAS ADICIONAIS 1 RECEPTOR; 2 MICROFONES DE MÃO; SEM FIO, ALCANCE 15 A 20 M, APLICAÇÃO PEQUENOS EVENTOS E LOCAIS DE PEQUENO PORTE, ACESSÓRIOS 1 CABO P10 X P10; 1 FONTE, 1 MANUAL, 1 CASE, SENSIBILIDADE +/- 80 DB";"18";"18";"29.693,70";"534.486,60";"O registro de preços para a eventual aquisição de Suporte de Mastro de Bandeiras (2 mastro), para atender demanda da Secretaria Nacional de Segurança Pública e demais órgãos participantes, especificados no item 1 do Termo de Referência (33465601), anexo do Edital do Pregão Eletrônico nº  90027/2025, que é parte integrante desta Ata, assim como as propostas cujos preços tenham sido registrados, independentemente de transcrição."
"00020/2026";"200331 - SECRETARIA NACIONAL DE SEGURANCA PUBLICA - SENASP";"90027/2025";"29/04/2026";"30/04/2026";"30/04/2027";"02.423.819/0001-97";"ABSOLUT TECHNOLOGIES PROJETOS E CONSULTORIA LTDA";"00013";"CAIXA ACÚSTICA, POTÊNCIA 350 WRMS, TAMANHO ALTO-FALANTE 18 POL, RESPOSTA FREQÜÊNCIA 55 A 300 HZ, LARGURA 516 MM, ALTURA 597 MM, PROFUNDIDADE 559 MM, COR PRETA, CARACTERÍSTICAS ADICIONAIS SUB WOOFER PORTÁTIL, IMPEDÂNCIA ENTRADA 4 OHM, SENSIBILIDADE 101 DB, POTÊNCIA NOMINAL 350 WRMS";"82";"82";"6.539,93";"536.274,26";"O registro de preços para a eventual aquisição de Suporte de Mastro de Bandeiras (2 mastro), para atender demanda da Secretaria Nacional de Segurança Pública e demais órgãos participantes, especificados no item 1 do Termo de Referência (33465601), anexo do Edital do Pregão Eletrônico nº  90027/2025, que é parte integrante desta Ata, assim como as propostas cujos preços tenham sido registrados, independentemente de transcrição."
"00020/2026";"200331 - SECRETARIA NACIONAL DE SEGURANCA PUBLICA - SENASP";"90027/2025";"29/04/2026";"30/04/2026";"30/04/2027";"02.423.819/0001-97";"ABSOLUT TECHNOLOGIES PROJETOS E CONSULTORIA LTDA";"00015";"SWITCH, QUANTIDADE PORTAS 24 UN, TIPO PORTAS 10/100/1000 BASE T, RJ45.4, 4 ETHERNET MINI-GBIC, VELOCIDADE PORTA 1000 MBPS, 1/10 GBPS, ALIMENTAÇÃO 100 A 240 V, CARACTERÍSTICAS ADICIONAIS COM PORTAS POE, ALIMENTAÇÃO ELÉTRICA COM CHAVEAME N, APLICAÇÃO CONECTAR SERVIDORES E EQUIPAMENTOS EM REDE, TIPO SWITCH GERENCIÁVEL";"23";"23";"31.237,85";"718.470,55";"O registro de preços para a eventual aquisição de Suporte de Mastro de Bandeiras (2 mastro), para atender demanda da Secretaria Nacional de Segurança Pública e demais órgãos participantes, especificados no item 1 do Termo de Referência (33465601), anexo do Edital do Pregão Eletrônico nº  90027/2025, que é parte integrante desta Ata, assim como as propostas cujos preços tenham sido registrados, independentemente de transcrição."
"00020/2026";"200331 - SECRETARIA NACIONAL DE SEGURANCA PUBLICA - SENASP";"90027/2025";"29/04/2026";"30/04/2026";"30/04/2027";"02.423.819/0001-97";"ABSOLUT TECHNOLOGIES PROJETOS E CONSULTORIA LTDA";"00017";"Instalação e Montagem / Desmontagem - Remanejamento com TraNSPORTE DE MAQUINAS  / EQUIPAMENTOS";"72";"72";"111.932,87";"8.059.166,64";"O registro de preços para a eventual aquisição de Suporte de Mastro de Bandeiras (2 mastro), para atender demanda da Secretaria Nacional de Segurança Pública e demais órgãos participantes, especificados no item 1 do Termo de Referência (33465601), anexo do Edital do Pregão Eletrônico nº  90027/2025, que é parte integrante desta Ata, assim como as propostas cujos preços tenham sido registrados, independentemente de transcrição."
"00020/2026";"200331 - SECRETARIA NACIONAL DE SEGURANCA PUBLICA - SENASP";"90027/2025";"29/04/2026";"30/04/2026";"30/04/2027";"02.423.819/0001-97";"ABSOLUT TECHNOLOGIES PROJETOS E CONSULTORIA LTDA";"00002";"CONVERSOR IMAGEM, TIPO CONVERSOR ENCODER, COMPATIBILIDADE SISTEMAS TRANSFORMA SINAL CÂMERA (CFTV) EM UM SINAL IP, SAÍDA VÍDEO JPEG/ H264, CARACTERÍSTICAS ADICIONAIS ARMAZENAGEM LOCAL,AJUSTE DE COR,BRILHO E CONTRAST E, RESOLUÇÃO HORIZONTAL 720 LINHAS X VERTICAL 480 LINHAS, FUNÇÕES DETEÇÃO DE MOVIMENTOS, CRIPROGRAFIA HTTPS, CONECTOR ENTRADA RCA/ S-VÍDEO, CONECTOR SAÍDA RJ-45, TENSÃO ALIMENTAÇÃO 8- 20 V";"31";"31";"104.387,42";"3.236.010,02";"O registro de preços para a eventual aquisição de Suporte de Mastro de Bandeiras (2 mastro), para atender demanda da Secretaria Nacional de Segurança Pública e demais órgãos participantes, especificados no item 1 do Termo de Referência (33465601), anexo do Edital do Pregão Eletrônico nº  90027/2025, que é parte integrante desta Ata, assim como as propostas cujos preços tenham sido registrados, independentemente de transcrição."
"00020/2026";"200331 - SECRETARIA NACIONAL DE SEGURANCA PUBLICA - SENASP";"90027/2025";"29/04/2026";"30/04/2026";"30/04/2027";"02.423.819/0001-97";"ABSOLUT TECHNOLOGIES PROJETOS E CONSULTORIA LTDA";"00004";"SUPORTE DE VIDEOCASSETE / TELEVISAO, MATERIAL AÇO CARBONO, TIPO PAREDE, TAMANHO MONITORES DE 42"" A 55"", ACABAMENTO SUPERFICIAL PINTURA ELETROSTÁTICA, COR PRETA, CARACTERÍSTICAS ADICIONAIS VIDEOWALL";"102";"102";"6.404,79";"653.288,58";"O registro de preços para a eventual aquisição de Suporte de Mastro de Bandeiras (2 mastro), para atender demanda da Secretaria Nacional de Segurança Pública e demais órgãos participantes, especificados no item 1 do Termo de Referência (33465601), anexo do Edital do Pregão Eletrônico nº  90027/2025, que é parte integrante desta Ata, assim como as propostas cujos preços tenham sido registrados, independentemente de transcrição."
"00020/2026";"200331 - SECRETARIA NACIONAL DE SEGURANCA PUBLICA - SENASP";"90027/2025";"29/04/2026";"30/04/2026";"30/04/2027";"02.423.819/0001-97";"ABSOLUT TECHNOLOGIES PROJETOS E CONSULTORIA LTDA";"00006";"SUPORTE DE VIDEOCASSETE / TELEVISAO, MATERIAL AÇO CARBONO, TIPO PAREDE, TAMANHO MONITORES DE 42"" A 55"", ACABAMENTO SUPERFICIAL PINTURA ELETROSTÁTICA, COR PRETA, CARACTERÍSTICAS ADICIONAIS VIDEOWALL";"16";"16";"8.746,16";"139.938,56";"O registro de preços para a eventual aquisição de Suporte de Mastro de Bandeiras (2 mastro), para atender demanda da Secretaria Nacional de Segurança Pública e demais órgãos participantes, especificados no item 1 do Termo de Referência (33465601), anexo do Edital do Pregão Eletrônico nº  90027/2025, que é parte integrante desta Ata, assim como as propostas cujos preços tenham sido registrados, independentemente de transcrição."
"00020/2026";"200331 - SECRETARIA NACIONAL DE SEGURANCA PUBLICA - SENASP";"90027/2025";"29/04/2026";"30/04/2026";"30/04/2027";"02.423.819/0001-97";"ABSOLUT TECHNOLOGIES PROJETOS E CONSULTORIA LTDA";"00008";"PLACA SOM, TIPO EXTERNA, CAPACIDADE MEMÓRIA 24 BIT, COMPATIBILIDADE INTERFACE DE GRAVAÇÃO FIREWIRE, OPERAÇÃO 24 BIT, TIPO ENTRADA NEUTRIK/XLR/1/4TRS/P10 E P2/SPDIF 24 BITS/MIDI, TIPO SAÍDA 8 SAÍDAS P10 E 02 SAÍDAS P2, CARACTERÍSTICAS ADICIONAIS SINCRONIZAÇÃO WORD CLOCK/ PHANTON POWER/ALTA DEFI N, APLICAÇÃO GRAVAÇÃO DE ÁUDIO, FREQUÊNCIA NOMINAL 44.1 À 96 KHZ, MODELO M BOX 2 PRO DIGIDESINGN";"13";"13";"40.598,45";"527.779,85";"O registro de preços para a eventual aquisição de Suporte de Mastro de Bandeiras (2 mastro), para atender demanda da Secretaria Nacional de Segurança Pública e demais órgãos participantes, especificados no item 1 do Termo de Referência (33465601), anexo do Edital do Pregão Eletrônico nº  90027/2025, que é parte integrante desta Ata, assim como as propostas cujos preços tenham sido registrados, independentemente de transcrição."
"00020/2026";"200331 - SECRETARIA NACIONAL DE SEGURANCA PUBLICA - SENASP";"90027/2025";"29/04/2026";"30/04/2026";"30/04/2027";"02.423.819/0001-97";"ABSOLUT TECHNOLOGIES PROJETOS E CONSULTORIA LTDA";"00010";"MICROFONE, TIPO SEM FIO UHF HANDHELD, ALIMENTAÇÃO PILHAS AA, CARACTERÍSTICAS ADICIONAIS 1 RECEPTOR; 2 MICROFONES DE MÃO; SEM FIO, ALCANCE 15 A 20 M, APLICAÇÃO PEQUENOS EVENTOS E LOCAIS DE PEQUENO PORTE, ACESSÓRIOS 1 CABO P10 X P10; 1 FONTE, 1 MANUAL, 1 CASE, SENSIBILIDADE +/- 80 DB";"37";"37";"17.572,61";"650.186,57";"O registro de preços para a eventual aquisição de Suporte de Mastro de Bandeiras (2 mastro), para atender demanda da Secretaria Nacional de Segurança Pública e demais órgãos participantes, especificados no item 1 do Termo de Referência (33465601), anexo do Edital do Pregão Eletrônico nº  90027/2025, que é parte integrante desta Ata, assim como as propostas cujos preços tenham sido registrados, independentemente de transcrição."
"00020/2026";"200331 - SECRETARIA NACIONAL DE SEGURANCA PUBLICA - SENASP";"90027/2025";"29/04/2026";"30/04/2026";"30/04/2027";"02.423.819/0001-97";"ABSOLUT TECHNOLOGIES PROJETOS E CONSULTORIA LTDA";"00012";"AMPLIFICADOR SOM, QUANTIDADE CANAIS 4 UN, POTÊNCIA CANAL 200 WRMS, LARGURA 350 MM, ALTURA 68 MM, CARACTERÍSTICAS ADICIONAIS 800 W, PROFUNDIDADE CAIXAS ACÚSTICAS 245 MM";"41";"41";"23.458,63";"961.803,83";"O registro de preços para a eventual aquisição de Suporte de Mastro de Bandeiras (2 mastro), para atender demanda da Secretaria Nacional de Segurança Pública e demais órgãos participantes, especificados no item 1 do Termo de Referência (33465601), anexo do Edital do Pregão Eletrônico nº  90027/2025, que é parte integrante desta Ata, assim como as propostas cujos preços tenham sido registrados, independentemente de transcrição."
"00020/2026";"200331 - SECRETARIA NACIONAL DE SEGURANCA PUBLICA - SENASP";"90027/2025";"29/04/2026";"30/04/2026";"30/04/2027";"02.423.819/0001-97";"ABSOLUT TECHNOLOGIES PROJETOS E CONSULTORIA LTDA";"00014";"SWITCH, QUANTIDADE PORTAS 48 UN, TIPO PORTAS 10/100/1000 BASE T, RJ45.4, ETHERNET MINI-GBIC, VELOCIDADE PORTA 1000 MBPS, 1/10 GBPS, ALIMENTAÇÃO 100 A 240 V, CARACTERÍSTICAS ADICIONAIS COM PORTAS POE, ALIMENTAÇÃO ELÉTRICA COM CHAVEAME N, APLICAÇÃO CONECTAR SERVIDORES E EQUIPAMENTOS EM REDE, TIPO SWITCH GERENCIÁVEL";"30";"30";"61.253,99";"1.837.619,70";"O registro de preços para a eventual aquisição de Suporte de Mastro de Bandeiras (2 mastro), para atender demanda da Secretaria Nacional de Segurança Pública e demais órgãos participantes, especificados no item 1 do Termo de Referência (33465601), anexo do Edital do Pregão Eletrônico nº  90027/2025, que é parte integrante desta Ata, assim como as propostas cujos preços tenham sido registrados, independentemente de transcrição."
"00020/2026";"200331 - SECRETARIA NACIONAL DE SEGURANCA PUBLICA - SENASP";"90027/2025";"29/04/2026";"30/04/2026";"30/04/2027";"02.423.819/0001-97";"ABSOLUT TECHNOLOGIES PROJETOS E CONSULTORIA LTDA";"00016";"ESTANTE, MATERIAL AÇO PADRÃO 19"" TIPO 42U, ALTURA 1,99 M, PROFUNDIDADE 1,07 M, MATERIAL PORTA FRONTAL AÇO 18, TRATAMENTO SUPERFICIAL PINTURA ELETROSTÁTICA, CARACTERÍSTICAS ADICIONAIS TETO COM 4 VENTILADORES 220V, LARGURA 60 CM";"42";"42";"1.962,55";"82.427,10";"O registro de preços para a eventual aquisição de Suporte de Mastro de Bandeiras (2 mastro), para atender demanda da Secretaria Nacional de Segurança Pública e demais órgãos participantes, especificados no item 1 do Termo de Referência (33465601), anexo do Edital do Pregão Eletrônico nº  90027/2025, que é parte integrante desta Ata, assim como as propostas cujos preços tenham sido registrados, independentemente de transcrição."
"00020/2026";"200331 - SECRETARIA NACIONAL DE SEGURANCA PUBLICA - SENASP";"90027/2025";"29/04/2026";"30/04/2026";"30/04/2027";"02.423.819/0001-97";"ABSOLUT TECHNOLOGIES PROJETOS E CONSULTORIA LTDA";"00018";"Treinamento Informática - Equipamento / Hardware";"32";"32";"11.738,16";"375.621,12";"O registro de preços para a eventual aquisição de Suporte de Mastro de Bandeiras (2 mastro), para atender demanda da Secretaria Nacional de Segurança Pública e demais órgãos participantes, especificados no item 1 do Termo de Referência (33465601), anexo do Edital do Pregão Eletrônico nº  90027/2025, que é parte integrante desta Ata, assim como as propostas cujos preços tenham sido registrados, independentemente de transcrição."
"00020/2026";"200331 - SECRETARIA NACIONAL DE SEGURANCA PUBLICA - SENASP";"90027/2025";"29/04/2026";"30/04/2026";"30/04/2027";"00.913.443/0001-73";"RENAULT DO BRASIL S.A.";"00006";"VEÍCULO UTILITÁRIO, TIPO MOTOR DIESEL, TIPO DIREÇÃO HIDRÁULICA, POTÊNCIA MOTOR 130 CV, CARGA ÚTIL 1.500 KG, CAPACIDADE PASSAGEIRO 3, TIPO REFRIGERAÇÃO AR CONDICIONADO, TIPO FREIO ABS, TIPO TRAÇÃO 4X2, CARACTERÍSTICAS ADICIONAIS GARANTIA MÍNIMA DE 1 ANO, MODELO 0 KM, COR BRANCA, TRANSMISSÃO 6 MARCHAS A FRENTE E 1 RÉ, FABRICAÇÃO NACIONAL, CARGA ÚTIL MÍNIMA 1.500 KG, CAPACIDADE TANQUE COMBUSTÍVEL 60 L, OPCIONAIS BAÚ ISOTÉRMICO REFRIGERADO";"439";"439";"351.853,85";"154.463.840,15";"O registro de preços para a eventual aquisição de Suporte de Mastro de Bandeiras (2 mastro), para atender demanda da Secretaria Nacional de Segurança Pública e demais órgãos participantes, especificados no item 1 do Termo de Referência (33465601), anexo do Edital do Pregão Eletrônico nº  90027/2025, que é parte integrante desta Ata, assim como as propostas cujos preços tenham sido registrados, independentemente de transcrição."
"00020/2026";"200331 - SECRETARIA NACIONAL DE SEGURANCA PUBLICA - SENASP";"90027/2025";"29/04/2026";"30/04/2026";"30/04/2027";"00.913.443/0001-73";"RENAULT DO BRASIL S.A.";"00005";"VEÍCULO UTILITÁRIO, TIPO MOTOR DIESEL, TIPO DIREÇÃO HIDRÁULICA, POTÊNCIA MOTOR 130 CV, CARGA ÚTIL 1.500 KG, CAPACIDADE PASSAGEIRO 3, TIPO REFRIGERAÇÃO AR CONDICIONADO, TIPO FREIO ABS, TIPO TRAÇÃO 4X2, CARACTERÍSTICAS ADICIONAIS GARANTIA MÍNIMA DE 1 ANO, MODELO 0 KM, COR BRANCA, TRANSMISSÃO 6 MARCHAS A FRENTE E 1 RÉ, FABRICAÇÃO NACIONAL, CARGA ÚTIL MÍNIMA 1.500 KG, CAPACIDADE TANQUE COMBUSTÍVEL 60 L, OPCIONAIS BAÚ ISOTÉRMICO REFRIGERADO";"971";"971";"360.155,94";"349.711.417,74";"O registro de preços para a eventual aquisição de Suporte de Mastro de Bandeiras (2 mastro), para atender demanda da Secretaria Nacional de Segurança Pública e demais órgãos participantes, especificados no item 1 do Termo de Referência (33465601), anexo do Edital do Pregão Eletrônico nº  90027/2025, que é parte integrante desta Ata, assim como as propostas cujos preços tenham sido registrados, independentemente de transcrição."
"00020/2026";"200331 - SECRETARIA NACIONAL DE SEGURANCA PUBLICA - SENASP";"90027/2025";"29/04/2026";"30/04/2026";"30/04/2027";"04.884.221/0001-20";"FABRICA DAS BANDEIRAS INDUSTRIA COMERCIO DE CONFECCOES SERVICOS E ACESSORIOS LTD";"00001";"SUPORTE DE MASTRO DE BANDEIRA, MATERIAL MADEIRA, COMPRIMENTO 460 MM, LARGURA 240 MM, ALTURA 150 MM, CARACTERISTICAS ADICIONAIS COM ENCAIXE PARA 28MM. SAPATA EM ACO INOX, QUANTIDADE DE MASTROS 3 UN";"382";"382";"212,00";"80.984,00";"O registro de preços para a eventual aquisição de Suporte de Mastro de Bandeiras (2 mastro), para atender demanda da Secretaria Nacional de Segurança Pública e demais órgãos participantes, especificados no item 1 do Termo de Referência (33465601), anexo do Edital do Pregão Eletrônico nº  90027/2025, que é parte integrante desta Ata, assim como as propostas cujos preços tenham sido registrados, independentemente de transcrição."
"00019/2026";"200331 - SECRETARIA NACIONAL DE SEGURANCA PUBLICA - SENASP";"90010/2025";"24/04/2026";"27/04/2026";"27/04/2027";"08.299.803/0001-09";"BEM ESTAR HOSPITALAR COMERCIO DE EQUIPAMENTOS HOSPITALAR E MATERIAIS PARA SAUDE ";"00004";"AMBULÂNCIA, TIPO FURGÃO, CAPACIDADE MÍNIMA CARGA 1.500 KG, COR BRANCA, FORMATO SINALIZADOR ASA DELTA, ESTRUTURA SINALIZADOR AÇO EXTRUDADO, TIPO SINALIZADOR LED COM LENTES VERMELHAS, COMBUSTÍVEL DIESEL, QUANTIDADE PORTAS 2 FRONTAIS 1 LATERAL DESLIZANTE 2 TRASEIRAS FOLHA, POTÊNCIA 130 CV, TIPO CAMBIO MECÂNICO, CILINDRADA 1950 CC, QUANTIDADE MARCHAS TRANSMISSÃO A FRENTE 5 UN, ANO FABRICAÇÃO/ANO MODELO 0 KM";"693";"693";"573.234,96";"397.251.827,28";"A presente Ata tem por objeto o registro de preços para a eventual aquisição de equipamentos de Atendimento Pré-Hospitalar (APH) e APH Tático, especificado no item 49 do Termo de Referência (31465512), anexo do edital de Licitação nº 10/2025, que é parte integrante desta Ata, assim como as propostas cujos preços tenham sido registrados, independentemente de transcrição."
"00019/2026";"200331 - SECRETARIA NACIONAL DE SEGURANCA PUBLICA - SENASP";"90010/2025";"24/04/2026";"27/04/2026";"27/04/2027";"07.626.776/0001-60";"CIRURGICA SAO FELIPE PRODUTOS PARA SAUDE LTDA";"00049";"TESOURA INSTRUMENTAL, MODELO 1 PADRÃO, TIPO PONTA PONTA RETA, CARACTERÍSTICA PONTA ROMBA FINA, HASTE HASTE RETA, COMPRIMENTO TOTAL CERCA DE 20 CM, MATERIAL AÇO INOXIDÁVEL, ESTERILIDADE ESTERILIZÁVEL";"23508";"23508";"33,42";"785.637,36";"A presente Ata tem por objeto o registro de preços para a eventual aquisição de equipamentos de Atendimento Pré-Hospitalar (APH) e APH Tático, especificado no item 49 do Termo de Referência (31465512), anexo do edital de Licitação nº 10/2025, que é parte integrante desta Ata, assim como as propostas cujos preços tenham sido registrados, independentemente de transcrição."
"00017/2026";"200331 - SECRETARIA NACIONAL DE SEGURANCA PUBLICA - SENASP";"90010/2025";"22/04/2026";"24/04/2026";"24/04/2027";"20.489.785/0001-15";"STEEL SOLUTION MOBILIARIO CORPORATIVO LTDA";"00003";"ARQUIVO DESLIZANTE, TIPO ACIONAMENTO MECÂNICO, MECANISMO ACIONAMENTO CORRENTES E ENGRENAGENS, MATERIAL ESTRUTURA AÇO, REVESTIMENTO PINTURA EPÓXI, TIPO FECHAMENTO PORTAS CHAVE, CONFIGURAÇÃO INTERNA COM PRATELEIRAS, CARACTERÍSTICAS ADICIONAIS MÓDULO SOBRE PLATAFORMA";"8295";"8295";"409,00";"3.392.655,00";"A presente Ata tem por objeto o registro de preços para a eventual aquisição de equipamentos de Atendimento Pré-Hospitalar (APH) e APH Tático, especificado no item 59 do Termo de Referência (31465512), anexo do edital de Licitação nº 10/2025, que é parte integrante desta Ata, assim como as propostas cujos preços tenham sido registrados, independentemente de transcrição."
"00017/2026";"200331 - SECRETARIA NACIONAL DE SEGURANCA PUBLICA - SENASP";"90010/2025";"22/04/2026";"24/04/2026";"24/04/2027";"53.588.462/0001-38";"MARIA EDUARDA DOS SANTOS VICENTE  LTDA";"00059";"HIPOCLORITO DE SÓDIO, ASPECTO FÍSICO SOLUÇÃO AQUOSA, CONCENTRAÇÃO ATÉ 2,5% DE CLORO ATIVO";"12094";"12094";"6,37";"77.038,78";"A presente Ata tem por objeto o registro de preços para a eventual aquisição de equipamentos de Atendimento Pré-Hospitalar (APH) e APH Tático, especificado no item 59 do Termo de Referência (31465512), anexo do edital de Licitação nº 10/2025, que é parte integrante desta Ata, assim como as propostas cujos preços tenham sido registrados, independentemente de transcrição."
"00018/2026";"200331 - SECRETARIA NACIONAL DE SEGURANCA PUBLICA - SENASP";"90010/2025";"16/04/2026";"17/04/2026";"17/04/2027";"59.275.792/0001-50";"GENERAL MOTORS DO BRASIL LTDA";"00002";"AUTOMÓVEL, TIPO MOTOR MÍNIMO 2.5 L, QUANTIDADE PORTAS 4 UN, TIPO COMBUSTÍVEL DIESEL, POTÊNCIA 175 CV, QUANTIDADE PASSAGEIRO 5 UN, TIPO CÂMBIO AUTOMÁTICO, MODELO SUV, ACESSÓRIOS TRAVA E VIDROS ELÉTRICOS, AIR-BAG DUPLO FRONTAL, COR PRETA, CARACTERÍSTICAS ADICIONAIS COM CUBICULO, TRACÃO 4 X 4";"4068";"4068";"301.912,31";"1.228.179.277,08";"A presente Ata tem por objeto o registro de preços para a eventual aquisição de equipamentos de Atendimento Pré-Hospitalar (APH) e APH Tático, especificado no item 82 do Termo de Referência (31465512), anexo do edital de Licitação nº 10/2025, que é parte integrante desta Ata, assim como as propostas cujos preços tenham sido registrados, independentemente de transcrição"
"00018/2026";"200331 - SECRETARIA NACIONAL DE SEGURANCA PUBLICA - SENASP";"90010/2025";"16/04/2026";"17/04/2026";"17/04/2027";"54.974.490/0001-56";"FSG COMERCIO E CONSULTORIA LICITATORIA LTDA";"00082";"ACESSÓRIO EQUIPAMENTO SEGURANÇA, TIPO BOLSO MODULAR, MATERIAL NYLON, APLICAÇÃO FIXAÇÃO DE ACESSÓRIOS EM CAPAS DE COLETE TÁTICOS, CARACTERÍSTICAS ADICIONAIS CONFORME MODELO DO ÓRGÃO";"25208";"25208";"101,31";"2.553.822,48";"A presente Ata tem por objeto o registro de preços para a eventual aquisição de equipamentos de Atendimento Pré-Hospitalar (APH) e APH Tático, especificado no item 82 do Termo de Referência (31465512), anexo do edital de Licitação nº 10/2025, que é parte integrante desta Ata, assim como as propostas cujos preços tenham sido registrados, independentemente de transcrição"
"00016/2026";"200331 - SECRETARIA NACIONAL DE SEGURANCA PUBLICA - SENASP";"90010/2025";"10/04/2026";"17/04/2026";"17/04/2027";"07.831.740/0001-19";"CANTARES MAGAZINE LTDA";"00002";"COFRE, MATERIAL AÇO, TAMANHO GRANDE, TIPO FECHADURA SISTEMA ELETRÔNICO, ABERTURA/FECHAMENTO AUTOMÁTIC O, CARACTERÍSTICAS ADICIONAIS SENHA DE ABERTURA DE EMERGÊNCIA DESCARTÁVEL";"2317";"2317";"3.470,69";"8.041.588,73";"A presente Ata tem por objeto o registro de preços para a eventual aquisição de equipamentos de Atendimento Pré-Hospitalar (APH) e APH Tático, especificado no item 53 do Termo de Referência (31465512), anexo do edital de Licitação nº 10/2025, que é parte integrante desta Ata, assim como as propostas cujos preços tenham sido registrados, independentemente de transcrição."
"00016/2026";"200331 - SECRETARIA NACIONAL DE SEGURANCA PUBLICA - SENASP";"90010/2025";"10/04/2026";"17/04/2026";"17/04/2027";"34.860.017/0001-30";"TMA - MEDICINA TACTICA LTDA";"00053";"BRAÇO ARTIFICIAL, MATERIAL SILICONE, CARACTERÍSTICAS ADICIONAIS COM CADEIA VENOSA SALIENTE, SIMULADO CEFÁLICO, BA S, APLICAÇÃO TREINAMENTO APLICAÇÃO DE INJEÇÃO E SIMULAÇÕES TÉC N";"1785";"1785";"1.274,87";"2.275.642,95";"A presente Ata tem por objeto o registro de preços para a eventual aquisição de equipamentos de Atendimento Pré-Hospitalar (APH) e APH Tático, especificado no item 53 do Termo de Referência (31465512), anexo do edital de Licitação nº 10/2025, que é parte integrante desta Ata, assim como as propostas cujos preços tenham sido registrados, independentemente de transcrição."
"00014/2026";"200331 - SECRETARIA NACIONAL DE SEGURANCA PUBLICA - SENASP";"90010/2025";"16/04/2026";"17/04/2026";"17/04/2027";"50.000.823/0001-95";"V - SEG COMERCIO DE PRODUTOS MILITARES LTDA";"00004";"CANELEIRA ANTITUMULTO, MATERIAL TERMOPLÁSTICO, TAMANHO ÚNICO, COR PRETA, CARACTERÍSTICAS ADICIONAIS FORRO INTERNO E.V.A., PROTETOR ANTICHAMA E TORNOZ E";"17167";"17167";"361,65";"6.208.445,55";"A presente Ata tem por objeto o registro de preços para a eventual aquisição de equipamentos de Atendimento Pré-Hospitalar (APH) e APH Tático, especificado nos itens 50, 80 e 81 do Termo de Referência (31465512), anexo do edital de Licitação nº 10/2025, que é parte integrante desta Ata, assim como as propostas cujos preços tenham sido registrados, independentemente de transcrição."
"00014/2026";"200331 - SECRETARIA NACIONAL DE SEGURANCA PUBLICA - SENASP";"90010/2025";"16/04/2026";"17/04/2026";"17/04/2027";"37.265.248/0001-94";"DMD EQUIPAMENTOS LTDA";"00080";"SISTEMA PARA COMPRESSÃO, TIPO TORNIQUETE NÃO PNEUMÁTICO, APLICAÇÃO MEMBRO SUPERIOR, MODELO MEIA DE MALHA TUBULAR, CARACTERÍSTICA ADICIONAIS PRESSÃO SISTÓLICA < 160 MMHG, TIPO FECHO TIRAS AJUSTÁVEIS, TIPO USO USO ÚNICO, ESTERILIDADE ESTÉRIL";"27184";"27184";"198,44";"5.394.392,96";"A presente Ata tem por objeto o registro de preços para a eventual aquisição de equipamentos de Atendimento Pré-Hospitalar (APH) e APH Tático, especificado nos itens 50, 80 e 81 do Termo de Referência (31465512), anexo do edital de Licitação nº 10/2025, que é parte integrante desta Ata, assim como as propostas cujos preços tenham sido registrados, independentemente de transcrição."
"00014/2026";"200331 - SECRETARIA NACIONAL DE SEGURANCA PUBLICA - SENASP";"90010/2025";"16/04/2026";"17/04/2026";"17/04/2027";"37.265.248/0001-94";"DMD EQUIPAMENTOS LTDA";"00050";"MACA DE RESGATE, MATERIAL POLIETILENO, TIPO FLEXÍVEL, TAMANHO CERCA DE 100 X 250 CM, FORMATO FORMATO ENVELOPE, CAPACIDADE DE CARGA ATÉ 300 KG, COMPONENTES ATÉ 5 CINTOS DE SEGURANÇA, CORREIAS DE FIXAÇÃO, COMPONENTES 01 C/ ALÇAS, CARACTERÍSTICAS ADICIONAIS C/ BOLSA E CONJUNTO P/ AMARRAÇÃO";"7704";"7704";"208,88";"1.609.211,52";"A presente Ata tem por objeto o registro de preços para a eventual aquisição de equipamentos de Atendimento Pré-Hospitalar (APH) e APH Tático, especificado nos itens 50, 80 e 81 do Termo de Referência (31465512), anexo do edital de Licitação nº 10/2025, que é parte integrante desta Ata, assim como as propostas cujos preços tenham sido registrados, independentemente de transcrição."
"00014/2026";"200331 - SECRETARIA NACIONAL DE SEGURANCA PUBLICA - SENASP";"90010/2025";"16/04/2026";"17/04/2026";"17/04/2027";"37.265.248/0001-94";"DMD EQUIPAMENTOS LTDA";"00081";"SISTEMA PARA COMPRESSÃO, TIPO TORNIQUETE NÃO PNEUMÁTICO, APLICAÇÃO TÁTICO, P/ ATENDIMENTO PRÉ HOSPITALAR, MODELO CINTA EM NYLON, C/ COR, TIPO FECHO AUTO AJUSTÁVEL C/ VELCRO, FIVELA E BARRA PRESSÃO, TIPO USO REUSÁVEL";"58171";"58171";"67,89";"3.949.229,19";"A presente Ata tem por objeto o registro de preços para a eventual aquisição de equipamentos de Atendimento Pré-Hospitalar (APH) e APH Tático, especificado nos itens 50, 80 e 81 do Termo de Referência (31465512), anexo do edital de Licitação nº 10/2025, que é parte integrante desta Ata, assim como as propostas cujos preços tenham sido registrados, independentemente de transcrição."
"00018/2025";"200331 - SECRETARIA NACIONAL DE SEGURANCA PUBLICA - SENASP";"90029/2024";"11/04/2025";"15/04/2025";"15/04/2027";"59.275.792/0001-50";"GENERAL MOTORS DO BRASIL LTDA";"00002";"AUTOMÓVEL, TIPO MOTOR MÍNIMO 2.5 L, QUANTIDADE PORTAS 4 UN, TIPO COMBUSTÍVEL DIESEL, POTÊNCIA 175 CV, QUANTIDADE PASSAGEIRO 5 UN, TIPO CÂMBIO AUTOMÁTICO, MODELO SUV, ACESSÓRIOS TRAVA E VIDROS ELÉTRICOS, AIR-BAG DUPLO FRONTAL, COR PRETA, CARACTERÍSTICAS ADICIONAIS COM CUBICULO, TRACÃO 4 X 4";"4068";"4068";"301.912,31";"1.228.179.277,08";"Registro de preço para aquisição de veículos caracterizados e descaracterizados, para atender a Secretaria Nacional de  Segurança Pública, e demais órgãos participantes, e demais órgãos participantes, conforme condições, quantidades e  exigências estabelecidas no Edital e seus anexos"
"00018/2025";"200331 - SECRETARIA NACIONAL DE SEGURANCA PUBLICA - SENASP";"90029/2024";"11/04/2025";"15/04/2025";"15/04/2027";"54.974.490/0001-56";"FSG COMERCIO E CONSULTORIA LICITATORIA LTDA";"00082";"ACESSÓRIO EQUIPAMENTO SEGURANÇA, TIPO BOLSO MODULAR, MATERIAL NYLON, APLICAÇÃO FIXAÇÃO DE ACESSÓRIOS EM CAPAS DE COLETE TÁTICOS, CARACTERÍSTICAS ADICIONAIS CONFORME MODELO DO ÓRGÃO";"25208";"25208";"101,31";"2.553.822,48";"Registro de preço para aquisição de veículos caracterizados e descaracterizados, para atender a Secretaria Nacional de  Segurança Pública, e demais órgãos participantes, e demais órgãos participantes, conforme condições, quantidades e  exigências estabelecidas no Edital e seus anexos"
"00024/2026";"200331 - SECRETARIA NACIONAL DE SEGURANCA PUBLICA - SENASP";"90051/2025";"06/04/2026";"07/04/2026";"07/04/2027";"27.975.551/0003-99";"VANGUARDA INFORMATICA LTDA";"00001";"Aparelho celular do tipo Smartphone 5G";"7376";"7463";"2.091,32";"15.425.576,32";"A presente Ata tem por objeto o registro de preços para a eventual aquisição de coletores de projéteis de arma de fogo para equipar os Laboratórios de Balística Forense dos Órgãos de Perícia Criminal Estaduais, do Distrito Federal e Polícia Federal, utilizados para realização de exames periciais de balística forense, especificados nos itens 2 e 3 do Termo de Referência, anexo I do edital de Licitação nº 90051/2025, que é parte integrante desta Ata, assim como as propostas cujos preços tenham sido registrados, independentemente de transcrição."
"00024/2026";"200331 - SECRETARIA NACIONAL DE SEGURANCA PUBLICA - SENASP";"90051/2025";"06/04/2026";"07/04/2026";"07/04/2027";"09.211.871/0001-29";"RAFAEL INDUSTRIA E CONFECCOES LTDA";"00004";"VESTUÁRIO PROTEÇÃO, MATERIAL TECIDO RIPSTOP, TAMANHO SOB MEDIDA, TIPO USO UNIFORME PARA DOE E DOA PCDF, CARACTERÍSTICAS ADICIONAIS BOLSOS FRONTAIS E NAS MANGAS, COR ESTAMPA MULTICAM BLACK, TIPO GANDOLA";"7000";"7000";"240,00";"1.680.000,00";"A presente Ata tem por objeto o registro de preços para a eventual aquisição de coletores de projéteis de arma de fogo para equipar os Laboratórios de Balística Forense dos Órgãos de Perícia Criminal Estaduais, do Distrito Federal e Polícia Federal, utilizados para realização de exames periciais de balística forense, especificados nos itens 2 e 3 do Termo de Referência, anexo I do edital de Licitação nº 90051/2025, que é parte integrante desta Ata, assim como as propostas cujos preços tenham sido registrados, independentemente de transcrição."
"00024/2026";"200331 - SECRETARIA NACIONAL DE SEGURANCA PUBLICA - SENASP";"90051/2025";"06/04/2026";"07/04/2026";"07/04/2027";"09.211.871/0001-29";"RAFAEL INDUSTRIA E CONFECCOES LTDA";"00006";"JAPONA, MATERIAL 70% POLIÉSTER E 30% ALGODÃO, REVESTIMENTO INTERNO FORRO REMOVÍVEL, BACTERICIDA, FUNGICIDA E ANTI-MI C, MATERIAL FORRO MANTA TÉRMICA, APLICAÇÃO PROTEÇÃO CONTRA O FRIO EM BAIXAS TEMPERATURAS, CARACTERÍSTICAS ADICIONAIS PADRÃO RIP-STOP, COM TEFLON, REFORÇOS DE TRAMA E U";"1000";"1000";"258,00";"258.000,00";"A presente Ata tem por objeto o registro de preços para a eventual aquisição de coletores de projéteis de arma de fogo para equipar os Laboratórios de Balística Forense dos Órgãos de Perícia Criminal Estaduais, do Distrito Federal e Polícia Federal, utilizados para realização de exames periciais de balística forense, especificados nos itens 2 e 3 do Termo de Referência, anexo I do edital de Licitação nº 90051/2025, que é parte integrante desta Ata, assim como as propostas cujos preços tenham sido registrados, independentemente de transcrição."
"00024/2026";"200331 - SECRETARIA NACIONAL DE SEGURANCA PUBLICA - SENASP";"90051/2025";"06/04/2026";"07/04/2026";"07/04/2027";"09.211.871/0001-29";"RAFAEL INDUSTRIA E CONFECCOES LTDA";"00008";"BONÉ, MATERIAL CORPO TECIDO 67% POLIESTER E 33% ALGODÃO, MODELO GORRO DE SELVA , COR CAMUFLADO, CARACTERÍSTICAS ADICIONAIS COM FORRO VERDE OLIVA, TAMANHO ÚNICO";"2500";"2500";"31,00";"77.500,00";"A presente Ata tem por objeto o registro de preços para a eventual aquisição de coletores de projéteis de arma de fogo para equipar os Laboratórios de Balística Forense dos Órgãos de Perícia Criminal Estaduais, do Distrito Federal e Polícia Federal, utilizados para realização de exames periciais de balística forense, especificados nos itens 2 e 3 do Termo de Referência, anexo I do edital de Licitação nº 90051/2025, que é parte integrante desta Ata, assim como as propostas cujos preços tenham sido registrados, independentemente de transcrição."
"00024/2026";"200331 - SECRETARIA NACIONAL DE SEGURANCA PUBLICA - SENASP";"90051/2025";"06/04/2026";"07/04/2026";"07/04/2027";"09.211.871/0001-29";"RAFAEL INDUSTRIA E CONFECCOES LTDA";"00003";"CALÇA, MATERIAL TECIDO RIP STOP, MODELO PADRÃO DOA E DOE DA PCDF, QUANTIDADE BOLSOS 8 BOLSOS 2 FRONTAIS, 2 TRASEIROS, 2 LATERAIS E 2, COR ESTAMPA MULTICAM BLACK, TAMANHO SOB MEDIDA, CARACTERÍSTICAS ADICIONAIS CONFORME MODELO";"7000";"7000";"209,00";"1.463.000,00";"A presente Ata tem por objeto o registro de preços para a eventual aquisição de coletores de projéteis de arma de fogo para equipar os Laboratórios de Balística Forense dos Órgãos de Perícia Criminal Estaduais, do Distrito Federal e Polícia Federal, utilizados para realização de exames periciais de balística forense, especificados nos itens 2 e 3 do Termo de Referência, anexo I do edital de Licitação nº 90051/2025, que é parte integrante desta Ata, assim como as propostas cujos preços tenham sido registrados, independentemente de transcrição."
"00024/2026";"200331 - SECRETARIA NACIONAL DE SEGURANCA PUBLICA - SENASP";"90051/2025";"06/04/2026";"07/04/2026";"07/04/2027";"09.211.871/0001-29";"RAFAEL INDUSTRIA E CONFECCOES LTDA";"00005";"VESTUÁRIO PROTEÇÃO, MATERIAL TECIDO RIPSTOP, TAMANHO SOB MEDIDA, TIPO USO UNIFORME PARA DOE E DOA PCDF, CARACTERÍSTICAS ADICIONAIS BOLSOS FRONTAIS E NAS MANGAS, COR ESTAMPA MULTICAM BLACK, TIPO GANDOLA";"7000";"7000";"200,00";"1.400.000,00";"A presente Ata tem por objeto o registro de preços para a eventual aquisição de coletores de projéteis de arma de fogo para equipar os Laboratórios de Balística Forense dos Órgãos de Perícia Criminal Estaduais, do Distrito Federal e Polícia Federal, utilizados para realização de exames periciais de balística forense, especificados nos itens 2 e 3 do Termo de Referência, anexo I do edital de Licitação nº 90051/2025, que é parte integrante desta Ata, assim como as propostas cujos preços tenham sido registrados, independentemente de transcrição."
"00024/2026";"200331 - SECRETARIA NACIONAL DE SEGURANCA PUBLICA - SENASP";"90051/2025";"06/04/2026";"07/04/2026";"07/04/2027";"09.211.871/0001-29";"RAFAEL INDUSTRIA E CONFECCOES LTDA";"00007";"BONÉ, MATERIAL CORPO TECIDO RIPSTOP, MATERIAL ABA TECIDO RIPSTOP, MATERIAL REGULADOR ABERTURA VELCRO, MODELO TRADICIONAL, COR PRETA, TIPO IMPRESSÃO BORDADO EM ALTO RELEVO, CARACTERÍSTICAS ADICIONAIS CONFORME MODELO DO ÓRGÃO, TAMANHO SOB MEDIDA";"4000";"4000";"26,00";"104.000,00";"A presente Ata tem por objeto o registro de preços para a eventual aquisição de coletores de projéteis de arma de fogo para equipar os Laboratórios de Balística Forense dos Órgãos de Perícia Criminal Estaduais, do Distrito Federal e Polícia Federal, utilizados para realização de exames periciais de balística forense, especificados nos itens 2 e 3 do Termo de Referência, anexo I do edital de Licitação nº 90051/2025, que é parte integrante desta Ata, assim como as propostas cujos preços tenham sido registrados, independentemente de transcrição."
"00024/2026";"200331 - SECRETARIA NACIONAL DE SEGURANCA PUBLICA - SENASP";"90051/2025";"06/04/2026";"07/04/2026";"07/04/2027";"09.211.871/0001-29";"RAFAEL INDUSTRIA E CONFECCOES LTDA";"00009";"CALÇÃO, MATERIAL POLIÉSTER, COR PRETA, TAMANHO MÉDIO, CARACTERÍSTICAS ADICIONAIS COM SUNGA E CORDÃO";"4000";"4000";"31,84";"127.360,00";"A presente Ata tem por objeto o registro de preços para a eventual aquisição de coletores de projéteis de arma de fogo para equipar os Laboratórios de Balística Forense dos Órgãos de Perícia Criminal Estaduais, do Distrito Federal e Polícia Federal, utilizados para realização de exames periciais de balística forense, especificados nos itens 2 e 3 do Termo de Referência, anexo I do edital de Licitação nº 90051/2025, que é parte integrante desta Ata, assim como as propostas cujos preços tenham sido registrados, independentemente de transcrição."
"00024/2026";"200331 - SECRETARIA NACIONAL DE SEGURANCA PUBLICA - SENASP";"90051/2025";"06/04/2026";"07/04/2026";"07/04/2027";"10.194.062/0001-35";"SAFETY WALL DEFESA E SEGURANCA LTDA.";"00002";"COLETOR RESÍDUOS ARMA DE FOGO, MATERIAL ALUMÍNIO E PELÍCULA CARBONO, COMPONENTES DISCO, ADESIVO CONDUTOR E INVÓLUCRO, DIMENSÕES CERCA DE 13 X 3,5 MM";"142";"142";"75.000,00";"10.650.000,00";"A presente Ata tem por objeto o registro de preços para a eventual aquisição de coletores de projéteis de arma de fogo para equipar os Laboratórios de Balística Forense dos Órgãos de Perícia Criminal Estaduais, do Distrito Federal e Polícia Federal, utilizados para realização de exames periciais de balística forense, especificados nos itens 2 e 3 do Termo de Referência, anexo I do edital de Licitação nº 90051/2025, que é parte integrante desta Ata, assim como as propostas cujos preços tenham sido registrados, independentemente de transcrição."
"00024/2026";"200331 - SECRETARIA NACIONAL DE SEGURANCA PUBLICA - SENASP";"90051/2025";"06/04/2026";"07/04/2026";"07/04/2027";"10.194.062/0001-35";"SAFETY WALL DEFESA E SEGURANCA LTDA.";"00003";"COLETOR RESÍDUOS ARMA DE FOGO, MATERIAL ALUMÍNIO E PELÍCULA CARBONO, COMPONENTES DISCO, ADESIVO CONDUTOR E INVÓLUCRO, DIMENSÕES CERCA DE 13 X 3,5 MM";"180";"180";"65.650,00";"11.817.000,00";"A presente Ata tem por objeto o registro de preços para a eventual aquisição de coletores de projéteis de arma de fogo para equipar os Laboratórios de Balística Forense dos Órgãos de Perícia Criminal Estaduais, do Distrito Federal e Polícia Federal, utilizados para realização de exames periciais de balística forense, especificados nos itens 2 e 3 do Termo de Referência, anexo I do edital de Licitação nº 90051/2025, que é parte integrante desta Ata, assim como as propostas cujos preços tenham sido registrados, independentemente de transcrição."
"00021/2025";"200331 - SECRETARIA NACIONAL DE SEGURANCA PUBLICA - SENASP";"90022/2024";"03/04/2025";"04/04/2025";"04/04/2027";"58.619.404/0008-14";"CONVERGINT COMERCIO E SERVICOS DE TECNOLOGIA LTDA";"00021";"CONVERSOR IMAGEM, TIPO CONVERSOR ENCODER, COMPATIBILIDADE SISTEMAS TRANSFORMA SINAL CÂMERA (CFTV) EM UM SINAL IP, SAÍDA VÍDEO JPEG/ H264, CARACTERÍSTICAS ADICIONAIS ARMAZENAGEM LOCAL,AJUSTE DE COR,BRILHO E CONTRAST E, RESOLUÇÃO HORIZONTAL 720 LINHAS X VERTICAL 480 LINHAS, FUNÇÕES DETEÇÃO DE MOVIMENTOS, CRIPROGRAFIA HTTPS, CONECTOR ENTRADA RCA/ S-VÍDEO, CONECTOR SAÍDA RJ-45, TENSÃO ALIMENTAÇÃO 8- 20 V";"81";"81";"154.609,46";"12.523.366,26";"Registro de preços para a eventual aquisição de equipamentos de combate a incêndios florestais, especificado no item 05 do Termo de Referência (SEI MJ 29251066), anexo I do edital de Licitação nº 22/2024 (SEI MJ 29283387)."
"00021/2025";"200331 - SECRETARIA NACIONAL DE SEGURANCA PUBLICA - SENASP";"90022/2024";"03/04/2025";"04/04/2025";"04/04/2027";"58.619.404/0008-14";"CONVERGINT COMERCIO E SERVICOS DE TECNOLOGIA LTDA";"00023";"SUPORTE DE VIDEOCASSETE / TELEVISAO, MATERIAL AÇO CARBONO, TIPO PAREDE, TAMANHO MONITORES DE 42"" A 55"", ACABAMENTO SUPERFICIAL PINTURA ELETROSTÁTICA, COR PRETA, CARACTERÍSTICAS ADICIONAIS VIDEOWALL";"185";"185";"11.058,58";"2.045.837,30";"Registro de preços para a eventual aquisição de equipamentos de combate a incêndios florestais, especificado no item 05 do Termo de Referência (SEI MJ 29251066), anexo I do edital de Licitação nº 22/2024 (SEI MJ 29283387)."
"00021/2025";"200331 - SECRETARIA NACIONAL DE SEGURANCA PUBLICA - SENASP";"90022/2024";"03/04/2025";"04/04/2025";"04/04/2027";"58.619.404/0008-14";"CONVERGINT COMERCIO E SERVICOS DE TECNOLOGIA LTDA";"00025";"SUPORTE DE VIDEOCASSETE / TELEVISAO, MATERIAL AÇO CARBONO, TIPO PAREDE, TAMANHO MONITORES DE 42"" A 55"", ACABAMENTO SUPERFICIAL PINTURA ELETROSTÁTICA, COR PRETA, CARACTERÍSTICAS ADICIONAIS VIDEOWALL";"4";"4";"22.117,16";"88.468,64";"Registro de preços para a eventual aquisição de equipamentos de combate a incêndios florestais, especificado no item 05 do Termo de Referência (SEI MJ 29251066), anexo I do edital de Licitação nº 22/2024 (SEI MJ 29283387)."
"00021/2025";"200331 - SECRETARIA NACIONAL DE SEGURANCA PUBLICA - SENASP";"90022/2024";"03/04/2025";"04/04/2025";"04/04/2027";"58.619.404/0008-14";"CONVERGINT COMERCIO E SERVICOS DE TECNOLOGIA LTDA";"00027";"PLACA SOM, TIPO EXTERNA, CAPACIDADE MEMÓRIA 24 BIT, COMPATIBILIDADE INTERFACE DE GRAVAÇÃO FIREWIRE, OPERAÇÃO 24 BIT, TIPO ENTRADA NEUTRIK/XLR/1/4TRS/P10 E P2/SPDIF 24 BITS/MIDI, TIPO SAÍDA 8 SAÍDAS P10 E 02 SAÍDAS P2, CARACTERÍSTICAS ADICIONAIS SINCRONIZAÇÃO WORD CLOCK/ PHANTON POWER/ALTA DEFI N, APLICAÇÃO GRAVAÇÃO DE ÁUDIO, FREQUÊNCIA NOMINAL 44.1 À 96 KHZ, MODELO M BOX 2 PRO DIGIDESINGN";"68";"68";"49.500,30";"3.366.020,40";"Registro de preços para a eventual aquisição de equipamentos de combate a incêndios florestais, especificado no item 05 do Termo de Referência (SEI MJ 29251066), anexo I do edital de Licitação nº 22/2024 (SEI MJ 29283387)."
"00021/2025";"200331 - SECRETARIA NACIONAL DE SEGURANCA PUBLICA - SENASP";"90022/2024";"03/04/2025";"04/04/2025";"04/04/2027";"58.619.404/0008-14";"CONVERGINT COMERCIO E SERVICOS DE TECNOLOGIA LTDA";"00029";"MICROFONE, TIPO SEM FIO UHF HANDHELD, ALIMENTAÇÃO PILHAS AA, CARACTERÍSTICAS ADICIONAIS 1 RECEPTOR; 2 MICROFONES DE MÃO; SEM FIO, ALCANCE 15 A 20 M, APLICAÇÃO PEQUENOS EVENTOS E LOCAIS DE PEQUENO PORTE, ACESSÓRIOS 1 CABO P10 X P10; 1 FONTE, 1 MANUAL, 1 CASE, SENSIBILIDADE +/- 80 DB";"142";"142";"33.175,74";"4.710.955,08";"Registro de preços para a eventual aquisição de equipamentos de combate a incêndios florestais, especificado no item 05 do Termo de Referência (SEI MJ 29251066), anexo I do edital de Licitação nº 22/2024 (SEI MJ 29283387)."
"00021/2025";"200331 - SECRETARIA NACIONAL DE SEGURANCA PUBLICA - SENASP";"90022/2024";"03/04/2025";"04/04/2025";"04/04/2027";"58.619.404/0008-14";"CONVERGINT COMERCIO E SERVICOS DE TECNOLOGIA LTDA";"00031";"AMPLIFICADOR SOM, QUANTIDADE CANAIS 4 UN, POTÊNCIA CANAL 200 WRMS, LARGURA 350 MM, ALTURA 68 MM, CARACTERÍSTICAS ADICIONAIS 800 W, PROFUNDIDADE CAIXAS ACÚSTICAS 245 MM";"81";"81";"34.755,53";"2.815.197,93";"Registro de preços para a eventual aquisição de equipamentos de combate a incêndios florestais, especificado no item 05 do Termo de Referência (SEI MJ 29251066), anexo I do edital de Licitação nº 22/2024 (SEI MJ 29283387)."
"00021/2025";"200331 - SECRETARIA NACIONAL DE SEGURANCA PUBLICA - SENASP";"90022/2024";"03/04/2025";"04/04/2025";"04/04/2027";"58.619.404/0008-14";"CONVERGINT COMERCIO E SERVICOS DE TECNOLOGIA LTDA";"00033";"SWITCH, QUANTIDADE PORTAS 48 UN, TIPO PORTAS 10/100/1000 BASE T, RJ45.4, ETHERNET MINI-GBIC, VELOCIDADE PORTA 1000 MBPS, 1/10 GBPS, ALIMENTAÇÃO 100 A 240 V, CARACTERÍSTICAS ADICIONAIS COM PORTAS POE, ALIMENTAÇÃO ELÉTRICA COM CHAVEAME N, APLICAÇÃO CONECTAR SERVIDORES E EQUIPAMENTOS EM REDE, TIPO SWITCH GERENCIÁVEL";"37";"37";"22.749,08";"841.715,96";"Registro de preços para a eventual aquisição de equipamentos de combate a incêndios florestais, especificado no item 05 do Termo de Referência (SEI MJ 29251066), anexo I do edital de Licitação nº 22/2024 (SEI MJ 29283387)."
"00021/2025";"200331 - SECRETARIA NACIONAL DE SEGURANCA PUBLICA - SENASP";"90022/2024";"03/04/2025";"04/04/2025";"04/04/2027";"58.619.404/0008-14";"CONVERGINT COMERCIO E SERVICOS DE TECNOLOGIA LTDA";"00035";"ESTANTE, MATERIAL AÇO PADRÃO 19"" TIPO 42U, ALTURA 1,99 M, PROFUNDIDADE 1,07 M, MATERIAL PORTA FRONTAL AÇO 18, TRATAMENTO SUPERFICIAL PINTURA ELETROSTÁTICA, CARACTERÍSTICAS ADICIONAIS TETO COM 4 VENTILADORES 220V, LARGURA 60 CM";"92";"92";"4.385,52";"403.467,84";"Registro de preços para a eventual aquisição de equipamentos de combate a incêndios florestais, especificado no item 05 do Termo de Referência (SEI MJ 29251066), anexo I do edital de Licitação nº 22/2024 (SEI MJ 29283387)."
"00021/2025";"200331 - SECRETARIA NACIONAL DE SEGURANCA PUBLICA - SENASP";"90022/2024";"03/04/2025";"04/04/2025";"04/04/2027";"58.619.404/0008-14";"CONVERGINT COMERCIO E SERVICOS DE TECNOLOGIA LTDA";"00037";"Treinamento Informática - Equipamento / Hardware";"62";"62";"7.372,39";"457.088,18";"Registro de preços para a eventual aquisição de equipamentos de combate a incêndios florestais, especificado no item 05 do Termo de Referência (SEI MJ 29251066), anexo I do edital de Licitação nº 22/2024 (SEI MJ 29283387)."
"00021/2025";"200331 - SECRETARIA NACIONAL DE SEGURANCA PUBLICA - SENASP";"90022/2024";"03/04/2025";"04/04/2025";"04/04/2027";"58.619.404/0008-14";"CONVERGINT COMERCIO E SERVICOS DE TECNOLOGIA LTDA";"00040";"CONVERSOR IMAGEM, TIPO CONVERSOR ENCODER, COMPATIBILIDADE SISTEMAS TRANSFORMA SINAL CÂMERA (CFTV) EM UM SINAL IP, SAÍDA VÍDEO JPEG/ H264, CARACTERÍSTICAS ADICIONAIS ARMAZENAGEM LOCAL,AJUSTE DE COR,BRILHO E CONTRAST E, RESOLUÇÃO HORIZONTAL 720 LINHAS X VERTICAL 480 LINHAS, FUNÇÕES DETEÇÃO DE MOVIMENTOS, CRIPROGRAFIA HTTPS, CONECTOR ENTRADA RCA/ S-VÍDEO, CONECTOR SAÍDA RJ-45, TENSÃO ALIMENTAÇÃO 8- 20 V";"51";"51";"147.447,71";"7.519.833,21";"Registro de preços para a eventual aquisição de equipamentos de combate a incêndios florestais, especificado no item 05 do Termo de Referência (SEI MJ 29251066), anexo I do edital de Licitação nº 22/2024 (SEI MJ 29283387)."
"00021/2025";"200331 - SECRETARIA NACIONAL DE SEGURANCA PUBLICA - SENASP";"90022/2024";"03/04/2025";"04/04/2025";"04/04/2027";"58.619.404/0008-14";"CONVERGINT COMERCIO E SERVICOS DE TECNOLOGIA LTDA";"00042";"SUPORTE DE VIDEOCASSETE / TELEVISAO, MATERIAL AÇO CARBONO, TIPO PAREDE, TAMANHO MONITORES DE 42"" A 55"", ACABAMENTO SUPERFICIAL PINTURA ELETROSTÁTICA, COR PRETA, CARACTERÍSTICAS ADICIONAIS VIDEOWALL";"177";"177";"10.005,38";"1.770.952,26";"Registro de preços para a eventual aquisição de equipamentos de combate a incêndios florestais, especificado no item 05 do Termo de Referência (SEI MJ 29251066), anexo I do edital de Licitação nº 22/2024 (SEI MJ 29283387)."
"00021/2025";"200331 - SECRETARIA NACIONAL DE SEGURANCA PUBLICA - SENASP";"90022/2024";"03/04/2025";"04/04/2025";"04/04/2027";"58.619.404/0008-14";"CONVERGINT COMERCIO E SERVICOS DE TECNOLOGIA LTDA";"00044";"SUPORTE DE VIDEOCASSETE / TELEVISAO, MATERIAL AÇO CARBONO, TIPO PAREDE, TAMANHO MONITORES DE 42"" A 55"", ACABAMENTO SUPERFICIAL PINTURA ELETROSTÁTICA, COR PRETA, CARACTERÍSTICAS ADICIONAIS VIDEOWALL";"28";"28";"20.010,76";"560.301,28";"Registro de preços para a eventual aquisição de equipamentos de combate a incêndios florestais, especificado no item 05 do Termo de Referência (SEI MJ 29251066), anexo I do edital de Licitação nº 22/2024 (SEI MJ 29283387)."
"00021/2025";"200331 - SECRETARIA NACIONAL DE SEGURANCA PUBLICA - SENASP";"90022/2024";"03/04/2025";"04/04/2025";"04/04/2027";"58.619.404/0008-14";"CONVERGINT COMERCIO E SERVICOS DE TECNOLOGIA LTDA";"00046";"PLACA SOM, TIPO EXTERNA, CAPACIDADE MEMÓRIA 24 BIT, COMPATIBILIDADE INTERFACE DE GRAVAÇÃO FIREWIRE, OPERAÇÃO 24 BIT, TIPO ENTRADA NEUTRIK/XLR/1/4TRS/P10 E P2/SPDIF 24 BITS/MIDI, TIPO SAÍDA 8 SAÍDAS P10 E 02 SAÍDAS P2, CARACTERÍSTICAS ADICIONAIS SINCRONIZAÇÃO WORD CLOCK/ PHANTON POWER/ALTA DEFI N, APLICAÇÃO GRAVAÇÃO DE ÁUDIO, FREQUÊNCIA NOMINAL 44.1 À 96 KHZ, MODELO M BOX 2 PRO DIGIDESINGN";"47";"47";"45.287,51";"2.128.512,97";"Registro de preços para a eventual aquisição de equipamentos de combate a incêndios florestais, especificado no item 05 do Termo de Referência (SEI MJ 29251066), anexo I do edital de Licitação nº 22/2024 (SEI MJ 29283387)."
"00021/2025";"200331 - SECRETARIA NACIONAL DE SEGURANCA PUBLICA - SENASP";"90022/2024";"03/04/2025";"04/04/2025";"04/04/2027";"58.619.404/0008-14";"CONVERGINT COMERCIO E SERVICOS DE TECNOLOGIA LTDA";"00048";"MICROFONE, TIPO SEM FIO UHF HANDHELD, ALIMENTAÇÃO PILHAS AA, CARACTERÍSTICAS ADICIONAIS 1 RECEPTOR; 2 MICROFONES DE MÃO; SEM FIO, ALCANCE 15 A 20 M, APLICAÇÃO PEQUENOS EVENTOS E LOCAIS DE PEQUENO PORTE, ACESSÓRIOS 1 CABO P10 X P10; 1 FONTE, 1 MANUAL, 1 CASE, SENSIBILIDADE +/- 80 DB";"88";"88";"32.227,86";"2.836.051,68";"Registro de preços para a eventual aquisição de equipamentos de combate a incêndios florestais, especificado no item 05 do Termo de Referência (SEI MJ 29251066), anexo I do edital de Licitação nº 22/2024 (SEI MJ 29283387)."
"00021/2025";"200331 - SECRETARIA NACIONAL DE SEGURANCA PUBLICA - SENASP";"90022/2024";"03/04/2025";"04/04/2025";"04/04/2027";"58.619.404/0008-14";"CONVERGINT COMERCIO E SERVICOS DE TECNOLOGIA LTDA";"00050";"AMPLIFICADOR SOM, QUANTIDADE CANAIS 4 UN, POTÊNCIA CANAL 200 WRMS, LARGURA 350 MM, ALTURA 68 MM, CARACTERÍSTICAS ADICIONAIS 800 W, PROFUNDIDADE CAIXAS ACÚSTICAS 245 MM";"91";"91";"33.702,33";"3.066.912,03";"Registro de preços para a eventual aquisição de equipamentos de combate a incêndios florestais, especificado no item 05 do Termo de Referência (SEI MJ 29251066), anexo I do edital de Licitação nº 22/2024 (SEI MJ 29283387)."
"00021/2025";"200331 - SECRETARIA NACIONAL DE SEGURANCA PUBLICA - SENASP";"90022/2024";"03/04/2025";"04/04/2025";"04/04/2027";"58.619.404/0008-14";"CONVERGINT COMERCIO E SERVICOS DE TECNOLOGIA LTDA";"00052";"SWITCH, QUANTIDADE PORTAS 48 UN, TIPO PORTAS 10/100/1000 BASE T, RJ45.4, ETHERNET MINI-GBIC, VELOCIDADE PORTA 1000 MBPS, 1/10 GBPS, ALIMENTAÇÃO 100 A 240 V, CARACTERÍSTICAS ADICIONAIS COM PORTAS POE, ALIMENTAÇÃO ELÉTRICA COM CHAVEAME N, APLICAÇÃO CONECTAR SERVIDORES E EQUIPAMENTOS EM REDE, TIPO SWITCH GERENCIÁVEL";"28";"28";"21.695,88";"607.484,64";"Registro de preços para a eventual aquisição de equipamentos de combate a incêndios florestais, especificado no item 05 do Termo de Referência (SEI MJ 29251066), anexo I do edital de Licitação nº 22/2024 (SEI MJ 29283387)."
"00021/2025";"200331 - SECRETARIA NACIONAL DE SEGURANCA PUBLICA - SENASP";"90022/2024";"03/04/2025";"04/04/2025";"04/04/2027";"58.619.404/0008-14";"CONVERGINT COMERCIO E SERVICOS DE TECNOLOGIA LTDA";"00054";"ESTANTE, MATERIAL AÇO PADRÃO 19"" TIPO 42U, ALTURA 1,99 M, PROFUNDIDADE 1,07 M, MATERIAL PORTA FRONTAL AÇO 18, TRATAMENTO SUPERFICIAL PINTURA ELETROSTÁTICA, CARACTERÍSTICAS ADICIONAIS TETO COM 4 VENTILADORES 220V, LARGURA 60 CM";"61";"61";"4.385,52";"267.516,72";"Registro de preços para a eventual aquisição de equipamentos de combate a incêndios florestais, especificado no item 05 do Termo de Referência (SEI MJ 29251066), anexo I do edital de Licitação nº 22/2024 (SEI MJ 29283387)."
"00021/2025";"200331 - SECRETARIA NACIONAL DE SEGURANCA PUBLICA - SENASP";"90022/2024";"03/04/2025";"04/04/2025";"04/04/2027";"58.619.404/0008-14";"CONVERGINT COMERCIO E SERVICOS DE TECNOLOGIA LTDA";"00056";"Treinamento Informática - Equipamento / Hardware";"56";"56";"7.372,39";"412.853,84";"Registro de preços para a eventual aquisição de equipamentos de combate a incêndios florestais, especificado no item 05 do Termo de Referência (SEI MJ 29251066), anexo I do edital de Licitação nº 22/2024 (SEI MJ 29283387)."
"00021/2025";"200331 - SECRETARIA NACIONAL DE SEGURANCA PUBLICA - SENASP";"90022/2024";"03/04/2025";"04/04/2025";"04/04/2027";"58.619.404/0008-14";"CONVERGINT COMERCIO E SERVICOS DE TECNOLOGIA LTDA";"00059";"CONVERSOR IMAGEM, TIPO CONVERSOR ENCODER, COMPATIBILIDADE SISTEMAS TRANSFORMA SINAL CÂMERA (CFTV) EM UM SINAL IP, SAÍDA VÍDEO JPEG/ H264, CARACTERÍSTICAS ADICIONAIS ARMAZENAGEM LOCAL,AJUSTE DE COR,BRILHO E CONTRAST E, RESOLUÇÃO HORIZONTAL 720 LINHAS X VERTICAL 480 LINHAS, FUNÇÕES DETEÇÃO DE MOVIMENTOS, CRIPROGRAFIA HTTPS, CONECTOR ENTRADA RCA/ S-VÍDEO, CONECTOR SAÍDA RJ-45, TENSÃO ALIMENTAÇÃO 8- 20 V";"9";"9";"150.607,31";"1.355.465,79";"Registro de preços para a eventual aquisição de equipamentos de combate a incêndios florestais, especificado no item 05 do Termo de Referência (SEI MJ 29251066), anexo I do edital de Licitação nº 22/2024 (SEI MJ 29283387)."
"00021/2025";"200331 - SECRETARIA NACIONAL DE SEGURANCA PUBLICA - SENASP";"90022/2024";"03/04/2025";"04/04/2025";"04/04/2027";"58.619.404/0008-14";"CONVERGINT COMERCIO E SERVICOS DE TECNOLOGIA LTDA";"00061";"SUPORTE DE VIDEOCASSETE / TELEVISAO, MATERIAL AÇO CARBONO, TIPO PAREDE, TAMANHO MONITORES DE 42"" A 55"", ACABAMENTO SUPERFICIAL PINTURA ELETROSTÁTICA, COR PRETA, CARACTERÍSTICAS ADICIONAIS VIDEOWALL";"168";"168";"10.531,98";"1.769.372,64";"Registro de preços para a eventual aquisição de equipamentos de combate a incêndios florestais, especificado no item 05 do Termo de Referência (SEI MJ 29251066), anexo I do edital de Licitação nº 22/2024 (SEI MJ 29283387)."
"00021/2025";"200331 - SECRETARIA NACIONAL DE SEGURANCA PUBLICA - SENASP";"90022/2024";"03/04/2025";"04/04/2025";"04/04/2027";"58.619.404/0008-14";"CONVERGINT COMERCIO E SERVICOS DE TECNOLOGIA LTDA";"00063";"SUPORTE DE VIDEOCASSETE / TELEVISAO, MATERIAL AÇO CARBONO, TIPO PAREDE, TAMANHO MONITORES DE 42"" A 55"", ACABAMENTO SUPERFICIAL PINTURA ELETROSTÁTICA, COR PRETA, CARACTERÍSTICAS ADICIONAIS VIDEOWALL";"4";"4";"21.063,96";"84.255,84";"Registro de preços para a eventual aquisição de equipamentos de combate a incêndios florestais, especificado no item 05 do Termo de Referência (SEI MJ 29251066), anexo I do edital de Licitação nº 22/2024 (SEI MJ 29283387)."
"00021/2025";"200331 - SECRETARIA NACIONAL DE SEGURANCA PUBLICA - SENASP";"90022/2024";"03/04/2025";"04/04/2025";"04/04/2027";"58.619.404/0008-14";"CONVERGINT COMERCIO E SERVICOS DE TECNOLOGIA LTDA";"00065";"PLACA SOM, TIPO EXTERNA, CAPACIDADE MEMÓRIA 24 BIT, COMPATIBILIDADE INTERFACE DE GRAVAÇÃO FIREWIRE, OPERAÇÃO 24 BIT, TIPO ENTRADA NEUTRIK/XLR/1/4TRS/P10 E P2/SPDIF 24 BITS/MIDI, TIPO SAÍDA 8 SAÍDAS P10 E 02 SAÍDAS P2, CARACTERÍSTICAS ADICIONAIS SINCRONIZAÇÃO WORD CLOCK/ PHANTON POWER/ALTA DEFI N, APLICAÇÃO GRAVAÇÃO DE ÁUDIO, FREQUÊNCIA NOMINAL 44.1 À 96 KHZ, MODELO M BOX 2 PRO DIGIDESINGN";"56";"56";"46.340,71";"2.595.079,76";"Registro de preços para a eventual aquisição de equipamentos de combate a incêndios florestais, especificado no item 05 do Termo de Referência (SEI MJ 29251066), anexo I do edital de Licitação nº 22/2024 (SEI MJ 29283387)."
"00021/2025";"200331 - SECRETARIA NACIONAL DE SEGURANCA PUBLICA - SENASP";"90022/2024";"03/04/2025";"04/04/2025";"04/04/2027";"58.619.404/0008-14";"CONVERGINT COMERCIO E SERVICOS DE TECNOLOGIA LTDA";"00067";"MICROFONE, TIPO SEM FIO UHF HANDHELD, ALIMENTAÇÃO PILHAS AA, CARACTERÍSTICAS ADICIONAIS 1 RECEPTOR; 2 MICROFONES DE MÃO; SEM FIO, ALCANCE 15 A 20 M, APLICAÇÃO PEQUENOS EVENTOS E LOCAIS DE PEQUENO PORTE, ACESSÓRIOS 1 CABO P10 X P10; 1 FONTE, 1 MANUAL, 1 CASE, SENSIBILIDADE +/- 80 DB";"133";"133";"31.595,94";"4.202.260,02";"Registro de preços para a eventual aquisição de equipamentos de combate a incêndios florestais, especificado no item 05 do Termo de Referência (SEI MJ 29251066), anexo I do edital de Licitação nº 22/2024 (SEI MJ 29283387)."
"00021/2025";"200331 - SECRETARIA NACIONAL DE SEGURANCA PUBLICA - SENASP";"90022/2024";"03/04/2025";"04/04/2025";"04/04/2027";"58.619.404/0008-14";"CONVERGINT COMERCIO E SERVICOS DE TECNOLOGIA LTDA";"00069";"AMPLIFICADOR SOM, QUANTIDADE CANAIS 4 UN, POTÊNCIA CANAL 200 WRMS, LARGURA 350 MM, ALTURA 68 MM, CARACTERÍSTICAS ADICIONAIS 800 W, PROFUNDIDADE CAIXAS ACÚSTICAS 245 MM";"80";"80";"36.861,93";"2.948.954,40";"Registro de preços para a eventual aquisição de equipamentos de combate a incêndios florestais, especificado no item 05 do Termo de Referência (SEI MJ 29251066), anexo I do edital de Licitação nº 22/2024 (SEI MJ 29283387)."
"00021/2025";"200331 - SECRETARIA NACIONAL DE SEGURANCA PUBLICA - SENASP";"90022/2024";"03/04/2025";"04/04/2025";"04/04/2027";"58.619.404/0008-14";"CONVERGINT COMERCIO E SERVICOS DE TECNOLOGIA LTDA";"00071";"SWITCH, QUANTIDADE PORTAS 48 UN, TIPO PORTAS 10/100/1000 BASE T, RJ45.4, ETHERNET MINI-GBIC, VELOCIDADE PORTA 1000 MBPS, 1/10 GBPS, ALIMENTAÇÃO 100 A 240 V, CARACTERÍSTICAS ADICIONAIS COM PORTAS POE, ALIMENTAÇÃO ELÉTRICA COM CHAVEAME N, APLICAÇÃO CONECTAR SERVIDORES E EQUIPAMENTOS EM REDE, TIPO SWITCH GERENCIÁVEL";"16";"16";"23.802,27";"380.836,32";"Registro de preços para a eventual aquisição de equipamentos de combate a incêndios florestais, especificado no item 05 do Termo de Referência (SEI MJ 29251066), anexo I do edital de Licitação nº 22/2024 (SEI MJ 29283387)."
"00021/2025";"200331 - SECRETARIA NACIONAL DE SEGURANCA PUBLICA - SENASP";"90022/2024";"03/04/2025";"04/04/2025";"04/04/2027";"58.619.404/0008-14";"CONVERGINT COMERCIO E SERVICOS DE TECNOLOGIA LTDA";"00073";"ESTANTE, MATERIAL AÇO PADRÃO 19"" TIPO 42U, ALTURA 1,99 M, PROFUNDIDADE 1,07 M, MATERIAL PORTA FRONTAL AÇO 18, TRATAMENTO SUPERFICIAL PINTURA ELETROSTÁTICA, CARACTERÍSTICAS ADICIONAIS TETO COM 4 VENTILADORES 220V, LARGURA 60 CM";"77";"77";"4.385,52";"337.685,04";"Registro de preços para a eventual aquisição de equipamentos de combate a incêndios florestais, especificado no item 05 do Termo de Referência (SEI MJ 29251066), anexo I do edital de Licitação nº 22/2024 (SEI MJ 29283387)."
"00021/2025";"200331 - SECRETARIA NACIONAL DE SEGURANCA PUBLICA - SENASP";"90022/2024";"03/04/2025";"04/04/2025";"04/04/2027";"58.619.404/0008-14";"CONVERGINT COMERCIO E SERVICOS DE TECNOLOGIA LTDA";"00075";"Treinamento Informática - Equipamento / Hardware";"72";"72";"8.425,58";"606.641,76";"Registro de preços para a eventual aquisição de equipamentos de combate a incêndios florestais, especificado no item 05 do Termo de Referência (SEI MJ 29251066), anexo I do edital de Licitação nº 22/2024 (SEI MJ 29283387)."
"00021/2025";"200331 - SECRETARIA NACIONAL DE SEGURANCA PUBLICA - SENASP";"90022/2024";"03/04/2025";"04/04/2025";"04/04/2027";"58.619.404/0008-14";"CONVERGINT COMERCIO E SERVICOS DE TECNOLOGIA LTDA";"00020";"MONITOR IMAGEM, TAMANHO TELA 55 POL, TIPO TELA LED, CONSUMO 150 W, TENSÃO OPERAÇÃO 100 A 240 VCA, LARGURA 1,211,4 MM, ALTURA 682,2 MM, PROFUNDIDADE 86,5 MM, RESOLUÇÃO IMAGEM 1920 X 1080 DPI, TIPO ENTRADA HDMI/DP/DVI-D/OPS/AUDIO/ USB 2.0/USB 3.0/RGB, CARACTERÍSTICAS ADICIONAIS CONTROLE EXTERNO RS2323C, RJ45, RECEPTOR IR;, TIPO IMAGEM WINDE SCREEN";"588";"588";"8.952,18";"5.263.881,84";"Registro de preços para a eventual aquisição de equipamentos de combate a incêndios florestais, especificado no item 05 do Termo de Referência (SEI MJ 29251066), anexo I do edital de Licitação nº 22/2024 (SEI MJ 29283387)."
"00021/2025";"200331 - SECRETARIA NACIONAL DE SEGURANCA PUBLICA - SENASP";"90022/2024";"03/04/2025";"04/04/2025";"04/04/2027";"58.619.404/0008-14";"CONVERGINT COMERCIO E SERVICOS DE TECNOLOGIA LTDA";"00022";"CONVERSOR IMAGEM, TIPO CONVERSOR ENCODER, COMPATIBILIDADE SISTEMAS TRANSFORMA SINAL CÂMERA (CFTV) EM UM SINAL IP, SAÍDA VÍDEO JPEG/ H264, CARACTERÍSTICAS ADICIONAIS ARMAZENAGEM LOCAL,AJUSTE DE COR,BRILHO E CONTRAST E, RESOLUÇÃO HORIZONTAL 720 LINHAS X VERTICAL 480 LINHAS, FUNÇÕES DETEÇÃO DE MOVIMENTOS, CRIPROGRAFIA HTTPS, CONECTOR ENTRADA RCA/ S-VÍDEO, CONECTOR SAÍDA RJ-45, TENSÃO ALIMENTAÇÃO 8- 20 V";"23";"23";"11.795,82";"271.303,86";"Registro de preços para a eventual aquisição de equipamentos de combate a incêndios florestais, especificado no item 05 do Termo de Referência (SEI MJ 29251066), anexo I do edital de Licitação nº 22/2024 (SEI MJ 29283387)."
"00021/2025";"200331 - SECRETARIA NACIONAL DE SEGURANCA PUBLICA - SENASP";"90022/2024";"03/04/2025";"04/04/2025";"04/04/2027";"58.619.404/0008-14";"CONVERGINT COMERCIO E SERVICOS DE TECNOLOGIA LTDA";"00024";"SUPORTE DE VIDEOCASSETE / TELEVISAO, MATERIAL AÇO CARBONO, TIPO PAREDE, TAMANHO MONITORES DE 42"" A 55"", ACABAMENTO SUPERFICIAL PINTURA ELETROSTÁTICA, COR PRETA, CARACTERÍSTICAS ADICIONAIS VIDEOWALL";"18";"18";"17.377,77";"312.799,86";"Registro de preços para a eventual aquisição de equipamentos de combate a incêndios florestais, especificado no item 05 do Termo de Referência (SEI MJ 29251066), anexo I do edital de Licitação nº 22/2024 (SEI MJ 29283387)."
"00021/2025";"200331 - SECRETARIA NACIONAL DE SEGURANCA PUBLICA - SENASP";"90022/2024";"03/04/2025";"04/04/2025";"04/04/2027";"58.619.404/0008-14";"CONVERGINT COMERCIO E SERVICOS DE TECNOLOGIA LTDA";"00078";"CONVERSOR IMAGEM, TIPO CONVERSOR ENCODER, COMPATIBILIDADE SISTEMAS TRANSFORMA SINAL CÂMERA (CFTV) EM UM SINAL IP, SAÍDA VÍDEO JPEG/ H264, CARACTERÍSTICAS ADICIONAIS ARMAZENAGEM LOCAL,AJUSTE DE COR,BRILHO E CONTRAST E, RESOLUÇÃO HORIZONTAL 720 LINHAS X VERTICAL 480 LINHAS, FUNÇÕES DETEÇÃO DE MOVIMENTOS, CRIPROGRAFIA HTTPS, CONECTOR ENTRADA RCA/ S-VÍDEO, CONECTOR SAÍDA RJ-45, TENSÃO ALIMENTAÇÃO 8- 20 V";"30";"30";"115.851,77";"3.475.553,10";"Registro de preços para a eventual aquisição de equipamentos de combate a incêndios florestais, especificado no item 05 do Termo de Referência (SEI MJ 29251066), anexo I do edital de Licitação nº 22/2024 (SEI MJ 29283387)."
"00021/2025";"200331 - SECRETARIA NACIONAL DE SEGURANCA PUBLICA - SENASP";"90022/2024";"03/04/2025";"04/04/2025";"04/04/2027";"58.619.404/0008-14";"CONVERGINT COMERCIO E SERVICOS DE TECNOLOGIA LTDA";"00080";"APRESENTADOR MULTIMÍDIA, DISTÂNCIA MÍNIMA 10 M, FREQÜÊNCIA 2,4 GHZ, COMPATIBILIDADE WINDOWS, MAC, PC, NOTEBOOK, FONTE ALIMENTAÇÃO BATERIA, CARACTERÍSTICAS ADICIONAIS USB E SEM FIO";"30";"30";"15.797,97";"473.939,10";"Registro de preços para a eventual aquisição de equipamentos de combate a incêndios florestais, especificado no item 05 do Termo de Referência (SEI MJ 29251066), anexo I do edital de Licitação nº 22/2024 (SEI MJ 29283387)."
"00021/2025";"200331 - SECRETARIA NACIONAL DE SEGURANCA PUBLICA - SENASP";"90022/2024";"03/04/2025";"04/04/2025";"04/04/2027";"58.619.404/0008-14";"CONVERGINT COMERCIO E SERVICOS DE TECNOLOGIA LTDA";"00082";"MESA ÁUDIO / VÍDEO, TIPO ENTRADA USB ESTÉREO, EQUALIZAÇÃO 3 VIAS, TENSÃO ALIMENTAÇÃO 100/240 V, CARACTERÍSTICAS ADICIONAIS COM PRÉ-AMPLIFICADORES, PROCESSADOR MULTI-EFEITOS ,";"30";"30";"36.861,93";"1.105.857,90";"Registro de preços para a eventual aquisição de equipamentos de combate a incêndios florestais, especificado no item 05 do Termo de Referência (SEI MJ 29251066), anexo I do edital de Licitação nº 22/2024 (SEI MJ 29283387)."
"00021/2025";"200331 - SECRETARIA NACIONAL DE SEGURANCA PUBLICA - SENASP";"90022/2024";"03/04/2025";"04/04/2025";"04/04/2027";"58.619.404/0008-14";"CONVERGINT COMERCIO E SERVICOS DE TECNOLOGIA LTDA";"00084";"AMPLIFICADOR SOM, QUANTIDADE CANAIS 4 UN, POTÊNCIA CANAL 200 WRMS, LARGURA 350 MM, ALTURA 68 MM, CARACTERÍSTICAS ADICIONAIS 800 W, PROFUNDIDADE CAIXAS ACÚSTICAS 245 MM";"30";"30";"41.074,72";"1.232.241,60";"Registro de preços para a eventual aquisição de equipamentos de combate a incêndios florestais, especificado no item 05 do Termo de Referência (SEI MJ 29251066), anexo I do edital de Licitação nº 22/2024 (SEI MJ 29283387)."
"00021/2025";"200331 - SECRETARIA NACIONAL DE SEGURANCA PUBLICA - SENASP";"90022/2024";"03/04/2025";"04/04/2025";"04/04/2027";"58.619.404/0008-14";"CONVERGINT COMERCIO E SERVICOS DE TECNOLOGIA LTDA";"00086";"SWITCH, QUANTIDADE PORTAS 48 UN, TIPO PORTAS 10/100/1000 BASE T, RJ45.4, ETHERNET MINI-GBIC, VELOCIDADE PORTA 1000 MBPS, 1/10 GBPS, ALIMENTAÇÃO 100 A 240 V, CARACTERÍSTICAS ADICIONAIS COM PORTAS POE, ALIMENTAÇÃO ELÉTRICA COM CHAVEAME N, APLICAÇÃO CONECTAR SERVIDORES E EQUIPAMENTOS EM REDE, TIPO SWITCH GERENCIÁVEL";"30";"30";"22.749,08";"682.472,40";"Registro de preços para a eventual aquisição de equipamentos de combate a incêndios florestais, especificado no item 05 do Termo de Referência (SEI MJ 29251066), anexo I do edital de Licitação nº 22/2024 (SEI MJ 29283387)."
"00021/2025";"200331 - SECRETARIA NACIONAL DE SEGURANCA PUBLICA - SENASP";"90022/2024";"03/04/2025";"04/04/2025";"04/04/2027";"58.619.404/0008-14";"CONVERGINT COMERCIO E SERVICOS DE TECNOLOGIA LTDA";"00026";"APRESENTADOR MULTIMÍDIA, DISTÂNCIA MÍNIMA 10 M, FREQÜÊNCIA 2,4 GHZ, COMPATIBILIDADE WINDOWS, MAC, PC, NOTEBOOK, FONTE ALIMENTAÇÃO BATERIA, CARACTERÍSTICAS ADICIONAIS USB E SEM FIO";"90";"90";"13.164,97";"1.184.847,30";"Registro de preços para a eventual aquisição de equipamentos de combate a incêndios florestais, especificado no item 05 do Termo de Referência (SEI MJ 29251066), anexo I do edital de Licitação nº 22/2024 (SEI MJ 29283387)."
"00021/2025";"200331 - SECRETARIA NACIONAL DE SEGURANCA PUBLICA - SENASP";"90022/2024";"03/04/2025";"04/04/2025";"04/04/2027";"58.619.404/0008-14";"CONVERGINT COMERCIO E SERVICOS DE TECNOLOGIA LTDA";"00028";"MESA ÁUDIO / VÍDEO, TIPO ENTRADA USB ESTÉREO, EQUALIZAÇÃO 3 VIAS, TENSÃO ALIMENTAÇÃO 100/240 V, CARACTERÍSTICAS ADICIONAIS COM PRÉ-AMPLIFICADORES, PROCESSADOR MULTI-EFEITOS ,";"56";"56";"34.755,53";"1.946.309,68";"Registro de preços para a eventual aquisição de equipamentos de combate a incêndios florestais, especificado no item 05 do Termo de Referência (SEI MJ 29251066), anexo I do edital de Licitação nº 22/2024 (SEI MJ 29283387)."
"00021/2025";"200331 - SECRETARIA NACIONAL DE SEGURANCA PUBLICA - SENASP";"90022/2024";"03/04/2025";"04/04/2025";"04/04/2027";"58.619.404/0008-14";"CONVERGINT COMERCIO E SERVICOS DE TECNOLOGIA LTDA";"00030";"MICROFONE, TIPO SEM FIO UHF HANDHELD, ALIMENTAÇÃO PILHAS AA, CARACTERÍSTICAS ADICIONAIS 1 RECEPTOR; 2 MICROFONES DE MÃO; SEM FIO, ALCANCE 15 A 20 M, APLICAÇÃO PEQUENOS EVENTOS E LOCAIS DE PEQUENO PORTE, ACESSÓRIOS 1 CABO P10 X P10; 1 FONTE, 1 MANUAL, 1 CASE, SENSIBILIDADE +/- 80 DB";"78";"78";"29.489,54";"2.300.184,12";"Registro de preços para a eventual aquisição de equipamentos de combate a incêndios florestais, especificado no item 05 do Termo de Referência (SEI MJ 29251066), anexo I do edital de Licitação nº 22/2024 (SEI MJ 29283387)."
"00021/2025";"200331 - SECRETARIA NACIONAL DE SEGURANCA PUBLICA - SENASP";"90022/2024";"03/04/2025";"04/04/2025";"04/04/2027";"58.619.404/0008-14";"CONVERGINT COMERCIO E SERVICOS DE TECNOLOGIA LTDA";"00032";"CAIXA ACÚSTICA, POTÊNCIA 350 WRMS, TAMANHO ALTO-FALANTE 18 POL, RESPOSTA FREQÜÊNCIA 55 A 300 HZ, LARGURA 516 MM, ALTURA 597 MM, PROFUNDIDADE 559 MM, COR PRETA, CARACTERÍSTICAS ADICIONAIS SUB WOOFER PORTÁTIL, IMPEDÂNCIA ENTRADA 4 OHM, SENSIBILIDADE 101 DB, POTÊNCIA NOMINAL 350 WRMS";"182";"182";"4.739,39";"862.568,98";"Registro de preços para a eventual aquisição de equipamentos de combate a incêndios florestais, especificado no item 05 do Termo de Referência (SEI MJ 29251066), anexo I do edital de Licitação nº 22/2024 (SEI MJ 29283387)."
"00021/2025";"200331 - SECRETARIA NACIONAL DE SEGURANCA PUBLICA - SENASP";"90022/2024";"03/04/2025";"04/04/2025";"04/04/2027";"58.619.404/0008-14";"CONVERGINT COMERCIO E SERVICOS DE TECNOLOGIA LTDA";"00034";"SWITCH, QUANTIDADE PORTAS 24 UN, TIPO PORTAS 10/100/1000 BASE T, RJ45.4, 4 ETHERNET MINI-GBIC, VELOCIDADE PORTA 1000 MBPS, 1/10 GBPS, ALIMENTAÇÃO 100 A 240 V, CARACTERÍSTICAS ADICIONAIS COM PORTAS POE, ALIMENTAÇÃO ELÉTRICA COM CHAVEAME N, APLICAÇÃO CONECTAR SERVIDORES E EQUIPAMENTOS EM REDE, TIPO SWITCH GERENCIÁVEL";"91";"91";"12.743,70";"1.159.676,70";"Registro de preços para a eventual aquisição de equipamentos de combate a incêndios florestais, especificado no item 05 do Termo de Referência (SEI MJ 29251066), anexo I do edital de Licitação nº 22/2024 (SEI MJ 29283387)."
"00021/2025";"200331 - SECRETARIA NACIONAL DE SEGURANCA PUBLICA - SENASP";"90022/2024";"03/04/2025";"04/04/2025";"04/04/2027";"58.619.404/0008-14";"CONVERGINT COMERCIO E SERVICOS DE TECNOLOGIA LTDA";"00036";"Instalação e Montagem / Desmontagem - Remanejamento com TraNSPORTE DE MAQUINAS  / EQUIPAMENTOS";"94";"94";"72.670,66";"6.831.042,04";"Registro de preços para a eventual aquisição de equipamentos de combate a incêndios florestais, especificado no item 05 do Termo de Referência (SEI MJ 29251066), anexo I do edital de Licitação nº 22/2024 (SEI MJ 29283387)."
"00021/2025";"200331 - SECRETARIA NACIONAL DE SEGURANCA PUBLICA - SENASP";"90022/2024";"03/04/2025";"04/04/2025";"04/04/2027";"58.619.404/0008-14";"CONVERGINT COMERCIO E SERVICOS DE TECNOLOGIA LTDA";"00039";"MONITOR IMAGEM, TAMANHO TELA 55 POL, TIPO TELA LED, CONSUMO 150 W, TENSÃO OPERAÇÃO 100 A 240 VCA, LARGURA 1,211,4 MM, ALTURA 682,2 MM, PROFUNDIDADE 86,5 MM, RESOLUÇÃO IMAGEM 1920 X 1080 DPI, TIPO ENTRADA HDMI/DP/DVI-D/OPS/AUDIO/ USB 2.0/USB 3.0/RGB, CARACTERÍSTICAS ADICIONAIS CONTROLE EXTERNO RS2323C, RJ45, RECEPTOR IR;, TIPO IMAGEM WINDE SCREEN";"485";"485";"8.952,18";"4.341.807,30";"Registro de preços para a eventual aquisição de equipamentos de combate a incêndios florestais, especificado no item 05 do Termo de Referência (SEI MJ 29251066), anexo I do edital de Licitação nº 22/2024 (SEI MJ 29283387)."
"00021/2025";"200331 - SECRETARIA NACIONAL DE SEGURANCA PUBLICA - SENASP";"90022/2024";"03/04/2025";"04/04/2025";"04/04/2027";"58.619.404/0008-14";"CONVERGINT COMERCIO E SERVICOS DE TECNOLOGIA LTDA";"00041";"CONVERSOR IMAGEM, TIPO CONVERSOR ENCODER, COMPATIBILIDADE SISTEMAS TRANSFORMA SINAL CÂMERA (CFTV) EM UM SINAL IP, SAÍDA VÍDEO JPEG/ H264, CARACTERÍSTICAS ADICIONAIS ARMAZENAGEM LOCAL,AJUSTE DE COR,BRILHO E CONTRAST E, RESOLUÇÃO HORIZONTAL 720 LINHAS X VERTICAL 480 LINHAS, FUNÇÕES DETEÇÃO DE MOVIMENTOS, CRIPROGRAFIA HTTPS, CONECTOR ENTRADA RCA/ S-VÍDEO, CONECTOR SAÍDA RJ-45, TENSÃO ALIMENTAÇÃO 8- 20 V";"32";"32";"111.638,98";"3.572.447,36";"Registro de preços para a eventual aquisição de equipamentos de combate a incêndios florestais, especificado no item 05 do Termo de Referência (SEI MJ 29251066), anexo I do edital de Licitação nº 22/2024 (SEI MJ 29283387)."
"00021/2025";"200331 - SECRETARIA NACIONAL DE SEGURANCA PUBLICA - SENASP";"90022/2024";"03/04/2025";"04/04/2025";"04/04/2027";"58.619.404/0008-14";"CONVERGINT COMERCIO E SERVICOS DE TECNOLOGIA LTDA";"00043";"SUPORTE DE VIDEOCASSETE / TELEVISAO, MATERIAL AÇO CARBONO, TIPO PAREDE, TAMANHO MONITORES DE 42"" A 55"", ACABAMENTO SUPERFICIAL PINTURA ELETROSTÁTICA, COR PRETA, CARACTERÍSTICAS ADICIONAIS VIDEOWALL";"13";"13";"15.797,97";"205.373,61";"Registro de preços para a eventual aquisição de equipamentos de combate a incêndios florestais, especificado no item 05 do Termo de Referência (SEI MJ 29251066), anexo I do edital de Licitação nº 22/2024 (SEI MJ 29283387)."
"00021/2025";"200331 - SECRETARIA NACIONAL DE SEGURANCA PUBLICA - SENASP";"90022/2024";"03/04/2025";"04/04/2025";"04/04/2027";"58.619.404/0008-14";"CONVERGINT COMERCIO E SERVICOS DE TECNOLOGIA LTDA";"00045";"APRESENTADOR MULTIMÍDIA, DISTÂNCIA MÍNIMA 10 M, FREQÜÊNCIA 2,4 GHZ, COMPATIBILIDADE WINDOWS, MAC, PC, NOTEBOOK, FONTE ALIMENTAÇÃO BATERIA, CARACTERÍSTICAS ADICIONAIS USB E SEM FIO";"86";"86";"12.638,38";"1.086.900,68";"Registro de preços para a eventual aquisição de equipamentos de combate a incêndios florestais, especificado no item 05 do Termo de Referência (SEI MJ 29251066), anexo I do edital de Licitação nº 22/2024 (SEI MJ 29283387)."
"00021/2025";"200331 - SECRETARIA NACIONAL DE SEGURANCA PUBLICA - SENASP";"90022/2024";"03/04/2025";"04/04/2025";"04/04/2027";"58.619.404/0008-14";"CONVERGINT COMERCIO E SERVICOS DE TECNOLOGIA LTDA";"00047";"MESA ÁUDIO / VÍDEO, TIPO ENTRADA USB ESTÉREO, EQUALIZAÇÃO 3 VIAS, TENSÃO ALIMENTAÇÃO 100/240 V, CARACTERÍSTICAS ADICIONAIS COM PRÉ-AMPLIFICADORES, PROCESSADOR MULTI-EFEITOS ,";"42";"42";"33.702,33";"1.415.497,86";"Registro de preços para a eventual aquisição de equipamentos de combate a incêndios florestais, especificado no item 05 do Termo de Referência (SEI MJ 29251066), anexo I do edital de Licitação nº 22/2024 (SEI MJ 29283387)."
"00021/2025";"200331 - SECRETARIA NACIONAL DE SEGURANCA PUBLICA - SENASP";"90022/2024";"03/04/2025";"04/04/2025";"04/04/2027";"58.619.404/0008-14";"CONVERGINT COMERCIO E SERVICOS DE TECNOLOGIA LTDA";"00049";"MICROFONE, TIPO SEM FIO UHF HANDHELD, ALIMENTAÇÃO PILHAS AA, CARACTERÍSTICAS ADICIONAIS 1 RECEPTOR; 2 MICROFONES DE MÃO; SEM FIO, ALCANCE 15 A 20 M, APLICAÇÃO PEQUENOS EVENTOS E LOCAIS DE PEQUENO PORTE, ACESSÓRIOS 1 CABO P10 X P10; 1 FONTE, 1 MANUAL, 1 CASE, SENSIBILIDADE +/- 80 DB";"126";"126";"27.384,20";"3.450.409,20";"Registro de preços para a eventual aquisição de equipamentos de combate a incêndios florestais, especificado no item 05 do Termo de Referência (SEI MJ 29251066), anexo I do edital de Licitação nº 22/2024 (SEI MJ 29283387)."
"00021/2025";"200331 - SECRETARIA NACIONAL DE SEGURANCA PUBLICA - SENASP";"90022/2024";"03/04/2025";"04/04/2025";"04/04/2027";"58.619.404/0008-14";"CONVERGINT COMERCIO E SERVICOS DE TECNOLOGIA LTDA";"00051";"CAIXA ACÚSTICA, POTÊNCIA 350 WRMS, TAMANHO ALTO-FALANTE 18 POL, RESPOSTA FREQÜÊNCIA 55 A 300 HZ, LARGURA 516 MM, ALTURA 597 MM, PROFUNDIDADE 559 MM, COR PRETA, CARACTERÍSTICAS ADICIONAIS SUB WOOFER PORTÁTIL, IMPEDÂNCIA ENTRADA 4 OHM, SENSIBILIDADE 101 DB, POTÊNCIA NOMINAL 350 WRMS";"179";"179";"4.528,75";"810.646,25";"Registro de preços para a eventual aquisição de equipamentos de combate a incêndios florestais, especificado no item 05 do Termo de Referência (SEI MJ 29251066), anexo I do edital de Licitação nº 22/2024 (SEI MJ 29283387)."
"00021/2025";"200331 - SECRETARIA NACIONAL DE SEGURANCA PUBLICA - SENASP";"90022/2024";"03/04/2025";"04/04/2025";"04/04/2027";"58.619.404/0008-14";"CONVERGINT COMERCIO E SERVICOS DE TECNOLOGIA LTDA";"00053";"SWITCH, QUANTIDADE PORTAS 24 UN, TIPO PORTAS 10/100/1000 BASE T, RJ45.4, 4 ETHERNET MINI-GBIC, VELOCIDADE PORTA 1000 MBPS, 1/10 GBPS, ALIMENTAÇÃO 100 A 240 V, CARACTERÍSTICAS ADICIONAIS COM PORTAS POE, ALIMENTAÇÃO ELÉTRICA COM CHAVEAME N, APLICAÇÃO CONECTAR SERVIDORES E EQUIPAMENTOS EM REDE, TIPO SWITCH GERENCIÁVEL";"39";"39";"12.217,10";"476.466,90";"Registro de preços para a eventual aquisição de equipamentos de combate a incêndios florestais, especificado no item 05 do Termo de Referência (SEI MJ 29251066), anexo I do edital de Licitação nº 22/2024 (SEI MJ 29283387)."
"00021/2025";"200331 - SECRETARIA NACIONAL DE SEGURANCA PUBLICA - SENASP";"90022/2024";"03/04/2025";"04/04/2025";"04/04/2027";"58.619.404/0008-14";"CONVERGINT COMERCIO E SERVICOS DE TECNOLOGIA LTDA";"00055";"Instalação e Montagem / Desmontagem - Remanejamento com TraNSPORTE DE MAQUINAS  / EQUIPAMENTOS";"105";"105";"69.511,06";"7.298.661,30";"Registro de preços para a eventual aquisição de equipamentos de combate a incêndios florestais, especificado no item 05 do Termo de Referência (SEI MJ 29251066), anexo I do edital de Licitação nº 22/2024 (SEI MJ 29283387)."
"00021/2025";"200331 - SECRETARIA NACIONAL DE SEGURANCA PUBLICA - SENASP";"90022/2024";"03/04/2025";"04/04/2025";"04/04/2027";"58.619.404/0008-14";"CONVERGINT COMERCIO E SERVICOS DE TECNOLOGIA LTDA";"00058";"MONITOR IMAGEM, TAMANHO TELA 55 POL, TIPO TELA LED, CONSUMO 150 W, TENSÃO OPERAÇÃO 100 A 240 VCA, LARGURA 1,211,4 MM, ALTURA 682,2 MM, PROFUNDIDADE 86,5 MM, RESOLUÇÃO IMAGEM 1920 X 1080 DPI, TIPO ENTRADA HDMI/DP/DVI-D/OPS/AUDIO/ USB 2.0/USB 3.0/RGB, CARACTERÍSTICAS ADICIONAIS CONTROLE EXTERNO RS2323C, RJ45, RECEPTOR IR;, TIPO IMAGEM WINDE SCREEN";"451";"451";"9.478,78";"4.274.929,78";"Registro de preços para a eventual aquisição de equipamentos de combate a incêndios florestais, especificado no item 05 do Termo de Referência (SEI MJ 29251066), anexo I do edital de Licitação nº 22/2024 (SEI MJ 29283387)."
"00021/2025";"200331 - SECRETARIA NACIONAL DE SEGURANCA PUBLICA - SENASP";"90022/2024";"03/04/2025";"04/04/2025";"04/04/2027";"58.619.404/0008-14";"CONVERGINT COMERCIO E SERVICOS DE TECNOLOGIA LTDA";"00060";"CONVERSOR IMAGEM, TIPO CONVERSOR ENCODER, COMPATIBILIDADE SISTEMAS TRANSFORMA SINAL CÂMERA (CFTV) EM UM SINAL IP, SAÍDA VÍDEO JPEG/ H264, CARACTERÍSTICAS ADICIONAIS ARMAZENAGEM LOCAL,AJUSTE DE COR,BRILHO E CONTRAST E, RESOLUÇÃO HORIZONTAL 720 LINHAS X VERTICAL 480 LINHAS, FUNÇÕES DETEÇÃO DE MOVIMENTOS, CRIPROGRAFIA HTTPS, CONECTOR ENTRADA RCA/ S-VÍDEO, CONECTOR SAÍDA RJ-45, TENSÃO ALIMENTAÇÃO 8- 20 V";"69";"69";"112.692,18";"7.775.760,42";"Registro de preços para a eventual aquisição de equipamentos de combate a incêndios florestais, especificado no item 05 do Termo de Referência (SEI MJ 29251066), anexo I do edital de Licitação nº 22/2024 (SEI MJ 29283387)."
"00021/2025";"200331 - SECRETARIA NACIONAL DE SEGURANCA PUBLICA - SENASP";"90022/2024";"03/04/2025";"04/04/2025";"04/04/2027";"58.619.404/0008-14";"CONVERGINT COMERCIO E SERVICOS DE TECNOLOGIA LTDA";"00062";"SUPORTE DE VIDEOCASSETE / TELEVISAO, MATERIAL AÇO CARBONO, TIPO PAREDE, TAMANHO MONITORES DE 42"" A 55"", ACABAMENTO SUPERFICIAL PINTURA ELETROSTÁTICA, COR PRETA, CARACTERÍSTICAS ADICIONAIS VIDEOWALL";"28";"28";"16.851,17";"471.832,76";"Registro de preços para a eventual aquisição de equipamentos de combate a incêndios florestais, especificado no item 05 do Termo de Referência (SEI MJ 29251066), anexo I do edital de Licitação nº 22/2024 (SEI MJ 29283387)."
"00021/2025";"200331 - SECRETARIA NACIONAL DE SEGURANCA PUBLICA - SENASP";"90022/2024";"03/04/2025";"04/04/2025";"04/04/2027";"58.619.404/0008-14";"CONVERGINT COMERCIO E SERVICOS DE TECNOLOGIA LTDA";"00064";"APRESENTADOR MULTIMÍDIA, DISTÂNCIA MÍNIMA 10 M, FREQÜÊNCIA 2,4 GHZ, COMPATIBILIDADE WINDOWS, MAC, PC, NOTEBOOK, FONTE ALIMENTAÇÃO BATERIA, CARACTERÍSTICAS ADICIONAIS USB E SEM FIO";"78";"78";"14.218,17";"1.109.017,26";"Registro de preços para a eventual aquisição de equipamentos de combate a incêndios florestais, especificado no item 05 do Termo de Referência (SEI MJ 29251066), anexo I do edital de Licitação nº 22/2024 (SEI MJ 29283387)."
"00021/2025";"200331 - SECRETARIA NACIONAL DE SEGURANCA PUBLICA - SENASP";"90022/2024";"03/04/2025";"04/04/2025";"04/04/2027";"58.619.404/0008-14";"CONVERGINT COMERCIO E SERVICOS DE TECNOLOGIA LTDA";"00066";"MESA ÁUDIO / VÍDEO, TIPO ENTRADA USB ESTÉREO, EQUALIZAÇÃO 3 VIAS, TENSÃO ALIMENTAÇÃO 100/240 V, CARACTERÍSTICAS ADICIONAIS COM PRÉ-AMPLIFICADORES, PROCESSADOR MULTI-EFEITOS ,";"36";"36";"33.702,33";"1.213.283,88";"Registro de preços para a eventual aquisição de equipamentos de combate a incêndios florestais, especificado no item 05 do Termo de Referência (SEI MJ 29251066), anexo I do edital de Licitação nº 22/2024 (SEI MJ 29283387)."
"00021/2025";"200331 - SECRETARIA NACIONAL DE SEGURANCA PUBLICA - SENASP";"90022/2024";"03/04/2025";"04/04/2025";"04/04/2027";"58.619.404/0008-14";"CONVERGINT COMERCIO E SERVICOS DE TECNOLOGIA LTDA";"00068";"MICROFONE, TIPO SEM FIO UHF HANDHELD, ALIMENTAÇÃO PILHAS AA, CARACTERÍSTICAS ADICIONAIS 1 RECEPTOR; 2 MICROFONES DE MÃO; SEM FIO, ALCANCE 15 A 20 M, APLICAÇÃO PEQUENOS EVENTOS E LOCAIS DE PEQUENO PORTE, ACESSÓRIOS 1 CABO P10 X P10; 1 FONTE, 1 MANUAL, 1 CASE, SENSIBILIDADE +/- 80 DB";"79";"79";"28.962,94";"2.288.072,26";"Registro de preços para a eventual aquisição de equipamentos de combate a incêndios florestais, especificado no item 05 do Termo de Referência (SEI MJ 29251066), anexo I do edital de Licitação nº 22/2024 (SEI MJ 29283387)."
"00021/2025";"200331 - SECRETARIA NACIONAL DE SEGURANCA PUBLICA - SENASP";"90022/2024";"03/04/2025";"04/04/2025";"04/04/2027";"58.619.404/0008-14";"CONVERGINT COMERCIO E SERVICOS DE TECNOLOGIA LTDA";"00070";"CAIXA ACÚSTICA, POTÊNCIA 350 WRMS, TAMANHO ALTO-FALANTE 18 POL, RESPOSTA FREQÜÊNCIA 55 A 300 HZ, LARGURA 516 MM, ALTURA 597 MM, PROFUNDIDADE 559 MM, COR PRETA, CARACTERÍSTICAS ADICIONAIS SUB WOOFER PORTÁTIL, IMPEDÂNCIA ENTRADA 4 OHM, SENSIBILIDADE 101 DB, POTÊNCIA NOMINAL 350 WRMS";"153";"153";"5.265,99";"805.696,47";"Registro de preços para a eventual aquisição de equipamentos de combate a incêndios florestais, especificado no item 05 do Termo de Referência (SEI MJ 29251066), anexo I do edital de Licitação nº 22/2024 (SEI MJ 29283387)."
"00021/2025";"200331 - SECRETARIA NACIONAL DE SEGURANCA PUBLICA - SENASP";"90022/2024";"03/04/2025";"04/04/2025";"04/04/2027";"58.619.404/0008-14";"CONVERGINT COMERCIO E SERVICOS DE TECNOLOGIA LTDA";"00072";"SWITCH, QUANTIDADE PORTAS 24 UN, TIPO PORTAS 10/100/1000 BASE T, RJ45.4, 4 ETHERNET MINI-GBIC, VELOCIDADE PORTA 1000 MBPS, 1/10 GBPS, ALIMENTAÇÃO 100 A 240 V, CARACTERÍSTICAS ADICIONAIS COM PORTAS POE, ALIMENTAÇÃO ELÉTRICA COM CHAVEAME N, APLICAÇÃO CONECTAR SERVIDORES E EQUIPAMENTOS EM REDE, TIPO SWITCH GERENCIÁVEL";"79";"79";"13.270,29";"1.048.352,91";"Registro de preços para a eventual aquisição de equipamentos de combate a incêndios florestais, especificado no item 05 do Termo de Referência (SEI MJ 29251066), anexo I do edital de Licitação nº 22/2024 (SEI MJ 29283387)."
"00021/2025";"200331 - SECRETARIA NACIONAL DE SEGURANCA PUBLICA - SENASP";"90022/2024";"03/04/2025";"04/04/2025";"04/04/2027";"58.619.404/0008-14";"CONVERGINT COMERCIO E SERVICOS DE TECNOLOGIA LTDA";"00074";"Instalação e Montagem / Desmontagem - Remanejamento com TraNSPORTE DE MAQUINAS  / EQUIPAMENTOS";"115";"115";"68.457,87";"7.872.655,05";"Registro de preços para a eventual aquisição de equipamentos de combate a incêndios florestais, especificado no item 05 do Termo de Referência (SEI MJ 29251066), anexo I do edital de Licitação nº 22/2024 (SEI MJ 29283387)."
"00021/2025";"200331 - SECRETARIA NACIONAL DE SEGURANCA PUBLICA - SENASP";"90022/2024";"03/04/2025";"04/04/2025";"04/04/2027";"58.619.404/0008-14";"CONVERGINT COMERCIO E SERVICOS DE TECNOLOGIA LTDA";"00077";"MONITOR IMAGEM, TAMANHO TELA 55 POL, TIPO TELA LED, CONSUMO 150 W, TENSÃO OPERAÇÃO 100 A 240 VCA, LARGURA 1,211,4 MM, ALTURA 682,2 MM, PROFUNDIDADE 86,5 MM, RESOLUÇÃO IMAGEM 1920 X 1080 DPI, TIPO ENTRADA HDMI/DP/DVI-D/OPS/AUDIO/ USB 2.0/USB 3.0/RGB, CARACTERÍSTICAS ADICIONAIS CONTROLE EXTERNO RS2323C, RJ45, RECEPTOR IR;, TIPO IMAGEM WINDE SCREEN";"240";"240";"8.952,18";"2.148.523,20";"Registro de preços para a eventual aquisição de equipamentos de combate a incêndios florestais, especificado no item 05 do Termo de Referência (SEI MJ 29251066), anexo I do edital de Licitação nº 22/2024 (SEI MJ 29283387)."
"00021/2025";"200331 - SECRETARIA NACIONAL DE SEGURANCA PUBLICA - SENASP";"90022/2024";"03/04/2025";"04/04/2025";"04/04/2027";"58.619.404/0008-14";"CONVERGINT COMERCIO E SERVICOS DE TECNOLOGIA LTDA";"00079";"SUPORTE DE VIDEOCASSETE / TELEVISAO, MATERIAL AÇO CARBONO, TIPO PAREDE, TAMANHO MONITORES DE 42"" A 55"", ACABAMENTO SUPERFICIAL PINTURA ELETROSTÁTICA, COR PRETA, CARACTERÍSTICAS ADICIONAIS VIDEOWALL";"120";"120";"10.005,38";"1.200.645,60";"Registro de preços para a eventual aquisição de equipamentos de combate a incêndios florestais, especificado no item 05 do Termo de Referência (SEI MJ 29251066), anexo I do edital de Licitação nº 22/2024 (SEI MJ 29283387)."
"00021/2025";"200331 - SECRETARIA NACIONAL DE SEGURANCA PUBLICA - SENASP";"90022/2024";"03/04/2025";"04/04/2025";"04/04/2027";"58.619.404/0008-14";"CONVERGINT COMERCIO E SERVICOS DE TECNOLOGIA LTDA";"00081";"PLACA SOM, TIPO EXTERNA, CAPACIDADE MEMÓRIA 24 BIT, COMPATIBILIDADE INTERFACE DE GRAVAÇÃO FIREWIRE, OPERAÇÃO 24 BIT, TIPO ENTRADA NEUTRIK/XLR/1/4TRS/P10 E P2/SPDIF 24 BITS/MIDI, TIPO SAÍDA 8 SAÍDAS P10 E 02 SAÍDAS P2, CARACTERÍSTICAS ADICIONAIS SINCRONIZAÇÃO WORD CLOCK/ PHANTON POWER/ALTA DEFI N, APLICAÇÃO GRAVAÇÃO DE ÁUDIO, FREQUÊNCIA NOMINAL 44.1 À 96 KHZ, MODELO M BOX 2 PRO DIGIDESINGN";"30";"30";"48.447,11";"1.453.413,30";"Registro de preços para a eventual aquisição de equipamentos de combate a incêndios florestais, especificado no item 05 do Termo de Referência (SEI MJ 29251066), anexo I do edital de Licitação nº 22/2024 (SEI MJ 29283387)."
"00021/2025";"200331 - SECRETARIA NACIONAL DE SEGURANCA PUBLICA - SENASP";"90022/2024";"03/04/2025";"04/04/2025";"04/04/2027";"58.619.404/0008-14";"CONVERGINT COMERCIO E SERVICOS DE TECNOLOGIA LTDA";"00083";"MICROFONE, TIPO SEM FIO UHF HANDHELD, ALIMENTAÇÃO PILHAS AA, CARACTERÍSTICAS ADICIONAIS 1 RECEPTOR; 2 MICROFONES DE MÃO; SEM FIO, ALCANCE 15 A 20 M, APLICAÇÃO PEQUENOS EVENTOS E LOCAIS DE PEQUENO PORTE, ACESSÓRIOS 1 CABO P10 X P10; 1 FONTE, 1 MANUAL, 1 CASE, SENSIBILIDADE +/- 80 DB";"30";"30";"32.649,14";"979.474,20";"Registro de preços para a eventual aquisição de equipamentos de combate a incêndios florestais, especificado no item 05 do Termo de Referência (SEI MJ 29251066), anexo I do edital de Licitação nº 22/2024 (SEI MJ 29283387)."
"00021/2025";"200331 - SECRETARIA NACIONAL DE SEGURANCA PUBLICA - SENASP";"90022/2024";"03/04/2025";"04/04/2025";"04/04/2027";"58.619.404/0008-14";"CONVERGINT COMERCIO E SERVICOS DE TECNOLOGIA LTDA";"00085";"CAIXA ACÚSTICA, POTÊNCIA 350 WRMS, TAMANHO ALTO-FALANTE 18 POL, RESPOSTA FREQÜÊNCIA 55 A 300 HZ, LARGURA 516 MM, ALTURA 597 MM, PROFUNDIDADE 559 MM, COR PRETA, CARACTERÍSTICAS ADICIONAIS SUB WOOFER PORTÁTIL, IMPEDÂNCIA ENTRADA 4 OHM, SENSIBILIDADE 101 DB, POTÊNCIA NOMINAL 350 WRMS";"60";"60";"5.792,59";"347.555,40";"Registro de preços para a eventual aquisição de equipamentos de combate a incêndios florestais, especificado no item 05 do Termo de Referência (SEI MJ 29251066), anexo I do edital de Licitação nº 22/2024 (SEI MJ 29283387)."
"00021/2025";"200331 - SECRETARIA NACIONAL DE SEGURANCA PUBLICA - SENASP";"90022/2024";"03/04/2025";"04/04/2025";"04/04/2027";"58.619.404/0008-14";"CONVERGINT COMERCIO E SERVICOS DE TECNOLOGIA LTDA";"00087";"ESTANTE, MATERIAL AÇO PADRÃO 19"" TIPO 42U, ALTURA 1,99 M, PROFUNDIDADE 1,07 M, MATERIAL PORTA FRONTAL AÇO 18, TRATAMENTO SUPERFICIAL PINTURA ELETROSTÁTICA, CARACTERÍSTICAS ADICIONAIS TETO COM 4 VENTILADORES 220V, LARGURA 60 CM";"30";"30";"4.385,52";"131.565,60";"Registro de preços para a eventual aquisição de equipamentos de combate a incêndios florestais, especificado no item 05 do Termo de Referência (SEI MJ 29251066), anexo I do edital de Licitação nº 22/2024 (SEI MJ 29283387)."
"00021/2025";"200331 - SECRETARIA NACIONAL DE SEGURANCA PUBLICA - SENASP";"90022/2024";"03/04/2025";"04/04/2025";"04/04/2027";"58.619.404/0008-14";"CONVERGINT COMERCIO E SERVICOS DE TECNOLOGIA LTDA";"00088";"Instalação e Montagem / Desmontagem - Remanejamento com TraNSPORTE DE MAQUINAS  / EQUIPAMENTOS";"30";"30";"70.564,26";"2.116.927,80";"Registro de preços para a eventual aquisição de equipamentos de combate a incêndios florestais, especificado no item 05 do Termo de Referência (SEI MJ 29251066), anexo I do edital de Licitação nº 22/2024 (SEI MJ 29283387)."
"00021/2025";"200331 - SECRETARIA NACIONAL DE SEGURANCA PUBLICA - SENASP";"90022/2024";"03/04/2025";"04/04/2025";"04/04/2027";"58.619.404/0008-14";"CONVERGINT COMERCIO E SERVICOS DE TECNOLOGIA LTDA";"00089";"Treinamento Informática - Equipamento / Hardware";"30";"30";"8.425,58";"252.767,40";"Registro de preços para a eventual aquisição de equipamentos de combate a incêndios florestais, especificado no item 05 do Termo de Referência (SEI MJ 29251066), anexo I do edital de Licitação nº 22/2024 (SEI MJ 29283387)."
"00021/2025";"200331 - SECRETARIA NACIONAL DE SEGURANCA PUBLICA - SENASP";"90022/2024";"03/04/2025";"04/04/2025";"04/04/2027";"68.365.501/0003-77";"PROPARTS COMERCIO DE ARTIGOS ESPORTIVOS E TECNOLOGIA LTDA";"00005";"SISTEMA GLOBAL DE POSICIONAMENTO - GLOBAL, TIPO DIGITAL, DISPLAY 2,2? COM LEITURA EM INTENSIDADE LUZ SOLAR, PADRÃO SISTEMA DE SATÉLITE: GPS E GLONASS, RESOLUÇÃO 240 X 320 PIXELS PX, MEMÓRIA 8 GB, CARACTERÍSTICAS ADICIONAIS COM 01 SLOT CARTÃO MICROSD, CABO USB-MINI";"1030";"1030";"5.442,25";"5.605.517,50";"Registro de preços para a eventual aquisição de equipamentos de combate a incêndios florestais, especificado no item 05 do Termo de Referência (SEI MJ 29251066), anexo I do edital de Licitação nº 22/2024 (SEI MJ 29283387)."
"00021/2025";"200331 - SECRETARIA NACIONAL DE SEGURANCA PUBLICA - SENASP";"90022/2024";"03/04/2025";"04/04/2025";"04/04/2027";"37.403.745/0001-01";"LYSSA INTIMATES, COMERCIO, REALIZACOES E REPRESENTACOES LTDA";"00001";"CAMISETA, TIPO UNIFORME, TIPO MANGA CURTA, TIPO GOLA CARECA, COR PRETA, TAMANHO G, CARACTERÍSTICAS ADICIONAIS CONFORME MODELO DO ÓRGÃO, MATERIAL POLIÉSTER E ALGODÃO";"2500";"2500";"47,50";"118.750,00";"Registro de preços para a eventual aquisição de equipamentos de combate a incêndios florestais, especificado no item 05 do Termo de Referência (SEI MJ 29251066), anexo I do edital de Licitação nº 22/2024 (SEI MJ 29283387)."
"00019/2025";"200331 - SECRETARIA NACIONAL DE SEGURANCA PUBLICA - SENASP";"90029/2024";"03/04/2025";"04/04/2025";"04/04/2027";"08.299.803/0001-09";"BEM ESTAR HOSPITALAR COMERCIO DE EQUIPAMENTOS HOSPITALAR E MATERIAIS PARA SAUDE ";"00004";"AMBULÂNCIA, TIPO FURGÃO, CAPACIDADE MÍNIMA CARGA 1.500 KG, COR BRANCA, FORMATO SINALIZADOR ASA DELTA, ESTRUTURA SINALIZADOR AÇO EXTRUDADO, TIPO SINALIZADOR LED COM LENTES VERMELHAS, COMBUSTÍVEL DIESEL, QUANTIDADE PORTAS 2 FRONTAIS 1 LATERAL DESLIZANTE 2 TRASEIRAS FOLHA, POTÊNCIA 130 CV, TIPO CAMBIO MECÂNICO, CILINDRADA 1950 CC, QUANTIDADE MARCHAS TRANSMISSÃO A FRENTE 5 UN, ANO FABRICAÇÃO/ANO MODELO 0 KM";"693";"693";"573.234,96";"397.251.827,28";"A presente Ata tem por objeto o registro de preços para a eventual aquisição de veículos especiais, para atender demanda da Secretaria Nacional de Segurança Púbica e demais órgão participantes, especificado no Termo de Referência, anexo do Edital do Pregão Eletrônico nº 90029/2024."
"00019/2025";"200331 - SECRETARIA NACIONAL DE SEGURANCA PUBLICA - SENASP";"90029/2024";"03/04/2025";"04/04/2025";"04/04/2027";"07.626.776/0001-60";"CIRURGICA SAO FELIPE PRODUTOS PARA SAUDE LTDA";"00049";"TESOURA INSTRUMENTAL, MODELO 1 PADRÃO, TIPO PONTA PONTA RETA, CARACTERÍSTICA PONTA ROMBA FINA, HASTE HASTE RETA, COMPRIMENTO TOTAL CERCA DE 20 CM, MATERIAL AÇO INOXIDÁVEL, ESTERILIDADE ESTERILIZÁVEL";"23508";"23508";"33,42";"785.637,36";"A presente Ata tem por objeto o registro de preços para a eventual aquisição de veículos especiais, para atender demanda da Secretaria Nacional de Segurança Púbica e demais órgão participantes, especificado no Termo de Referência, anexo do Edital do Pregão Eletrônico nº 90029/2024."
"00022/2025";"200331 - SECRETARIA NACIONAL DE SEGURANCA PUBLICA - SENASP";"90022/2024";"03/04/2025";"04/04/2025";"04/04/2027";"26.762.139/0001-66";"ECOVOLT TECNOLOGIA, COMERCIO E SERVICO LTDA";"00057";"Instalação e Montagem / Desmontagem - Remanejamento com TraNSPORTE DE MAQUINAS  / EQUIPAMENTOS";"181";"181";"3.875,77";"701.514,37";"Registro de preços para a eventual aquisição de equipamentos de combate a incêndios florestais, especificado no item 07 do Termo de Referência (SEI MJ 29251066), anexo I do edital de Licitação nº 22/2024 (SEI MJ 29283387)."
"00022/2025";"200331 - SECRETARIA NACIONAL DE SEGURANCA PUBLICA - SENASP";"90022/2024";"03/04/2025";"04/04/2025";"04/04/2027";"26.762.139/0001-66";"ECOVOLT TECNOLOGIA, COMERCIO E SERVICO LTDA";"00019";"Instalação e Montagem / Desmontagem - Remanejamento com TraNSPORTE DE MAQUINAS  / EQUIPAMENTOS";"66";"66";"5.634,61";"371.884,26";"Registro de preços para a eventual aquisição de equipamentos de combate a incêndios florestais, especificado no item 07 do Termo de Referência (SEI MJ 29251066), anexo I do edital de Licitação nº 22/2024 (SEI MJ 29283387)."
"00022/2025";"200331 - SECRETARIA NACIONAL DE SEGURANCA PUBLICA - SENASP";"90022/2024";"03/04/2025";"04/04/2025";"04/04/2027";"07.065.479/0001-93";"DIMORVAN DAVI MENEGUSSO LTDA";"00007";"SOPRADOR, TIPO PORTÁTIL, ACIONAMENTO GASOLINA, POTÊNCIA 1.1 HP";"210";"210";"2.890,00";"606.900,00";"Registro de preços para a eventual aquisição de equipamentos de combate a incêndios florestais, especificado no item 07 do Termo de Referência (SEI MJ 29251066), anexo I do edital de Licitação nº 22/2024 (SEI MJ 29283387)."
"00022/2025";"200331 - SECRETARIA NACIONAL DE SEGURANCA PUBLICA - SENASP";"90022/2024";"03/04/2025";"04/04/2025";"04/04/2027";"57.494.031/0010-54";"COMPANHIA BRASILEIRA DE CARTUCHOS";"00001";"ARMA DE FOGO - EMPUNHÁVEL - MÉDIO PORTE, TIPO ESPINGARDA, CALIBRE 12, TIPO CORONHA RETRÁTIL";"7789";"7789";"3.700,59";"28.823.895,51";"Registro de preços para a eventual aquisição de equipamentos de combate a incêndios florestais, especificado no item 07 do Termo de Referência (SEI MJ 29251066), anexo I do edital de Licitação nº 22/2024 (SEI MJ 29283387)."
"00012/2025";"200331 - SECRETARIA NACIONAL DE SEGURANCA PUBLICA - SENASP";"90022/2024";"02/04/2025";"03/04/2025";"03/04/2027";"12.124.712/0001-00";"EQUILIBRIO EQUIPAMENTOS DE PROTECAO AMBIENTAL LTDA";"00004";"SISTEMA COMBATE INCÊNDIO, TIPO CONJUNTO DE COMBATE INCÊNDIO MÓVEL VEÍCULAR, COMPONENTES TANQUE RÍGIDO, MOTO-BOMBA, MANGUEIRAS, PRÉ-FILTRO ,, TIPO MOTOR 4 TEMPOS, CAPACIDADE TANQUE 400 L, OUTROS COMPONENTES CARRETEL, CINTAS DE FIXAÇÃO";"871";"871";"28.621,26";"24.929.117,46";"Eventual aquisição de equipamentos de combate a incêndios florestais, especificado no item 04 do Termo de Referência (SEI MJ 29251066), anexo I do edital de Licitação nº 22/2024 (SEI MJ 29283387)."
"00012/2025";"200331 - SECRETARIA NACIONAL DE SEGURANCA PUBLICA - SENASP";"90022/2024";"02/04/2025";"03/04/2025";"03/04/2027";"26.645.437/0001-76";"ARMADA ARTIGOS MILITARES LTDA";"00044";"BANDAGEM, TIPO ELÁSTICA, MATERIAL MALHA DE TECIDO SINTÉTICO E ALGODÃO, COMPONENTE C/ ADESIVO DE LÁTEX NATURAL, DIMENSÃO CERCA DE 10 CM X 5 M, COR C/ COR, EMBALAGEM EMBALAGEM INDIVIDUAL EM ROLO, TIPO USO USO ÚNICO";"24819";"24819";"45,95";"1.140.433,05";"Eventual aquisição de equipamentos de combate a incêndios florestais, especificado no item 04 do Termo de Referência (SEI MJ 29251066), anexo I do edital de Licitação nº 22/2024 (SEI MJ 29283387)."
"00016/2025";"200331 - SECRETARIA NACIONAL DE SEGURANCA PUBLICA - SENASP";"90054/2024";"02/04/2025";"03/04/2025";"03/04/2027";"07.831.740/0001-19";"CANTARES MAGAZINE LTDA";"00002";"COFRE, MATERIAL AÇO, TAMANHO GRANDE, TIPO FECHADURA SISTEMA ELETRÔNICO, ABERTURA/FECHAMENTO AUTOMÁTIC O, CARACTERÍSTICAS ADICIONAIS SENHA DE ABERTURA DE EMERGÊNCIA DESCARTÁVEL";"2317";"2317";"3.470,69";"8.041.588,73";"A presente Ata tem por objeto o registro de preços para a eventual aquisição de Freezers Científicos, Cofres de Segurança e Armários Deslizantes, especificado(s) no(s) item(ns) 2 do Termo de Referência, anexo do Edital do Pregão Eletrônico nº 90054/2024."
"00016/2025";"200331 - SECRETARIA NACIONAL DE SEGURANCA PUBLICA - SENASP";"90054/2024";"02/04/2025";"03/04/2025";"03/04/2027";"34.860.017/0001-30";"TMA - MEDICINA TACTICA LTDA";"00053";"BRAÇO ARTIFICIAL, MATERIAL SILICONE, CARACTERÍSTICAS ADICIONAIS COM CADEIA VENOSA SALIENTE, SIMULADO CEFÁLICO, BA S, APLICAÇÃO TREINAMENTO APLICAÇÃO DE INJEÇÃO E SIMULAÇÕES TÉC N";"1785";"1785";"1.274,87";"2.275.642,95";"A presente Ata tem por objeto o registro de preços para a eventual aquisição de Freezers Científicos, Cofres de Segurança e Armários Deslizantes, especificado(s) no(s) item(ns) 2 do Termo de Referência, anexo do Edital do Pregão Eletrônico nº 90054/2024."
"00001/2026";"200331 - SECRETARIA NACIONAL DE SEGURANCA PUBLICA - SENASP";"00186/2025";"23/03/2026";"02/04/2026";"02/04/2027";"32.216.668/0001-67";"MIGUEL HERNANDEZ INDUSTRIA, COMERCIO DE EQUIPAMENTOS DE SEGURANCA LTDA";"00011";"CANTIL, MATERIAL PLÁSTICO, CAPACIDADE 1.000 ML, CARACTERÍSTICAS ADICIONAIS COM TAMPA";"12952";"12952";"42,07";"544.890,64";"A presente Ata tem por objeto o registro de preços para a eventual manutenção preventiva e corretiva dos equipamentos Maxwell que é parte integrante desta Ata, assim RSC, Maxwell RSC 48 e Spectrum, especificados nos itens de 1 a 6 do Termo de Referência como as propostas cujos preços tenham sido registrados, independentemente de transcrição."
"00001/2026";"200331 - SECRETARIA NACIONAL DE SEGURANCA PUBLICA - SENASP";"00186/2025";"23/03/2026";"02/04/2026";"02/04/2027";"10.261.106/0001-00";"RSTECH REPAROS E SOLUCOES TECNOLOGICAS LTDA";"00002";"Peça Equipamento Laboratório - Peça Equipamento Laboratório Tipo 1: Conector, Aplicação 1: P/ Cromatografia Iônica/Líquida, Material 1: Peek, Componentes 1: Anel Para Vedação De Capilares, Características Adicionais 1: Compatível C/ Conexão M6 E Capilares Unf 10/32";"19";"19";"17.893,18";"339.970,42";"A presente Ata tem por objeto o registro de preços para a eventual manutenção preventiva e corretiva dos equipamentos Maxwell que é parte integrante desta Ata, assim RSC, Maxwell RSC 48 e Spectrum, especificados nos itens de 1 a 6 do Termo de Referência como as propostas cujos preços tenham sido registrados, independentemente de transcrição."
"00001/2026";"200331 - SECRETARIA NACIONAL DE SEGURANCA PUBLICA - SENASP";"00186/2025";"23/03/2026";"02/04/2026";"02/04/2027";"10.261.106/0001-00";"RSTECH REPAROS E SOLUCOES TECNOLOGICAS LTDA";"00004";"Peça Equipamento Laboratório - Peça Equipamento Laboratório Tipo 1: Conector, Aplicação 1: P/ Cromatografia Iônica/Líquida, Material 1: Peek, Componentes 1: Anel Para Vedação De Capilares, Características Adicionais 1: Compatível C/ Conexão M6 E Capilares Unf 10/32";"1";"1";"17.893,18";"17.893,18";"A presente Ata tem por objeto o registro de preços para a eventual manutenção preventiva e corretiva dos equipamentos Maxwell que é parte integrante desta Ata, assim RSC, Maxwell RSC 48 e Spectrum, especificados nos itens de 1 a 6 do Termo de Referência como as propostas cujos preços tenham sido registrados, independentemente de transcrição."
"00001/2026";"200331 - SECRETARIA NACIONAL DE SEGURANCA PUBLICA - SENASP";"00186/2025";"23/03/2026";"02/04/2026";"02/04/2027";"10.261.106/0001-00";"RSTECH REPAROS E SOLUCOES TECNOLOGICAS LTDA";"00006";"Peça Equipamento Laboratório - Peça Equipamento Laboratório Tipo 1: Conector, Aplicação 1: P/ Cromatografia Iônica/Líquida, Material 1: Peek, Componentes 1: Anel Para Vedação De Capilares, Características Adicionais 1: Compatível C/ Conexão M6 E Capilares Unf 10/32";"6";"6";"90.925,10";"545.550,60";"A presente Ata tem por objeto o registro de preços para a eventual manutenção preventiva e corretiva dos equipamentos Maxwell que é parte integrante desta Ata, assim RSC, Maxwell RSC 48 e Spectrum, especificados nos itens de 1 a 6 do Termo de Referência como as propostas cujos preços tenham sido registrados, independentemente de transcrição."
"00001/2026";"200331 - SECRETARIA NACIONAL DE SEGURANCA PUBLICA - SENASP";"00186/2025";"23/03/2026";"02/04/2026";"02/04/2027";"10.261.106/0001-00";"RSTECH REPAROS E SOLUCOES TECNOLOGICAS LTDA";"00001";"Manutenção e Reparo em Equipamento - Uso Médico - Manutenção preventiva e corretiva equipamento Maxwell RSC";"456";"456";"2.356,00";"1.074.336,00";"A presente Ata tem por objeto o registro de preços para a eventual manutenção preventiva e corretiva dos equipamentos Maxwell que é parte integrante desta Ata, assim RSC, Maxwell RSC 48 e Spectrum, especificados nos itens de 1 a 6 do Termo de Referência como as propostas cujos preços tenham sido registrados, independentemente de transcrição."
"00001/2026";"200331 - SECRETARIA NACIONAL DE SEGURANCA PUBLICA - SENASP";"00186/2025";"23/03/2026";"02/04/2026";"02/04/2027";"10.261.106/0001-00";"RSTECH REPAROS E SOLUCOES TECNOLOGICAS LTDA";"00003";"Manutenção e Reparo em Equipamento - Uso Médico - Manutenção preventiva e corretiva equipamento Maxwell RSC 48";"24";"24";"2.700,00";"64.800,00";"A presente Ata tem por objeto o registro de preços para a eventual manutenção preventiva e corretiva dos equipamentos Maxwell que é parte integrante desta Ata, assim RSC, Maxwell RSC 48 e Spectrum, especificados nos itens de 1 a 6 do Termo de Referência como as propostas cujos preços tenham sido registrados, independentemente de transcrição."
"00001/2026";"200331 - SECRETARIA NACIONAL DE SEGURANCA PUBLICA - SENASP";"00186/2025";"23/03/2026";"02/04/2026";"02/04/2027";"10.261.106/0001-00";"RSTECH REPAROS E SOLUCOES TECNOLOGICAS LTDA";"00005";"Manutenção e Reparo em Equipamento - Uso Médico - Manutenção preventiva e corretiva equipamento Spectrum";"144";"144";"3.209,00";"462.096,00";"A presente Ata tem por objeto o registro de preços para a eventual manutenção preventiva e corretiva dos equipamentos Maxwell que é parte integrante desta Ata, assim RSC, Maxwell RSC 48 e Spectrum, especificados nos itens de 1 a 6 do Termo de Referência como as propostas cujos preços tenham sido registrados, independentemente de transcrição."
"00011/2026";"200331 - SECRETARIA NACIONAL DE SEGURANCA PUBLICA - SENASP";"90010/2025";"31/03/2026";"01/04/2026";"01/04/2027";"93.726.446/0001-89";"SERMEDICALL ARP EQUIPAMENTOS DE RESGATE E SEGURANCA LTDA";"00006";"BOMBA COSTAL, MATERIAL POLIETILENO, TIPO TANQUE RÍGIDO, CAPACIDADE 20 L, ACIONAMENTO MANUAL, APLICAÇÃO COMBATE A INCÊNDIOS FLORESTAIS, CARACTERÍSTICAS ADICIONAIS BOMBEADOR METÁLICO; ALÇAS DE OMBRO REGULÁVEIS.";"844";"844";"1.273,23";"1.074.606,12";"A presente Ata tem por objeto o registro de preços para a eventual aquisição de equipamentos de Atendimento Pré-Hospitalar (APH) e APH Tático, especificado nos itens 36, 46, 55, 56, 57 e 65 do Termo de Referência (31465512), anexo do edital de Licitação nº 10/2025, que é parte integrante desta Ata, assim como as propostas cujos preços tenham sido registrados, independentemente de transcrição."
"00011/2026";"200331 - SECRETARIA NACIONAL DE SEGURANCA PUBLICA - SENASP";"90010/2025";"31/03/2026";"01/04/2026";"01/04/2027";"61.148.037/0001-56";"ORTOPRATIKA INDUSTRIA E COMERCIO LTDA";"00036";"IMOBILIZADOR (TALA), MATERIAL PLÁSTICO, TIPO INFLÁVEL, TAMANHO TAMANHOS VARIADOS, MÍNIMO 4 PEÇAS";"10634";"10634";"168,31";"1.789.808,54";"A presente Ata tem por objeto o registro de preços para a eventual aquisição de equipamentos de Atendimento Pré-Hospitalar (APH) e APH Tático, especificado nos itens 36, 46, 55, 56, 57 e 65 do Termo de Referência (31465512), anexo do edital de Licitação nº 10/2025, que é parte integrante desta Ata, assim como as propostas cujos preços tenham sido registrados, independentemente de transcrição."
"00011/2026";"200331 - SECRETARIA NACIONAL DE SEGURANCA PUBLICA - SENASP";"90010/2025";"31/03/2026";"01/04/2026";"01/04/2027";"61.148.037/0001-56";"ORTOPRATIKA INDUSTRIA E COMERCIO LTDA";"00046";"MANTA TÉRMICA P/ PACIENTE, TIPO DE AQUECIMENTO ISOLANTE TÉRMICO, MATERIAL PELÍCULA DE POLÍMERO ALUMINIZADO, TAMANHO ADULTO, APLICAçãO P/ CORPO INTEIRO, ESTERILIDADE USO ÚNICO, APRESENTAçãO EMBALAGEM INDIVIDUAL";"49933";"49933";"5,80";"289.611,40";"A presente Ata tem por objeto o registro de preços para a eventual aquisição de equipamentos de Atendimento Pré-Hospitalar (APH) e APH Tático, especificado nos itens 36, 46, 55, 56, 57 e 65 do Termo de Referência (31465512), anexo do edital de Licitação nº 10/2025, que é parte integrante desta Ata, assim como as propostas cujos preços tenham sido registrados, independentemente de transcrição."
"00011/2026";"200331 - SECRETARIA NACIONAL DE SEGURANCA PUBLICA - SENASP";"90010/2025";"31/03/2026";"01/04/2026";"01/04/2027";"61.148.037/0001-56";"ORTOPRATIKA INDUSTRIA E COMERCIO LTDA";"00056";"IMOBILIZADOR (TALA), MATERIAL METAL REVESTIDO DE E.V.A., TIPO ARAMADO, TAMANHO CERCA DE 100 X 10 CM";"9893";"9893";"20,37";"201.520,41";"A presente Ata tem por objeto o registro de preços para a eventual aquisição de equipamentos de Atendimento Pré-Hospitalar (APH) e APH Tático, especificado nos itens 36, 46, 55, 56, 57 e 65 do Termo de Referência (31465512), anexo do edital de Licitação nº 10/2025, que é parte integrante desta Ata, assim como as propostas cujos preços tenham sido registrados, independentemente de transcrição."
"00011/2026";"200331 - SECRETARIA NACIONAL DE SEGURANCA PUBLICA - SENASP";"90010/2025";"31/03/2026";"01/04/2026";"01/04/2027";"61.148.037/0001-56";"ORTOPRATIKA INDUSTRIA E COMERCIO LTDA";"00055";"IMOBILIZADOR (TALA), MATERIAL METAL REVESTIDO DE E.V.A., TIPO ARAMADO, TAMANHO CERCA DE 100 X 10 CM";"10463";"10463";"26,89";"281.350,07";"A presente Ata tem por objeto o registro de preços para a eventual aquisição de equipamentos de Atendimento Pré-Hospitalar (APH) e APH Tático, especificado nos itens 36, 46, 55, 56, 57 e 65 do Termo de Referência (31465512), anexo do edital de Licitação nº 10/2025, que é parte integrante desta Ata, assim como as propostas cujos preços tenham sido registrados, independentemente de transcrição."
"00011/2026";"200331 - SECRETARIA NACIONAL DE SEGURANCA PUBLICA - SENASP";"90010/2025";"31/03/2026";"01/04/2026";"01/04/2027";"61.148.037/0001-56";"ORTOPRATIKA INDUSTRIA E COMERCIO LTDA";"00057";"IMOBILIZADOR (TALA), MATERIAL ALUMÍNIO REVESTIDO C/ ESPUMA, TIPO ARAMADO, TAMANHO CERCA DE 120 X 12 CM";"25971";"25971";"40,73";"1.057.798,83";"A presente Ata tem por objeto o registro de preços para a eventual aquisição de equipamentos de Atendimento Pré-Hospitalar (APH) e APH Tático, especificado nos itens 36, 46, 55, 56, 57 e 65 do Termo de Referência (31465512), anexo do edital de Licitação nº 10/2025, que é parte integrante desta Ata, assim como as propostas cujos preços tenham sido registrados, independentemente de transcrição."
"00011/2026";"200331 - SECRETARIA NACIONAL DE SEGURANCA PUBLICA - SENASP";"90010/2025";"31/03/2026";"01/04/2026";"01/04/2027";"61.148.037/0001-56";"ORTOPRATIKA INDUSTRIA E COMERCIO LTDA";"00065";"MÁSCARA GASOTERAPIA, APLICAÇÃO P/ REANIMAÇÃO CARDIOPULMONAR BOCA A BOCA, MODELO FACIAL, MATERIAL PLÁSTICO, TAMANHO ÚNICO, COMPONENTE ADICIONAL C/ VÁLVULA UNIDIRECIONAL, ADICIONAIS DE BOLSO";"10190";"10190";"11,90";"121.261,00";"A presente Ata tem por objeto o registro de preços para a eventual aquisição de equipamentos de Atendimento Pré-Hospitalar (APH) e APH Tático, especificado nos itens 36, 46, 55, 56, 57 e 65 do Termo de Referência (31465512), anexo do edital de Licitação nº 10/2025, que é parte integrante desta Ata, assim como as propostas cujos preços tenham sido registrados, independentemente de transcrição."
"00012/2026";"200331 - SECRETARIA NACIONAL DE SEGURANCA PUBLICA - SENASP";"90010/2025";"31/03/2026";"01/04/2026";"01/04/2027";"12.124.712/0001-00";"EQUILIBRIO EQUIPAMENTOS DE PROTECAO AMBIENTAL LTDA";"00004";"SISTEMA COMBATE INCÊNDIO, TIPO CONJUNTO DE COMBATE INCÊNDIO MÓVEL VEÍCULAR, COMPONENTES TANQUE RÍGIDO, MOTO-BOMBA, MANGUEIRAS, PRÉ-FILTRO ,, TIPO MOTOR 4 TEMPOS, CAPACIDADE TANQUE 400 L, OUTROS COMPONENTES CARRETEL, CINTAS DE FIXAÇÃO";"871";"871";"28.621,26";"24.929.117,46";"A presente Ata tem por objeto o registro de preços para a eventual aquisição de equipamentos de Atendimento Pré-Hospitalar (APH) e APH Tático, especificado no item 44 do Termo de Referência (31465512), anexo do edital de Licitação nº 10/2025, que é parte integrante desta Ata, assim como as propostas cujos preços tenham sido registrados, independentemente de transcrição."
"00012/2026";"200331 - SECRETARIA NACIONAL DE SEGURANCA PUBLICA - SENASP";"90010/2025";"31/03/2026";"01/04/2026";"01/04/2027";"26.645.437/0001-76";"ARMADA ARTIGOS MILITARES LTDA";"00044";"BANDAGEM, TIPO ELÁSTICA, MATERIAL MALHA DE TECIDO SINTÉTICO E ALGODÃO, COMPONENTE C/ ADESIVO DE LÁTEX NATURAL, DIMENSÃO CERCA DE 10 CM X 5 M, COR C/ COR, EMBALAGEM EMBALAGEM INDIVIDUAL EM ROLO, TIPO USO USO ÚNICO";"24819";"24819";"45,95";"1.140.433,05";"A presente Ata tem por objeto o registro de preços para a eventual aquisição de equipamentos de Atendimento Pré-Hospitalar (APH) e APH Tático, especificado no item 44 do Termo de Referência (31465512), anexo do edital de Licitação nº 10/2025, que é parte integrante desta Ata, assim como as propostas cujos preços tenham sido registrados, independentemente de transcrição."
"00010/2026";"200331 - SECRETARIA NACIONAL DE SEGURANCA PUBLICA - SENASP";"90010/2025";"27/03/2026";"30/03/2026";"30/03/2027";"15.453.449/0004-25";"RESGATECNICA COMERCIO DE EQUIPAMENTOS DE RESGATE LTDA";"00001";"BOMBA COSTAL, MATERIAL POLIETILENO, TIPO TANQUE RÍGIDO, CAPACIDADE 20 L, ACIONAMENTO MANUAL, APLICAÇÃO COMBATE A INCÊNDIOS FLORESTAIS, CARACTERÍSTICAS ADICIONAIS BOMBEADOR METÁLICO; ALÇAS DE OMBRO REGULÁVEIS.";"6939";"6939";"850,00";"5.898.150,00";"A presente Ata tem por objeto o registro de preços para a eventual aquisição de equipamentos de Atendimento Pré-Hospitalar (APH) e APH Tático, especificado nos itens 41, 42, 43, 45, 75, 76 e 79 do Termo de Referência (31465512), anexo do edital de Licitação nº 10/2025, que é parte integrante desta Ata, assim como as propostas cujos preços tenham sido registrados, independentemente de transcrição."
"00010/2026";"200331 - SECRETARIA NACIONAL DE SEGURANCA PUBLICA - SENASP";"90010/2025";"27/03/2026";"30/03/2026";"30/03/2027";"37.954.697/0001-40";"TYR MEDICAL LTDA";"00041";"COMPRESSA GAZE, MATERIAL 100% ALGODÃO, MODELO HEMOSTÁTICA, DOBRA EM Z, CARACTERÍSTICAS ADICIONAIS P/ ATENDIMENTO PRÉ HOSPITALAR APH, DIMENSÕES CERCA DE 7,5 CM X 3,5 M, CARACTERÍSTICAS ADICIONAIS* FIO RADIOPACO, ESTERILIDADE* ESTÉRIL, EMBALAGEM EMBALAGEM INDIVIDUAL";"30070";"30070";"50,65";"1.523.045,50";"A presente Ata tem por objeto o registro de preços para a eventual aquisição de equipamentos de Atendimento Pré-Hospitalar (APH) e APH Tático, especificado nos itens 41, 42, 43, 45, 75, 76 e 79 do Termo de Referência (31465512), anexo do edital de Licitação nº 10/2025, que é parte integrante desta Ata, assim como as propostas cujos preços tenham sido registrados, independentemente de transcrição."
"00010/2026";"200331 - SECRETARIA NACIONAL DE SEGURANCA PUBLICA - SENASP";"90010/2025";"27/03/2026";"30/03/2026";"30/03/2027";"37.954.697/0001-40";"TYR MEDICAL LTDA";"00043";"BANDAGEM, TIPO ELÁSTICA, MATERIAL MALHA DE TECIDO SINTÉTICO E ALGODÃO, COMPONENTE C/ ADESIVO DE LÁTEX NATURAL, DIMENSÃO CERCA DE 10 CM X 5 M, COR C/ COR, EMBALAGEM EMBALAGEM INDIVIDUAL EM ROLO, TIPO USO USO ÚNICO";"15258";"15258";"71,96";"1.097.965,68";"A presente Ata tem por objeto o registro de preços para a eventual aquisição de equipamentos de Atendimento Pré-Hospitalar (APH) e APH Tático, especificado nos itens 41, 42, 43, 45, 75, 76 e 79 do Termo de Referência (31465512), anexo do edital de Licitação nº 10/2025, que é parte integrante desta Ata, assim como as propostas cujos preços tenham sido registrados, independentemente de transcrição."
"00010/2026";"200331 - SECRETARIA NACIONAL DE SEGURANCA PUBLICA - SENASP";"90010/2025";"27/03/2026";"30/03/2026";"30/03/2027";"37.954.697/0001-40";"TYR MEDICAL LTDA";"00075";"CURATIVO CUTÂNEO, MODELO P/ ATENDIMENTO PRÉ HOSPITALAR APH, SELO DE TÓRAX, COMPONENTE 1 VALVULADO, COMPONENTE 2 BASE ADESIVA, DIMENSÃO CERCA DE 15 X 15 CM, APRESENTAÇÃO EMBALAGEM INDIVIDUAL, ESTERILIDADE ESTÉRIL";"32951";"32951";"187,89";"6.191.163,39";"A presente Ata tem por objeto o registro de preços para a eventual aquisição de equipamentos de Atendimento Pré-Hospitalar (APH) e APH Tático, especificado nos itens 41, 42, 43, 45, 75, 76 e 79 do Termo de Referência (31465512), anexo do edital de Licitação nº 10/2025, que é parte integrante desta Ata, assim como as propostas cujos preços tenham sido registrados, independentemente de transcrição."
"00010/2026";"200331 - SECRETARIA NACIONAL DE SEGURANCA PUBLICA - SENASP";"90010/2025";"27/03/2026";"30/03/2026";"30/03/2027";"37.954.697/0001-40";"TYR MEDICAL LTDA";"00079";"SISTEMA PARA COMPRESSÃO, TIPO TORNIQUETE NÃO PNEUMÁTICO, APLICAÇÃO MEMBRO SUPERIOR, MODELO MEIA DE MALHA TUBULAR, CARACTERÍSTICA ADICIONAIS PRESSÃO SISTÓLICA < 160 MMHG, TIPO FECHO TIRAS AJUSTÁVEIS, TIPO USO USO ÚNICO, ESTERILIDADE ESTÉRIL";"64911";"64911";"145,17";"9.423.129,87";"A presente Ata tem por objeto o registro de preços para a eventual aquisição de equipamentos de Atendimento Pré-Hospitalar (APH) e APH Tático, especificado nos itens 41, 42, 43, 45, 75, 76 e 79 do Termo de Referência (31465512), anexo do edital de Licitação nº 10/2025, que é parte integrante desta Ata, assim como as propostas cujos preços tenham sido registrados, independentemente de transcrição."
"00010/2026";"200331 - SECRETARIA NACIONAL DE SEGURANCA PUBLICA - SENASP";"90010/2025";"27/03/2026";"30/03/2026";"30/03/2027";"37.954.697/0001-40";"TYR MEDICAL LTDA";"00042";"BANDAGEM, TIPO ELÁSTICA, MATERIAL MALHA DE TECIDO SINTÉTICO E ALGODÃO, COMPONENTE C/ ADESIVO DE LÁTEX NATURAL, DIMENSÃO CERCA DE 10 CM X 5 M, COR C/ COR, EMBALAGEM EMBALAGEM INDIVIDUAL EM ROLO, TIPO USO USO ÚNICO";"30402";"30402";"71,96";"2.187.727,92";"A presente Ata tem por objeto o registro de preços para a eventual aquisição de equipamentos de Atendimento Pré-Hospitalar (APH) e APH Tático, especificado nos itens 41, 42, 43, 45, 75, 76 e 79 do Termo de Referência (31465512), anexo do edital de Licitação nº 10/2025, que é parte integrante desta Ata, assim como as propostas cujos preços tenham sido registrados, independentemente de transcrição."
"00010/2026";"200331 - SECRETARIA NACIONAL DE SEGURANCA PUBLICA - SENASP";"90010/2025";"27/03/2026";"30/03/2026";"30/03/2027";"37.954.697/0001-40";"TYR MEDICAL LTDA";"00045";"TUBO SUPRAGLÓTICO, TIPO CÂNULA NASOFARÍNGEA, MATERIAL* PVC FLEXÍVEL, TAMANHO* 8,0 MM, ESTERILIDADE* ESTÉRIL, USO ÚNICO";"23349";"23349";"21,93";"512.043,57";"A presente Ata tem por objeto o registro de preços para a eventual aquisição de equipamentos de Atendimento Pré-Hospitalar (APH) e APH Tático, especificado nos itens 41, 42, 43, 45, 75, 76 e 79 do Termo de Referência (31465512), anexo do edital de Licitação nº 10/2025, que é parte integrante desta Ata, assim como as propostas cujos preços tenham sido registrados, independentemente de transcrição."
"00010/2026";"200331 - SECRETARIA NACIONAL DE SEGURANCA PUBLICA - SENASP";"90010/2025";"27/03/2026";"30/03/2026";"30/03/2027";"37.954.697/0001-40";"TYR MEDICAL LTDA";"00076";"CURATIVO CUTÂNEO, MODELO P/ ATENDIMENTO PRÉ HOSPITALAR APH, SELO DE TÓRAX, COMPONENTE 1 VALVULADO, COMPONENTE 2 BASE ADESIVA, DIMENSÃO CERCA DE 15 X 15 CM, APRESENTAÇÃO EMBALAGEM INDIVIDUAL, ESTERILIDADE ESTÉRIL";"21377";"21377";"113,84";"2.433.557,68";"A presente Ata tem por objeto o registro de preços para a eventual aquisição de equipamentos de Atendimento Pré-Hospitalar (APH) e APH Tático, especificado nos itens 41, 42, 43, 45, 75, 76 e 79 do Termo de Referência (31465512), anexo do edital de Licitação nº 10/2025, que é parte integrante desta Ata, assim como as propostas cujos preços tenham sido registrados, independentemente de transcrição."
"00013/2026";"200331 - SECRETARIA NACIONAL DE SEGURANCA PUBLICA - SENASP";"90010/2025";"27/03/2026";"30/03/2026";"30/03/2027";"07.585.866/0001-50";"SCORP INDUSTRIA E COMERCIO DE EQUIPAMENTOS DE SEGURANCA LTDA";"00001";"CAPACETE POLICIAL, MATERIAL POLIAMIDA, CARACTERÍSTICAS ADICIONAIS CONFORME MODELO";"9517";"9517";"520,56";"4.954.169,52";"A presente Ata tem por objeto o registro de preços para a eventual aquisição de equipamentos de Atendimento Pré-Hospitalar (APH) e APH Tático, especificado nos itens 47 e 48 do Termo de Referência (31465512), anexo do edital de Licitação nº 10/2025, que é parte integrante desta Ata, assim como as propostas cujos preços tenham sido registrados, independentemente de transcrição."
"00013/2026";"200331 - SECRETARIA NACIONAL DE SEGURANCA PUBLICA - SENASP";"90010/2025";"27/03/2026";"30/03/2026";"30/03/2027";"11.405.384/0001-49";"ALFA MED SISTEMAS MEDICOS LTDA";"00047";"OXÍMETRO USO MÉDICO, TIPO PULSO, FAIXA MEDIÇÃO SATURAÇÃO 1 0 A 100%, FAIXA MEDIÇÃO PULSO 1 CERCA DE 20 A 250 BPM, AUTONOMIA SISTEMA 1 CERCA 32 H, ALIMENTAÇÃO PILHA, ACESSÓRIOS C/ SENSOR";"2967";"2967";"887,75";"2.633.954,25";"A presente Ata tem por objeto o registro de preços para a eventual aquisição de equipamentos de Atendimento Pré-Hospitalar (APH) e APH Tático, especificado nos itens 47 e 48 do Termo de Referência (31465512), anexo do edital de Licitação nº 10/2025, que é parte integrante desta Ata, assim como as propostas cujos preços tenham sido registrados, independentemente de transcrição."
"00013/2026";"200331 - SECRETARIA NACIONAL DE SEGURANCA PUBLICA - SENASP";"90010/2025";"27/03/2026";"30/03/2026";"30/03/2027";"11.405.384/0001-49";"ALFA MED SISTEMAS MEDICOS LTDA";"00048";"OXÍMETRO USO MÉDICO, TIPO PULSO, PARÂMETRO ADICIONAL C/ CURVA PLETISMOGRÁFICA, FAIXA MEDIÇÃO SATURAÇÃO 1 0 A 100%, FAIXA MEDIÇÃO PULSO 1 CERCA DE 20 A 250 BPM, AUTONOMIA SISTEMA 1 CERCA 16 H, ALIMENTAÇÃO BATERIA, ACESSÓRIOS C/ SENSOR";"569";"569";"3.759,89";"2.139.377,41";"A presente Ata tem por objeto o registro de preços para a eventual aquisição de equipamentos de Atendimento Pré-Hospitalar (APH) e APH Tático, especificado nos itens 47 e 48 do Termo de Referência (31465512), anexo do edital de Licitação nº 10/2025, que é parte integrante desta Ata, assim como as propostas cujos preços tenham sido registrados, independentemente de transcrição."
"00013/2025";"200331 - SECRETARIA NACIONAL DE SEGURANCA PUBLICA - SENASP";"90034/2024";"21/03/2025";"26/03/2025";"27/03/2027";"07.585.866/0001-50";"SCORP INDUSTRIA E COMERCIO DE EQUIPAMENTOS DE SEGURANCA LTDA";"00001";"CAPACETE POLICIAL, MATERIAL POLIAMIDA, CARACTERÍSTICAS ADICIONAIS CONFORME MODELO";"9517";"9517";"520,56";"4.954.169,52";"A presente Ata tem por objeto o registro de preços para a eventual aquisição de equipamentos de controle de distúrbios civis (CDC), especificada no item 1, constante(s) da tabela anexa ao item 1.1 do Termo de Referência (29988158), anexo I do edital de Licitação nº 34/2024 (30013155) que é parte integrante desta Ata, assim como a proposta cujo preço tenha sido registrado (30199825), independentemente de transcrição."
"00013/2025";"200331 - SECRETARIA NACIONAL DE SEGURANCA PUBLICA - SENASP";"90034/2024";"21/03/2025";"26/03/2025";"27/03/2027";"11.405.384/0001-49";"ALFA MED SISTEMAS MEDICOS LTDA";"00047";"OXÍMETRO USO MÉDICO, TIPO PULSO, FAIXA MEDIÇÃO SATURAÇÃO 1 0 A 100%, FAIXA MEDIÇÃO PULSO 1 CERCA DE 20 A 250 BPM, AUTONOMIA SISTEMA 1 CERCA 32 H, ALIMENTAÇÃO PILHA, ACESSÓRIOS C/ SENSOR";"2967";"2967";"887,75";"2.633.954,25";"A presente Ata tem por objeto o registro de preços para a eventual aquisição de equipamentos de controle de distúrbios civis (CDC), especificada no item 1, constante(s) da tabela anexa ao item 1.1 do Termo de Referência (29988158), anexo I do edital de Licitação nº 34/2024 (30013155) que é parte integrante desta Ata, assim como a proposta cujo preço tenha sido registrado (30199825), independentemente de transcrição."
"00013/2025";"200331 - SECRETARIA NACIONAL DE SEGURANCA PUBLICA - SENASP";"90034/2024";"21/03/2025";"26/03/2025";"27/03/2027";"11.405.384/0001-49";"ALFA MED SISTEMAS MEDICOS LTDA";"00048";"OXÍMETRO USO MÉDICO, TIPO PULSO, PARÂMETRO ADICIONAL C/ CURVA PLETISMOGRÁFICA, FAIXA MEDIÇÃO SATURAÇÃO 1 0 A 100%, FAIXA MEDIÇÃO PULSO 1 CERCA DE 20 A 250 BPM, AUTONOMIA SISTEMA 1 CERCA 16 H, ALIMENTAÇÃO BATERIA, ACESSÓRIOS C/ SENSOR";"569";"569";"3.759,89";"2.139.377,41";"A presente Ata tem por objeto o registro de preços para a eventual aquisição de equipamentos de controle de distúrbios civis (CDC), especificada no item 1, constante(s) da tabela anexa ao item 1.1 do Termo de Referência (29988158), anexo I do edital de Licitação nº 34/2024 (30013155) que é parte integrante desta Ata, assim como a proposta cujo preço tenha sido registrado (30199825), independentemente de transcrição."
"00014/2025";"200331 - SECRETARIA NACIONAL DE SEGURANCA PUBLICA - SENASP";"90034/2024";"21/03/2025";"26/03/2025";"27/03/2027";"50.000.823/0001-95";"V - SEG COMERCIO DE PRODUTOS MILITARES LTDA";"00004";"CANELEIRA ANTITUMULTO, MATERIAL TERMOPLÁSTICO, TAMANHO ÚNICO, COR PRETA, CARACTERÍSTICAS ADICIONAIS FORRO INTERNO E.V.A., PROTETOR ANTICHAMA E TORNOZ E";"17167";"17167";"361,65";"6.208.445,55";"A presente Ata tem por objeto o registro de preços para a eventual aquisição de equipamentos de controle de distúrbios civis (CDC), especificada no item 4, constante(s) da tabela anexa ao item 1.1 do Termo de Referência (29988158), anexo I do edital de Licitação nº 34/2024 (30013155) que é parte integrante desta Ata, assim como a proposta cujo preço tenha sido registrado (30225926), independentemente de transcrição."
"00014/2025";"200331 - SECRETARIA NACIONAL DE SEGURANCA PUBLICA - SENASP";"90034/2024";"21/03/2025";"26/03/2025";"27/03/2027";"37.265.248/0001-94";"DMD EQUIPAMENTOS LTDA";"00080";"SISTEMA PARA COMPRESSÃO, TIPO TORNIQUETE NÃO PNEUMÁTICO, APLICAÇÃO MEMBRO SUPERIOR, MODELO MEIA DE MALHA TUBULAR, CARACTERÍSTICA ADICIONAIS PRESSÃO SISTÓLICA < 160 MMHG, TIPO FECHO TIRAS AJUSTÁVEIS, TIPO USO USO ÚNICO, ESTERILIDADE ESTÉRIL";"27184";"27184";"198,44";"5.394.392,96";"A presente Ata tem por objeto o registro de preços para a eventual aquisição de equipamentos de controle de distúrbios civis (CDC), especificada no item 4, constante(s) da tabela anexa ao item 1.1 do Termo de Referência (29988158), anexo I do edital de Licitação nº 34/2024 (30013155) que é parte integrante desta Ata, assim como a proposta cujo preço tenha sido registrado (30225926), independentemente de transcrição."
"00014/2025";"200331 - SECRETARIA NACIONAL DE SEGURANCA PUBLICA - SENASP";"90034/2024";"21/03/2025";"26/03/2025";"27/03/2027";"37.265.248/0001-94";"DMD EQUIPAMENTOS LTDA";"00050";"MACA DE RESGATE, MATERIAL POLIETILENO, TIPO FLEXÍVEL, TAMANHO CERCA DE 100 X 250 CM, FORMATO FORMATO ENVELOPE, CAPACIDADE DE CARGA ATÉ 300 KG, COMPONENTES ATÉ 5 CINTOS DE SEGURANÇA, CORREIAS DE FIXAÇÃO, COMPONENTES 01 C/ ALÇAS, CARACTERÍSTICAS ADICIONAIS C/ BOLSA E CONJUNTO P/ AMARRAÇÃO";"7704";"7704";"208,88";"1.609.211,52";"A presente Ata tem por objeto o registro de preços para a eventual aquisição de equipamentos de controle de distúrbios civis (CDC), especificada no item 4, constante(s) da tabela anexa ao item 1.1 do Termo de Referência (29988158), anexo I do edital de Licitação nº 34/2024 (30013155) que é parte integrante desta Ata, assim como a proposta cujo preço tenha sido registrado (30225926), independentemente de transcrição."
"00014/2025";"200331 - SECRETARIA NACIONAL DE SEGURANCA PUBLICA - SENASP";"90034/2024";"21/03/2025";"26/03/2025";"27/03/2027";"37.265.248/0001-94";"DMD EQUIPAMENTOS LTDA";"00081";"SISTEMA PARA COMPRESSÃO, TIPO TORNIQUETE NÃO PNEUMÁTICO, APLICAÇÃO TÁTICO, P/ ATENDIMENTO PRÉ HOSPITALAR, MODELO CINTA EM NYLON, C/ COR, TIPO FECHO AUTO AJUSTÁVEL C/ VELCRO, FIVELA E BARRA PRESSÃO, TIPO USO REUSÁVEL";"58171";"58171";"67,89";"3.949.229,19";"A presente Ata tem por objeto o registro de preços para a eventual aquisição de equipamentos de controle de distúrbios civis (CDC), especificada no item 4, constante(s) da tabela anexa ao item 1.1 do Termo de Referência (29988158), anexo I do edital de Licitação nº 34/2024 (30013155) que é parte integrante desta Ata, assim como a proposta cujo preço tenha sido registrado (30225926), independentemente de transcrição."
"00008/2026";"200331 - SECRETARIA NACIONAL DE SEGURANCA PUBLICA - SENASP";"90010/2025";"24/03/2026";"27/03/2026";"27/03/2027";"11.909.227/0001-70";"PROMEGA BIOTECNOLOGIA DO BRASIL LTDA.";"00002";"CONJUNTO PARA ANÁLISE, COMPOSIÇÃO BÁSICA AMPLIFICAÇÃO 24 STR, AMELOGENINA E DELEÇÃO Y, METODOLOGIA APLICADA PCR, APRESENTAÇÃO TESTE, APLICAÇÃO PARA IDENTIFICAÇÃO HUMANA, COMPONENTES MISTURA PARA REAÇÃO, PRIMERS, DNA CONTROLE, CARACTERÍSTICAS ADICIONAIS ESCADA ALÉLICA";"39600";"39600";"19,00";"752.400,00";"A presente Ata tem por objeto o registro de preços para a eventual aquisição de equipamentos de Atendimento Pré-Hospitalar (APH) e APH Tático, especificado no item 34 do Termo de Referência (31465512), anexo do edital de Licitação nº 10/2025, que é parte integrante desta Ata, assim como as propostas cujos preços tenham sido registrados, independentemente de transcrição."
"00008/2026";"200331 - SECRETARIA NACIONAL DE SEGURANCA PUBLICA - SENASP";"90010/2025";"24/03/2026";"27/03/2026";"27/03/2027";"11.909.227/0001-70";"PROMEGA BIOTECNOLOGIA DO BRASIL LTDA.";"00003";"CONJUNTO PARA ANÁLISE, COMPOSIÇÃO BÁSICA AMPLIFICAÇÃO 23 STR DO CROMOSSOMO Y, METODOLOGIA APLICADA PCR, APRESENTAÇÃO TESTE, APLICAÇÃO PARA IDENTIFICAÇÃO HUMANA, COMPONENTES MISTURA PARA REAÇÃO, DNA CONTROLE, PRIMER CONTROL E, CARACTERÍSTICAS ADICIONAIS ESCADA ALÉLICA";"116200";"116200";"14,00";"1.626.800,00";"A presente Ata tem por objeto o registro de preços para a eventual aquisição de equipamentos de Atendimento Pré-Hospitalar (APH) e APH Tático, especificado no item 34 do Termo de Referência (31465512), anexo do edital de Licitação nº 10/2025, que é parte integrante desta Ata, assim como as propostas cujos preços tenham sido registrados, independentemente de transcrição."
"00008/2026";"200331 - SECRETARIA NACIONAL DE SEGURANCA PUBLICA - SENASP";"90010/2025";"24/03/2026";"27/03/2026";"27/03/2027";"06.105.362/0001-23";"ACCUMED PRODUTOS MEDICO HOSPITALARES LTDA";"00034";"LANCETA, MATERIAL LÂMINA AÇO INOXIDÁVEL,PONTA AFIADA,TRIFACETADA, USO DESCARTÁVEL, CARACTERÍSTICAS ADICIONAIS ESTÉRIL, EMBALAGEM INDIVIDUAL";"59811";"59811";"3,66";"218.908,26";"A presente Ata tem por objeto o registro de preços para a eventual aquisição de equipamentos de Atendimento Pré-Hospitalar (APH) e APH Tático, especificado no item 34 do Termo de Referência (31465512), anexo do edital de Licitação nº 10/2025, que é parte integrante desta Ata, assim como as propostas cujos preços tenham sido registrados, independentemente de transcrição."
"00022/2026";"200331 - SECRETARIA NACIONAL DE SEGURANCA PUBLICA - SENASP";"90013/2024";"25/03/2026";"26/03/2026";"26/03/2027";"26.762.139/0001-66";"ECOVOLT TECNOLOGIA, COMERCIO E SERVICO LTDA";"00057";"Instalação e Montagem / Desmontagem - Remanejamento com TraNSPORTE DE MAQUINAS  / EQUIPAMENTOS";"181";"181";"3.875,77";"701.514,37";"A presente Ata tem por objeto o registro de preços para a eventual aquisição de armamentos tipo espingarda calibre 12, para atender demanda da Secretaria Nacional de Segurança Púbica e demais órgãos participantes, especificados no item 01 do Termo de Referência (28875819), anexo do Edital do Pregão Eletrônico nº 90013/2024, que é parte integrante desta Ata, assim como as propostas cujos preços tenham sido registrados, independentemente de transcrição."
"00022/2026";"200331 - SECRETARIA NACIONAL DE SEGURANCA PUBLICA - SENASP";"90013/2024";"25/03/2026";"26/03/2026";"26/03/2027";"26.762.139/0001-66";"ECOVOLT TECNOLOGIA, COMERCIO E SERVICO LTDA";"00019";"Instalação e Montagem / Desmontagem - Remanejamento com TraNSPORTE DE MAQUINAS  / EQUIPAMENTOS";"66";"66";"5.634,61";"371.884,26";"A presente Ata tem por objeto o registro de preços para a eventual aquisição de armamentos tipo espingarda calibre 12, para atender demanda da Secretaria Nacional de Segurança Púbica e demais órgãos participantes, especificados no item 01 do Termo de Referência (28875819), anexo do Edital do Pregão Eletrônico nº 90013/2024, que é parte integrante desta Ata, assim como as propostas cujos preços tenham sido registrados, independentemente de transcrição."
"00022/2026";"200331 - SECRETARIA NACIONAL DE SEGURANCA PUBLICA - SENASP";"90013/2024";"25/03/2026";"26/03/2026";"26/03/2027";"07.065.479/0001-93";"DIMORVAN DAVI MENEGUSSO LTDA";"00007";"SOPRADOR, TIPO PORTÁTIL, ACIONAMENTO GASOLINA, POTÊNCIA 1.1 HP";"210";"210";"2.890,00";"606.900,00";"A presente Ata tem por objeto o registro de preços para a eventual aquisição de armamentos tipo espingarda calibre 12, para atender demanda da Secretaria Nacional de Segurança Púbica e demais órgãos participantes, especificados no item 01 do Termo de Referência (28875819), anexo do Edital do Pregão Eletrônico nº 90013/2024, que é parte integrante desta Ata, assim como as propostas cujos preços tenham sido registrados, independentemente de transcrição."
"00022/2026";"200331 - SECRETARIA NACIONAL DE SEGURANCA PUBLICA - SENASP";"90013/2024";"25/03/2026";"26/03/2026";"26/03/2027";"57.494.031/0010-54";"COMPANHIA BRASILEIRA DE CARTUCHOS";"00001";"ARMA DE FOGO - EMPUNHÁVEL - MÉDIO PORTE, TIPO ESPINGARDA, CALIBRE 12, TIPO CORONHA RETRÁTIL";"7789";"7789";"3.700,59";"28.823.895,51";"A presente Ata tem por objeto o registro de preços para a eventual aquisição de armamentos tipo espingarda calibre 12, para atender demanda da Secretaria Nacional de Segurança Púbica e demais órgãos participantes, especificados no item 01 do Termo de Referência (28875819), anexo do Edital do Pregão Eletrônico nº 90013/2024, que é parte integrante desta Ata, assim como as propostas cujos preços tenham sido registrados, independentemente de transcrição."
"00007/2026";"200331 - SECRETARIA NACIONAL DE SEGURANCA PUBLICA - SENASP";"90010/2025";"24/03/2026";"26/03/2026";"26/03/2027";"01.334.250/0003-92";"QIAGEN BIOTECNOLOGIA BRASIL LTDA.";"00001";"CARTÃO P/ COLETA USO MÉDICO, TIPO PARA COLETA DE AMOSTRAS BIOLÓGICAS, APRESENTAÇÃO EM MATRIZ TRATADA PARA PRESERVAÇÃO DE DNA, CAPACIDADE 4 CÍRCULOS";"69720";"69720";"71,00";"4.950.120,00";"A presente Ata tem por objeto o registro de preços para a eventual aquisição de equipamentos de Atendimento Pré-Hospitalar (APH) e APH Tático, especificado no grupo 02 e itens 40 e 89 do Termo de Referência (31465512), anexo do edital de Licitação nº 10/2025, que é parte integrante desta Ata, assim como as propostas cujos preços tenham sido registrados, independentemente de transcrição."
"00007/2026";"200331 - SECRETARIA NACIONAL DE SEGURANCA PUBLICA - SENASP";"90010/2025";"24/03/2026";"26/03/2026";"26/03/2027";"10.512.195/0001-02";"JP PHARMA IMPORTACAO E DISTRIBUICAO LTDA";"00006";"TESOURA INSTRUMENTAL, MODELO 1 PADRÃO, TIPO PONTA PONTA RETA, CARACTERÍSTICA PONTA ROMBA FINA, HASTE HASTE RETA, COMPRIMENTO TOTAL CERCA DE 20 CM, MATERIAL AÇO INOXIDÁVEL, ESTERILIDADE ESTERILIZÁVEL";"78234";"78234";"35,47";"2.774.959,98";"A presente Ata tem por objeto o registro de preços para a eventual aquisição de equipamentos de Atendimento Pré-Hospitalar (APH) e APH Tático, especificado no grupo 02 e itens 40 e 89 do Termo de Referência (31465512), anexo do edital de Licitação nº 10/2025, que é parte integrante desta Ata, assim como as propostas cujos preços tenham sido registrados, independentemente de transcrição."
"00007/2026";"200331 - SECRETARIA NACIONAL DE SEGURANCA PUBLICA - SENASP";"90010/2025";"24/03/2026";"26/03/2026";"26/03/2027";"10.512.195/0001-02";"JP PHARMA IMPORTACAO E DISTRIBUICAO LTDA";"00008";"SISTEMA PARA COMPRESSÃO, TIPO TORNIQUETE NÃO PNEUMÁTICO, APLICAÇÃO MEMBRO SUPERIOR, MODELO MEIA DE MALHA TUBULAR, CARACTERÍSTICA ADICIONAIS PRESSÃO SISTÓLICA < 160 MMHG, TIPO FECHO TIRAS AJUSTÁVEIS, TIPO USO USO ÚNICO, ESTERILIDADE ESTÉRIL";"78234";"78234";"305,42";"23.894.228,28";"A presente Ata tem por objeto o registro de preços para a eventual aquisição de equipamentos de Atendimento Pré-Hospitalar (APH) e APH Tático, especificado no grupo 02 e itens 40 e 89 do Termo de Referência (31465512), anexo do edital de Licitação nº 10/2025, que é parte integrante desta Ata, assim como as propostas cujos preços tenham sido registrados, independentemente de transcrição."
"00007/2026";"200331 - SECRETARIA NACIONAL DE SEGURANCA PUBLICA - SENASP";"90010/2025";"24/03/2026";"26/03/2026";"26/03/2027";"10.512.195/0001-02";"JP PHARMA IMPORTACAO E DISTRIBUICAO LTDA";"00010";"PINCEL MARCADOR PERMANENTE CD, MATERIAL PLÁSTICO, TIPO PONTA POLIÉSTER, COR TINTA PRETA, CARACTERÍSTICAS ADICIONAIS PONTA MÁXIMO DE 1 MM";"78234";"78234";"1,73";"135.344,82";"A presente Ata tem por objeto o registro de preços para a eventual aquisição de equipamentos de Atendimento Pré-Hospitalar (APH) e APH Tático, especificado no grupo 02 e itens 40 e 89 do Termo de Referência (31465512), anexo do edital de Licitação nº 10/2025, que é parte integrante desta Ata, assim como as propostas cujos preços tenham sido registrados, independentemente de transcrição."
"00007/2026";"200331 - SECRETARIA NACIONAL DE SEGURANCA PUBLICA - SENASP";"90010/2025";"24/03/2026";"26/03/2026";"26/03/2027";"10.512.195/0001-02";"JP PHARMA IMPORTACAO E DISTRIBUICAO LTDA";"00012";"BANDAGEM, TIPO ELÁSTICA, MATERIAL MALHA DE TECIDO SINTÉTICO E ALGODÃO, COMPONENTE C/ ADESIVO DE LÁTEX NATURAL, DIMENSÃO CERCA DE 10 CM X 5 M, COR C/ COR, EMBALAGEM EMBALAGEM INDIVIDUAL EM ROLO, TIPO USO USO ÚNICO";"78234";"78234";"92,95";"7.271.850,30";"A presente Ata tem por objeto o registro de preços para a eventual aquisição de equipamentos de Atendimento Pré-Hospitalar (APH) e APH Tático, especificado no grupo 02 e itens 40 e 89 do Termo de Referência (31465512), anexo do edital de Licitação nº 10/2025, que é parte integrante desta Ata, assim como as propostas cujos preços tenham sido registrados, independentemente de transcrição."
"00007/2026";"200331 - SECRETARIA NACIONAL DE SEGURANCA PUBLICA - SENASP";"90010/2025";"24/03/2026";"26/03/2026";"26/03/2027";"10.512.195/0001-02";"JP PHARMA IMPORTACAO E DISTRIBUICAO LTDA";"00014";"CURATIVO CUTÂNEO, MODELO P/ ATENDIMENTO PRÉ HOSPITALAR APH, SELO DE TÓRAX, COMPONENTE 1 VALVULADO, COMPONENTE 2 BASE ADESIVA, DIMENSÃO CERCA DE 15 X 15 CM, APRESENTAÇÃO EMBALAGEM INDIVIDUAL, ESTERILIDADE ESTÉRIL";"78234";"78234";"293,84";"22.988.278,56";"A presente Ata tem por objeto o registro de preços para a eventual aquisição de equipamentos de Atendimento Pré-Hospitalar (APH) e APH Tático, especificado no grupo 02 e itens 40 e 89 do Termo de Referência (31465512), anexo do edital de Licitação nº 10/2025, que é parte integrante desta Ata, assim como as propostas cujos preços tenham sido registrados, independentemente de transcrição."
"00007/2026";"200331 - SECRETARIA NACIONAL DE SEGURANCA PUBLICA - SENASP";"90010/2025";"24/03/2026";"26/03/2026";"26/03/2027";"10.512.195/0001-02";"JP PHARMA IMPORTACAO E DISTRIBUICAO LTDA";"00040";"COMPRESSA GAZE, MATERIAL 100% ALGODÃO, MODELO HEMOSTÁTICA, DOBRA EM Z, CARACTERÍSTICAS ADICIONAIS P/ ATENDIMENTO PRÉ HOSPITALAR APH, DIMENSÕES CERCA DE 7,5 CM X 3,5 M, CARACTERÍSTICAS ADICIONAIS* FIO RADIOPACO, ESTERILIDADE* ESTÉRIL, EMBALAGEM EMBALAGEM INDIVIDUAL";"41018";"41018";"506,77";"20.786.691,86";"A presente Ata tem por objeto o registro de preços para a eventual aquisição de equipamentos de Atendimento Pré-Hospitalar (APH) e APH Tático, especificado no grupo 02 e itens 40 e 89 do Termo de Referência (31465512), anexo do edital de Licitação nº 10/2025, que é parte integrante desta Ata, assim como as propostas cujos preços tenham sido registrados, independentemente de transcrição."
"00007/2026";"200331 - SECRETARIA NACIONAL DE SEGURANCA PUBLICA - SENASP";"90010/2025";"24/03/2026";"26/03/2026";"26/03/2027";"10.512.195/0001-02";"JP PHARMA IMPORTACAO E DISTRIBUICAO LTDA";"00005";"ACESSÓRIO EQUIPAMENTO SEGURANÇA, TIPO BOLSO MODULAR, MATERIAL NYLON, APLICAÇÃO FIXAÇÃO DE ACESSÓRIOS EM CAPAS DE COLETE TÁTICOS, CARACTERÍSTICAS ADICIONAIS CONFORME MODELO DO ÓRGÃO";"78234";"78234";"155,61";"12.173.992,74";"A presente Ata tem por objeto o registro de preços para a eventual aquisição de equipamentos de Atendimento Pré-Hospitalar (APH) e APH Tático, especificado no grupo 02 e itens 40 e 89 do Termo de Referência (31465512), anexo do edital de Licitação nº 10/2025, que é parte integrante desta Ata, assim como as propostas cujos preços tenham sido registrados, independentemente de transcrição."
"00007/2026";"200331 - SECRETARIA NACIONAL DE SEGURANCA PUBLICA - SENASP";"90010/2025";"24/03/2026";"26/03/2026";"26/03/2027";"10.512.195/0001-02";"JP PHARMA IMPORTACAO E DISTRIBUICAO LTDA";"00007";"SISTEMA PARA COMPRESSÃO, TIPO TORNIQUETE NÃO PNEUMÁTICO, APLICAÇÃO MEMBRO SUPERIOR, MODELO MEIA DE MALHA TUBULAR, CARACTERÍSTICA ADICIONAIS PRESSÃO SISTÓLICA < 160 MMHG, TIPO FECHO TIRAS AJUSTÁVEIS, TIPO USO USO ÚNICO, ESTERILIDADE ESTÉRIL";"78234";"78234";"71,54";"5.596.860,36";"A presente Ata tem por objeto o registro de preços para a eventual aquisição de equipamentos de Atendimento Pré-Hospitalar (APH) e APH Tático, especificado no grupo 02 e itens 40 e 89 do Termo de Referência (31465512), anexo do edital de Licitação nº 10/2025, que é parte integrante desta Ata, assim como as propostas cujos preços tenham sido registrados, independentemente de transcrição."
"00007/2026";"200331 - SECRETARIA NACIONAL DE SEGURANCA PUBLICA - SENASP";"90010/2025";"24/03/2026";"26/03/2026";"26/03/2027";"10.512.195/0001-02";"JP PHARMA IMPORTACAO E DISTRIBUICAO LTDA";"00009";"LUVA PARA PROCEDIMENTO NÃO CIRÚRGICO ( VER NOVO PDM 30247 ), MATERIAL NITRILE, TAMANHO GRANDE, CARACTERÍSTICAS ADICIONAIS COM PÓ, COR COM COR, TIPO AMBIDESTRA, TIPO USO DESCARTÁVEL";"78234";"78234";"21,43";"1.676.554,62";"A presente Ata tem por objeto o registro de preços para a eventual aquisição de equipamentos de Atendimento Pré-Hospitalar (APH) e APH Tático, especificado no grupo 02 e itens 40 e 89 do Termo de Referência (31465512), anexo do edital de Licitação nº 10/2025, que é parte integrante desta Ata, assim como as propostas cujos preços tenham sido registrados, independentemente de transcrição."
"00007/2026";"200331 - SECRETARIA NACIONAL DE SEGURANCA PUBLICA - SENASP";"90010/2025";"24/03/2026";"26/03/2026";"26/03/2027";"10.512.195/0001-02";"JP PHARMA IMPORTACAO E DISTRIBUICAO LTDA";"00011";"COMPRESSA GAZE, MATERIAL 100% ALGODÃO, MODELO HEMOSTÁTICA, DOBRA EM Z, CARACTERÍSTICAS ADICIONAIS P/ ATENDIMENTO PRÉ HOSPITALAR APH, DIMENSÕES CERCA DE 7,5 CM X 3,5 M, CARACTERÍSTICAS ADICIONAIS* FIO RADIOPACO, ESTERILIDADE* ESTÉRIL, EMBALAGEM EMBALAGEM INDIVIDUAL";"78234";"78234";"506,77";"39.646.644,18";"A presente Ata tem por objeto o registro de preços para a eventual aquisição de equipamentos de Atendimento Pré-Hospitalar (APH) e APH Tático, especificado no grupo 02 e itens 40 e 89 do Termo de Referência (31465512), anexo do edital de Licitação nº 10/2025, que é parte integrante desta Ata, assim como as propostas cujos preços tenham sido registrados, independentemente de transcrição."
"00007/2026";"200331 - SECRETARIA NACIONAL DE SEGURANCA PUBLICA - SENASP";"90010/2025";"24/03/2026";"26/03/2026";"26/03/2027";"10.512.195/0001-02";"JP PHARMA IMPORTACAO E DISTRIBUICAO LTDA";"00013";"TUBO SUPRAGLÓTICO, TIPO CÂNULA NASOFARÍNGEA, MATERIAL* PVC FLEXÍVEL, TAMANHO* 8,0 MM, ESTERILIDADE* ESTÉRIL, USO ÚNICO";"78234";"78234";"77,47";"6.060.787,98";"A presente Ata tem por objeto o registro de preços para a eventual aquisição de equipamentos de Atendimento Pré-Hospitalar (APH) e APH Tático, especificado no grupo 02 e itens 40 e 89 do Termo de Referência (31465512), anexo do edital de Licitação nº 10/2025, que é parte integrante desta Ata, assim como as propostas cujos preços tenham sido registrados, independentemente de transcrição."
"00007/2026";"200331 - SECRETARIA NACIONAL DE SEGURANCA PUBLICA - SENASP";"90010/2025";"24/03/2026";"26/03/2026";"26/03/2027";"10.512.195/0001-02";"JP PHARMA IMPORTACAO E DISTRIBUICAO LTDA";"00015";"MANTA TÉRMICA P/ PACIENTE, TIPO DE AQUECIMENTO ISOLANTE TÉRMICO, MATERIAL PELÍCULA DE POLÍMERO ALUMINIZADO, TAMANHO ADULTO, APLICAçãO P/ CORPO INTEIRO, ESTERILIDADE USO ÚNICO, APRESENTAçãO EMBALAGEM INDIVIDUAL";"78234";"78234";"5,80";"453.757,20";"A presente Ata tem por objeto o registro de preços para a eventual aquisição de equipamentos de Atendimento Pré-Hospitalar (APH) e APH Tático, especificado no grupo 02 e itens 40 e 89 do Termo de Referência (31465512), anexo do edital de Licitação nº 10/2025, que é parte integrante desta Ata, assim como as propostas cujos preços tenham sido registrados, independentemente de transcrição."
"00007/2026";"200331 - SECRETARIA NACIONAL DE SEGURANCA PUBLICA - SENASP";"90010/2025";"24/03/2026";"26/03/2026";"26/03/2027";"10.512.195/0001-02";"JP PHARMA IMPORTACAO E DISTRIBUICAO LTDA";"00089";"BOLSA TÉRMICA USO EM SAÚDE, APLICAÇÃO* P/ CALOR, MATERIAL* BORRACHA NATURAL, MODELO REDONDA, CAPACIDADE* CERCA 750 ML, COMPONENTES C/ TAMPA ROSQUEÁVEL";"13993";"13993";"11,49";"160.779,57";"A presente Ata tem por objeto o registro de preços para a eventual aquisição de equipamentos de Atendimento Pré-Hospitalar (APH) e APH Tático, especificado no grupo 02 e itens 40 e 89 do Termo de Referência (31465512), anexo do edital de Licitação nº 10/2025, que é parte integrante desta Ata, assim como as propostas cujos preços tenham sido registrados, independentemente de transcrição."
"00009/2025";"200331 - SECRETARIA NACIONAL DE SEGURANCA PUBLICA - SENASP";"90052/2024";"21/03/2025";"24/03/2025";"24/03/2027";"63.067.904/0005-88";"LIFE TECHNOLOGIES BRASIL COMERCIO E INDUSTRIA DE PRODUTOS PARA BIOTECNOLOGIA LTD";"00004";"CONJUNTO PARA ANÁLISE, COMPOSIÇÃO BÁSICA AMPLIFICAÇÃO DNA AUTOSSÔMICO E CROMOSSOMO Y, METODOLOGIA APLICADA PCR TEMPO REAL, APRESENTAÇÃO TESTE, APLICAÇÃO PARA QUANTIFICAÇÃO DE DNA HUMANO TOTAL, COMPONENTES MISTURA PARA REAÇÃO, PRIMERS, DNA CONTROLE";"99200";"99200";"7,31";"725.152,00";"Eventual aquisição de insumos para a coleta de material biológico de condenados, conforme preconiza a Lei de Execução Penal, além de insumos para a quantificação e amplificação de STRs de amostras dos Laboratórios de Genética Forense das Unidades da Federação da Rede Integrada de Bancos de Perfis Genéticos (RIBPG), especificado(s) no(s) item(ns) 4 do Termo de Referência, anexo do Edital do Pregão Eletrônico nº 90052 /2024"
"00007/2025";"200331 - SECRETARIA NACIONAL DE SEGURANCA PUBLICA - SENASP";"90052/2024";"21/03/2025";"24/03/2025";"24/03/2027";"01.334.250/0003-92";"QIAGEN BIOTECNOLOGIA BRASIL LTDA.";"00001";"CARTÃO P/ COLETA USO MÉDICO, TIPO PARA COLETA DE AMOSTRAS BIOLÓGICAS, APRESENTAÇÃO EM MATRIZ TRATADA PARA PRESERVAÇÃO DE DNA, CAPACIDADE 4 CÍRCULOS";"69720";"69720";"71,00";"4.950.120,00";"Em se tratando de compra estruturada no âmbito do programa ComprasSusp, o processo de contratação ocorreu de maneira centralizada pela Secretaria Nacional de Segurança Pública. Retifica-se a marcação da compra como centralizada no módulo gestão de ata do Contratos.govbr."
"00007/2025";"200331 - SECRETARIA NACIONAL DE SEGURANCA PUBLICA - SENASP";"90052/2024";"21/03/2025";"24/03/2025";"24/03/2027";"10.512.195/0001-02";"JP PHARMA IMPORTACAO E DISTRIBUICAO LTDA";"00006";"TESOURA INSTRUMENTAL, MODELO 1 PADRÃO, TIPO PONTA PONTA RETA, CARACTERÍSTICA PONTA ROMBA FINA, HASTE HASTE RETA, COMPRIMENTO TOTAL CERCA DE 20 CM, MATERIAL AÇO INOXIDÁVEL, ESTERILIDADE ESTERILIZÁVEL";"78234";"78234";"35,47";"2.774.959,98";"Em se tratando de compra estruturada no âmbito do programa ComprasSusp, o processo de contratação ocorreu de maneira centralizada pela Secretaria Nacional de Segurança Pública. Retifica-se a marcação da compra como centralizada no módulo gestão de ata do Contratos.govbr."
"00007/2025";"200331 - SECRETARIA NACIONAL DE SEGURANCA PUBLICA - SENASP";"90052/2024";"21/03/2025";"24/03/2025";"24/03/2027";"10.512.195/0001-02";"JP PHARMA IMPORTACAO E DISTRIBUICAO LTDA";"00008";"SISTEMA PARA COMPRESSÃO, TIPO TORNIQUETE NÃO PNEUMÁTICO, APLICAÇÃO MEMBRO SUPERIOR, MODELO MEIA DE MALHA TUBULAR, CARACTERÍSTICA ADICIONAIS PRESSÃO SISTÓLICA < 160 MMHG, TIPO FECHO TIRAS AJUSTÁVEIS, TIPO USO USO ÚNICO, ESTERILIDADE ESTÉRIL";"78234";"78234";"305,42";"23.894.228,28";"Em se tratando de compra estruturada no âmbito do programa ComprasSusp, o processo de contratação ocorreu de maneira centralizada pela Secretaria Nacional de Segurança Pública. Retifica-se a marcação da compra como centralizada no módulo gestão de ata do Contratos.govbr."
"00007/2025";"200331 - SECRETARIA NACIONAL DE SEGURANCA PUBLICA - SENASP";"90052/2024";"21/03/2025";"24/03/2025";"24/03/2027";"10.512.195/0001-02";"JP PHARMA IMPORTACAO E DISTRIBUICAO LTDA";"00010";"PINCEL MARCADOR PERMANENTE CD, MATERIAL PLÁSTICO, TIPO PONTA POLIÉSTER, COR TINTA PRETA, CARACTERÍSTICAS ADICIONAIS PONTA MÁXIMO DE 1 MM";"78234";"78234";"1,73";"135.344,82";"Em se tratando de compra estruturada no âmbito do programa ComprasSusp, o processo de contratação ocorreu de maneira centralizada pela Secretaria Nacional de Segurança Pública. Retifica-se a marcação da compra como centralizada no módulo gestão de ata do Contratos.govbr."
"00007/2025";"200331 - SECRETARIA NACIONAL DE SEGURANCA PUBLICA - SENASP";"90052/2024";"21/03/2025";"24/03/2025";"24/03/2027";"10.512.195/0001-02";"JP PHARMA IMPORTACAO E DISTRIBUICAO LTDA";"00012";"BANDAGEM, TIPO ELÁSTICA, MATERIAL MALHA DE TECIDO SINTÉTICO E ALGODÃO, COMPONENTE C/ ADESIVO DE LÁTEX NATURAL, DIMENSÃO CERCA DE 10 CM X 5 M, COR C/ COR, EMBALAGEM EMBALAGEM INDIVIDUAL EM ROLO, TIPO USO USO ÚNICO";"78234";"78234";"92,95";"7.271.850,30";"Em se tratando de compra estruturada no âmbito do programa ComprasSusp, o processo de contratação ocorreu de maneira centralizada pela Secretaria Nacional de Segurança Pública. Retifica-se a marcação da compra como centralizada no módulo gestão de ata do Contratos.govbr."
"00007/2025";"200331 - SECRETARIA NACIONAL DE SEGURANCA PUBLICA - SENASP";"90052/2024";"21/03/2025";"24/03/2025";"24/03/2027";"10.512.195/0001-02";"JP PHARMA IMPORTACAO E DISTRIBUICAO LTDA";"00014";"CURATIVO CUTÂNEO, MODELO P/ ATENDIMENTO PRÉ HOSPITALAR APH, SELO DE TÓRAX, COMPONENTE 1 VALVULADO, COMPONENTE 2 BASE ADESIVA, DIMENSÃO CERCA DE 15 X 15 CM, APRESENTAÇÃO EMBALAGEM INDIVIDUAL, ESTERILIDADE ESTÉRIL";"78234";"78234";"293,84";"22.988.278,56";"Em se tratando de compra estruturada no âmbito do programa ComprasSusp, o processo de contratação ocorreu de maneira centralizada pela Secretaria Nacional de Segurança Pública. Retifica-se a marcação da compra como centralizada no módulo gestão de ata do Contratos.govbr."
"00007/2025";"200331 - SECRETARIA NACIONAL DE SEGURANCA PUBLICA - SENASP";"90052/2024";"21/03/2025";"24/03/2025";"24/03/2027";"10.512.195/0001-02";"JP PHARMA IMPORTACAO E DISTRIBUICAO LTDA";"00040";"COMPRESSA GAZE, MATERIAL 100% ALGODÃO, MODELO HEMOSTÁTICA, DOBRA EM Z, CARACTERÍSTICAS ADICIONAIS P/ ATENDIMENTO PRÉ HOSPITALAR APH, DIMENSÕES CERCA DE 7,5 CM X 3,5 M, CARACTERÍSTICAS ADICIONAIS* FIO RADIOPACO, ESTERILIDADE* ESTÉRIL, EMBALAGEM EMBALAGEM INDIVIDUAL";"41018";"41018";"506,77";"20.786.691,86";"Em se tratando de compra estruturada no âmbito do programa ComprasSusp, o processo de contratação ocorreu de maneira centralizada pela Secretaria Nacional de Segurança Pública. Retifica-se a marcação da compra como centralizada no módulo gestão de ata do Contratos.govbr."
"00007/2025";"200331 - SECRETARIA NACIONAL DE SEGURANCA PUBLICA - SENASP";"90052/2024";"21/03/2025";"24/03/2025";"24/03/2027";"10.512.195/0001-02";"JP PHARMA IMPORTACAO E DISTRIBUICAO LTDA";"00005";"ACESSÓRIO EQUIPAMENTO SEGURANÇA, TIPO BOLSO MODULAR, MATERIAL NYLON, APLICAÇÃO FIXAÇÃO DE ACESSÓRIOS EM CAPAS DE COLETE TÁTICOS, CARACTERÍSTICAS ADICIONAIS CONFORME MODELO DO ÓRGÃO";"78234";"78234";"155,61";"12.173.992,74";"Em se tratando de compra estruturada no âmbito do programa ComprasSusp, o processo de contratação ocorreu de maneira centralizada pela Secretaria Nacional de Segurança Pública. Retifica-se a marcação da compra como centralizada no módulo gestão de ata do Contratos.govbr."
"00007/2025";"200331 - SECRETARIA NACIONAL DE SEGURANCA PUBLICA - SENASP";"90052/2024";"21/03/2025";"24/03/2025";"24/03/2027";"10.512.195/0001-02";"JP PHARMA IMPORTACAO E DISTRIBUICAO LTDA";"00007";"SISTEMA PARA COMPRESSÃO, TIPO TORNIQUETE NÃO PNEUMÁTICO, APLICAÇÃO MEMBRO SUPERIOR, MODELO MEIA DE MALHA TUBULAR, CARACTERÍSTICA ADICIONAIS PRESSÃO SISTÓLICA < 160 MMHG, TIPO FECHO TIRAS AJUSTÁVEIS, TIPO USO USO ÚNICO, ESTERILIDADE ESTÉRIL";"78234";"78234";"71,54";"5.596.860,36";"Em se tratando de compra estruturada no âmbito do programa ComprasSusp, o processo de contratação ocorreu de maneira centralizada pela Secretaria Nacional de Segurança Pública. Retifica-se a marcação da compra como centralizada no módulo gestão de ata do Contratos.govbr."
"00007/2025";"200331 - SECRETARIA NACIONAL DE SEGURANCA PUBLICA - SENASP";"90052/2024";"21/03/2025";"24/03/2025";"24/03/2027";"10.512.195/0001-02";"JP PHARMA IMPORTACAO E DISTRIBUICAO LTDA";"00009";"LUVA PARA PROCEDIMENTO NÃO CIRÚRGICO ( VER NOVO PDM 30247 ), MATERIAL NITRILE, TAMANHO GRANDE, CARACTERÍSTICAS ADICIONAIS COM PÓ, COR COM COR, TIPO AMBIDESTRA, TIPO USO DESCARTÁVEL";"78234";"78234";"21,43";"1.676.554,62";"Em se tratando de compra estruturada no âmbito do programa ComprasSusp, o processo de contratação ocorreu de maneira centralizada pela Secretaria Nacional de Segurança Pública. Retifica-se a marcação da compra como centralizada no módulo gestão de ata do Contratos.govbr."
"00007/2025";"200331 - SECRETARIA NACIONAL DE SEGURANCA PUBLICA - SENASP";"90052/2024";"21/03/2025";"24/03/2025";"24/03/2027";"10.512.195/0001-02";"JP PHARMA IMPORTACAO E DISTRIBUICAO LTDA";"00011";"COMPRESSA GAZE, MATERIAL 100% ALGODÃO, MODELO HEMOSTÁTICA, DOBRA EM Z, CARACTERÍSTICAS ADICIONAIS P/ ATENDIMENTO PRÉ HOSPITALAR APH, DIMENSÕES CERCA DE 7,5 CM X 3,5 M, CARACTERÍSTICAS ADICIONAIS* FIO RADIOPACO, ESTERILIDADE* ESTÉRIL, EMBALAGEM EMBALAGEM INDIVIDUAL";"78234";"78234";"506,77";"39.646.644,18";"Em se tratando de compra estruturada no âmbito do programa ComprasSusp, o processo de contratação ocorreu de maneira centralizada pela Secretaria Nacional de Segurança Pública. Retifica-se a marcação da compra como centralizada no módulo gestão de ata do Contratos.govbr."
"00007/2025";"200331 - SECRETARIA NACIONAL DE SEGURANCA PUBLICA - SENASP";"90052/2024";"21/03/2025";"24/03/2025";"24/03/2027";"10.512.195/0001-02";"JP PHARMA IMPORTACAO E DISTRIBUICAO LTDA";"00013";"TUBO SUPRAGLÓTICO, TIPO CÂNULA NASOFARÍNGEA, MATERIAL* PVC FLEXÍVEL, TAMANHO* 8,0 MM, ESTERILIDADE* ESTÉRIL, USO ÚNICO";"78234";"78234";"77,47";"6.060.787,98";"Em se tratando de compra estruturada no âmbito do programa ComprasSusp, o processo de contratação ocorreu de maneira centralizada pela Secretaria Nacional de Segurança Pública. Retifica-se a marcação da compra como centralizada no módulo gestão de ata do Contratos.govbr."
"00007/2025";"200331 - SECRETARIA NACIONAL DE SEGURANCA PUBLICA - SENASP";"90052/2024";"21/03/2025";"24/03/2025";"24/03/2027";"10.512.195/0001-02";"JP PHARMA IMPORTACAO E DISTRIBUICAO LTDA";"00015";"MANTA TÉRMICA P/ PACIENTE, TIPO DE AQUECIMENTO ISOLANTE TÉRMICO, MATERIAL PELÍCULA DE POLÍMERO ALUMINIZADO, TAMANHO ADULTO, APLICAçãO P/ CORPO INTEIRO, ESTERILIDADE USO ÚNICO, APRESENTAçãO EMBALAGEM INDIVIDUAL";"78234";"78234";"5,80";"453.757,20";"Em se tratando de compra estruturada no âmbito do programa ComprasSusp, o processo de contratação ocorreu de maneira centralizada pela Secretaria Nacional de Segurança Pública. Retifica-se a marcação da compra como centralizada no módulo gestão de ata do Contratos.govbr."
"00007/2025";"200331 - SECRETARIA NACIONAL DE SEGURANCA PUBLICA - SENASP";"90052/2024";"21/03/2025";"24/03/2025";"24/03/2027";"10.512.195/0001-02";"JP PHARMA IMPORTACAO E DISTRIBUICAO LTDA";"00089";"BOLSA TÉRMICA USO EM SAÚDE, APLICAÇÃO* P/ CALOR, MATERIAL* BORRACHA NATURAL, MODELO REDONDA, CAPACIDADE* CERCA 750 ML, COMPONENTES C/ TAMPA ROSQUEÁVEL";"13993";"13993";"11,49";"160.779,57";"Em se tratando de compra estruturada no âmbito do programa ComprasSusp, o processo de contratação ocorreu de maneira centralizada pela Secretaria Nacional de Segurança Pública. Retifica-se a marcação da compra como centralizada no módulo gestão de ata do Contratos.govbr."
"00008/2025";"200331 - SECRETARIA NACIONAL DE SEGURANCA PUBLICA - SENASP";"90052/2024";"11/03/2025";"20/03/2025";"20/03/2027";"11.909.227/0001-70";"PROMEGA BIOTECNOLOGIA DO BRASIL LTDA.";"00002";"CONJUNTO PARA ANÁLISE, COMPOSIÇÃO BÁSICA AMPLIFICAÇÃO 24 STR, AMELOGENINA E DELEÇÃO Y, METODOLOGIA APLICADA PCR, APRESENTAÇÃO TESTE, APLICAÇÃO PARA IDENTIFICAÇÃO HUMANA, COMPONENTES MISTURA PARA REAÇÃO, PRIMERS, DNA CONTROLE, CARACTERÍSTICAS ADICIONAIS ESCADA ALÉLICA";"39600";"39600";"19,00";"752.400,00";"eventual aquisição de insumos para a coleta de material biológico de  condenados, conforme preconiza a Lei de Execução Penal, além de insumos  para a quanficação e amplificação de STRs de amostras dos Laboratórios de  Genéca Forense das Unidades da Federação da Rede Integrada de Bancos de  Perfis Genécos (RIBPG), especificado(s) no(s) item(ns) 2 e 3 do Termo de  Referência, anexo do Edital do Pregão Eletrônico nº 90052 /2024"
"00008/2025";"200331 - SECRETARIA NACIONAL DE SEGURANCA PUBLICA - SENASP";"90052/2024";"11/03/2025";"20/03/2025";"20/03/2027";"11.909.227/0001-70";"PROMEGA BIOTECNOLOGIA DO BRASIL LTDA.";"00003";"CONJUNTO PARA ANÁLISE, COMPOSIÇÃO BÁSICA AMPLIFICAÇÃO 23 STR DO CROMOSSOMO Y, METODOLOGIA APLICADA PCR, APRESENTAÇÃO TESTE, APLICAÇÃO PARA IDENTIFICAÇÃO HUMANA, COMPONENTES MISTURA PARA REAÇÃO, DNA CONTROLE, PRIMER CONTROL E, CARACTERÍSTICAS ADICIONAIS ESCADA ALÉLICA";"116200";"116200";"14,00";"1.626.800,00";"eventual aquisição de insumos para a coleta de material biológico de  condenados, conforme preconiza a Lei de Execução Penal, além de insumos  para a quanficação e amplificação de STRs de amostras dos Laboratórios de  Genéca Forense das Unidades da Federação da Rede Integrada de Bancos de  Perfis Genécos (RIBPG), especificado(s) no(s) item(ns) 2 e 3 do Termo de  Referência, anexo do Edital do Pregão Eletrônico nº 90052 /2024"
"00008/2025";"200331 - SECRETARIA NACIONAL DE SEGURANCA PUBLICA - SENASP";"90052/2024";"11/03/2025";"20/03/2025";"20/03/2027";"06.105.362/0001-23";"ACCUMED PRODUTOS MEDICO HOSPITALARES LTDA";"00034";"LANCETA, MATERIAL LÂMINA AÇO INOXIDÁVEL,PONTA AFIADA,TRIFACETADA, USO DESCARTÁVEL, CARACTERÍSTICAS ADICIONAIS ESTÉRIL, EMBALAGEM INDIVIDUAL";"59811";"59811";"3,66";"218.908,26";"eventual aquisição de insumos para a coleta de material biológico de  condenados, conforme preconiza a Lei de Execução Penal, além de insumos  para a quanficação e amplificação de STRs de amostras dos Laboratórios de  Genéca Forense das Unidades da Federação da Rede Integrada de Bancos de  Perfis Genécos (RIBPG), especificado(s) no(s) item(ns) 2 e 3 do Termo de  Referência, anexo do Edital do Pregão Eletrônico nº 90052 /2024"
"00006/2026";"200331 - SECRETARIA NACIONAL DE SEGURANCA PUBLICA - SENASP";"90010/2025";"17/03/2026";"18/03/2026";"18/03/2027";"15.690.857/0002-39";"APURA COMERCIO DE SOFTWARES E ASSESSORIA EM TECNOLOGIA DA INFORMACAO S.A.";"00001";"Contratação de Solução para Investigação em Dark Web  com atualização e suport e por no mínimo 36 meses.";"19";"19";"310.902,90";"5.907.155,07";"A presente Ata tem por objeto o registro de preços para a eventual aquisição de equipamentos de Atendimento Pré-Hospitalar (APH) e APH Tático, especificado no item 04 do Termo de Referência (31465512), anexo do edital de Licitação nº 10/2025, que é parte integrante desta Ata, assim como as propostas cujos preços tenham sido registrados, independentemente de transcrição."
"00006/2026";"200331 - SECRETARIA NACIONAL DE SEGURANCA PUBLICA - SENASP";"90010/2025";"17/03/2026";"18/03/2026";"18/03/2027";"08.299.803/0001-09";"BEM ESTAR HOSPITALAR COMERCIO DE EQUIPAMENTOS HOSPITALAR E MATERIAIS PARA SAUDE ";"00004";"ESTETOSCÓPIO USO EM SAÚDE, TIPO BIAURICULAR, ACESSÓRIOS OLIVAS ANATÔMICAS SILICONE, HASTE HASTE AÇO INOX, TUBO TUBO ""Y"" PVC, AUSCULTADOR AUSCULTADOR DUPLO AÇO INOX C/ ANEL DE BORRACHA, TAMANHO ADULTO";"1895";"1895";"19,63";"37.198,85";"A presente Ata tem por objeto o registro de preços para a eventual aquisição de equipamentos de Atendimento Pré-Hospitalar (APH) e APH Tático, especificado no item 04 do Termo de Referência (31465512), anexo do edital de Licitação nº 10/2025, que é parte integrante desta Ata, assim como as propostas cujos preços tenham sido registrados, independentemente de transcrição."
"00023/2026";"200331 - SECRETARIA NACIONAL DE SEGURANCA PUBLICA";"1576/2025";"26/02/2026";"16/03/2026";"16/03/2027";"00.850.974/0002-45";"ARCADE TECNOLOGIA LTDA";"00076";"Instalação e Montagem / Desmontagem - Remanejamento com TraNSPORTE DE MAQUINAS  / EQUIPAMENTOS";"62";"62";"4.965,83";"307.881,46";"Contratação de serviços contínuos de manutenção preventiva e corretiva dos equipamentos ""3500 Series Genetic Analyser for HID, 3500XL Genetic Analyser for HID, Veriti Pro Thermal Cycler 96-well, QuantStudio 5 real-Time PCR systems 96-well 0,2ml, 7500 Real-0me PCR System, Card Processing Automation 200 - CPA200, Automate Nucleic Acid Extraction System, Proflex PCR System, RapidHTID"""
"00023/2026";"200331 - SECRETARIA NACIONAL DE SEGURANCA PUBLICA";"1576/2025";"26/02/2026";"16/03/2026";"16/03/2027";"00.850.974/0002-45";"ARCADE TECNOLOGIA LTDA";"00038";"Instalação e Montagem / Desmontagem - Remanejamento com TraNSPORTE DE MAQUINAS  / EQUIPAMENTOS";"19";"19";"5.687,28";"108.058,32";"Contratação de serviços contínuos de manutenção preventiva e corretiva dos equipamentos ""3500 Series Genetic Analyser for HID, 3500XL Genetic Analyser for HID, Veriti Pro Thermal Cycler 96-well, QuantStudio 5 real-Time PCR systems 96-well 0,2ml, 7500 Real-0me PCR System, Card Processing Automation 200 - CPA200, Automate Nucleic Acid Extraction System, Proflex PCR System, RapidHTID"""
"00023/2026";"200331 - SECRETARIA NACIONAL DE SEGURANCA PUBLICA";"1576/2025";"26/02/2026";"16/03/2026";"16/03/2027";"00.612.163/0001-25";"BOOTMINAS CALCADOS LTDA";"00016";"BOTA SEGURANÇA, MATERIAL COURO HIDROFUGADO CURTIDO AO CROMO, MATERIAL SOLA POLIURETANO (PU) BI-DENSIDADE, TAMANHO 40, TIPO USO PROTEÇÃO, CARACTERÍSTICAS ADICIONAIS CADARÇO/BIQUEIRA/PALMILHA TIPO STROBEL, APLICAÇÃO USO GERAL";"4300";"4300";"126,80";"545.240,00";"Contratação de serviços contínuos de manutenção preventiva e corretiva dos equipamentos ""3500 Series Genetic Analyser for HID, 3500XL Genetic Analyser for HID, Veriti Pro Thermal Cycler 96-well, QuantStudio 5 real-Time PCR systems 96-well 0,2ml, 7500 Real-0me PCR System, Card Processing Automation 200 - CPA200, Automate Nucleic Acid Extraction System, Proflex PCR System, RapidHTID"""
"00023/2026";"200331 - SECRETARIA NACIONAL DE SEGURANCA PUBLICA";"1576/2025";"26/02/2026";"16/03/2026";"16/03/2027";"63.067.904/0002-35";"LIFE TECHNOLOGIES BRASIL COMERCIO E INDUSTRIA DE PRODUTOS PARA BIOTECNOLOGIA LTD";"00001";"Manutenção e Reparo em Equipamento - Uso Médico - Manutenção e Reparo em Equipamento - Uso Médico";"96";"96";"5.040,09";"483.848,64";"Contratação de serviços contínuos de manutenção preventiva e corretiva dos equipamentos ""3500 Series Genetic Analyser for HID, 3500XL Genetic Analyser for HID, Veriti Pro Thermal Cycler 96-well, QuantStudio 5 real-Time PCR systems 96-well 0,2ml, 7500 Real-0me PCR System, Card Processing Automation 200 - CPA200, Automate Nucleic Acid Extraction System, Proflex PCR System, RapidHTID"""
"00023/2026";"200331 - SECRETARIA NACIONAL DE SEGURANCA PUBLICA";"1576/2025";"26/02/2026";"16/03/2026";"16/03/2027";"63.067.904/0002-35";"LIFE TECHNOLOGIES BRASIL COMERCIO E INDUSTRIA DE PRODUTOS PARA BIOTECNOLOGIA LTD";"00002";"Manutenção e Reparo em Equipamento - Uso Médico - Manutenção e Reparo em Equipamento - Uso Médico";"168";"168";"8.791,08";"1.476.901,44";"Contratação de serviços contínuos de manutenção preventiva e corretiva dos equipamentos ""3500 Series Genetic Analyser for HID, 3500XL Genetic Analyser for HID, Veriti Pro Thermal Cycler 96-well, QuantStudio 5 real-Time PCR systems 96-well 0,2ml, 7500 Real-0me PCR System, Card Processing Automation 200 - CPA200, Automate Nucleic Acid Extraction System, Proflex PCR System, RapidHTID"""
"00023/2026";"200331 - SECRETARIA NACIONAL DE SEGURANCA PUBLICA";"1576/2025";"26/02/2026";"16/03/2026";"16/03/2027";"63.067.904/0002-35";"LIFE TECHNOLOGIES BRASIL COMERCIO E INDUSTRIA DE PRODUTOS PARA BIOTECNOLOGIA LTD";"00003";"Manutenção e Reparo em Equipamento - Uso Médico - Manutenção e Reparo em Equipamento - Uso Médico";"240";"240";"8.359,67";"2.006.320,80";"Contratação de serviços contínuos de manutenção preventiva e corretiva dos equipamentos ""3500 Series Genetic Analyser for HID, 3500XL Genetic Analyser for HID, Veriti Pro Thermal Cycler 96-well, QuantStudio 5 real-Time PCR systems 96-well 0,2ml, 7500 Real-0me PCR System, Card Processing Automation 200 - CPA200, Automate Nucleic Acid Extraction System, Proflex PCR System, RapidHTID"""
"00023/2026";"200331 - SECRETARIA NACIONAL DE SEGURANCA PUBLICA";"1576/2025";"26/02/2026";"16/03/2026";"16/03/2027";"63.067.904/0002-35";"LIFE TECHNOLOGIES BRASIL COMERCIO E INDUSTRIA DE PRODUTOS PARA BIOTECNOLOGIA LTD";"00004";"Manutenção e Reparo em Equipamento - Uso Médico - Manutenção e Reparo em Equipamento - Uso Médico";"48";"48";"8.330,91";"399.883,68";"Contratação de serviços contínuos de manutenção preventiva e corretiva dos equipamentos ""3500 Series Genetic Analyser for HID, 3500XL Genetic Analyser for HID, Veriti Pro Thermal Cycler 96-well, QuantStudio 5 real-Time PCR systems 96-well 0,2ml, 7500 Real-0me PCR System, Card Processing Automation 200 - CPA200, Automate Nucleic Acid Extraction System, Proflex PCR System, RapidHTID"""
"00023/2026";"200331 - SECRETARIA NACIONAL DE SEGURANCA PUBLICA";"1576/2025";"26/02/2026";"16/03/2026";"16/03/2027";"63.067.904/0002-35";"LIFE TECHNOLOGIES BRASIL COMERCIO E INDUSTRIA DE PRODUTOS PARA BIOTECNOLOGIA LTD";"00005";"Manutenção e Reparo em Equipamento - Uso Médico - Manutenção e Reparo em Equipamento - Uso Médico";"168";"168";"8.481,87";"1.424.954,16";"Contratação de serviços contínuos de manutenção preventiva e corretiva dos equipamentos ""3500 Series Genetic Analyser for HID, 3500XL Genetic Analyser for HID, Veriti Pro Thermal Cycler 96-well, QuantStudio 5 real-Time PCR systems 96-well 0,2ml, 7500 Real-0me PCR System, Card Processing Automation 200 - CPA200, Automate Nucleic Acid Extraction System, Proflex PCR System, RapidHTID"""
"00023/2026";"200331 - SECRETARIA NACIONAL DE SEGURANCA PUBLICA";"1576/2025";"26/02/2026";"16/03/2026";"16/03/2027";"63.067.904/0002-35";"LIFE TECHNOLOGIES BRASIL COMERCIO E INDUSTRIA DE PRODUTOS PARA BIOTECNOLOGIA LTD";"00006";"Manutenção e Reparo em Equipamento - Uso Médico - Manutenção e Reparo em Equipamento - Uso Médico";"72";"72";"8.632,91";"621.569,52";"Contratação de serviços contínuos de manutenção preventiva e corretiva dos equipamentos ""3500 Series Genetic Analyser for HID, 3500XL Genetic Analyser for HID, Veriti Pro Thermal Cycler 96-well, QuantStudio 5 real-Time PCR systems 96-well 0,2ml, 7500 Real-0me PCR System, Card Processing Automation 200 - CPA200, Automate Nucleic Acid Extraction System, Proflex PCR System, RapidHTID"""
"00023/2026";"200331 - SECRETARIA NACIONAL DE SEGURANCA PUBLICA";"1576/2025";"26/02/2026";"16/03/2026";"16/03/2027";"63.067.904/0002-35";"LIFE TECHNOLOGIES BRASIL COMERCIO E INDUSTRIA DE PRODUTOS PARA BIOTECNOLOGIA LTD";"00007";"Manutenção e Reparo em Equipamento - Uso Médico - Manutenção e Reparo em Equipamento - Uso Médico";"336";"336";"8.179,94";"2.748.459,84";"Contratação de serviços contínuos de manutenção preventiva e corretiva dos equipamentos ""3500 Series Genetic Analyser for HID, 3500XL Genetic Analyser for HID, Veriti Pro Thermal Cycler 96-well, QuantStudio 5 real-Time PCR systems 96-well 0,2ml, 7500 Real-0me PCR System, Card Processing Automation 200 - CPA200, Automate Nucleic Acid Extraction System, Proflex PCR System, RapidHTID"""
"00023/2026";"200331 - SECRETARIA NACIONAL DE SEGURANCA PUBLICA";"1576/2025";"26/02/2026";"16/03/2026";"16/03/2027";"63.067.904/0002-35";"LIFE TECHNOLOGIES BRASIL COMERCIO E INDUSTRIA DE PRODUTOS PARA BIOTECNOLOGIA LTD";"00008";"Manutenção e Reparo em Equipamento - Uso Médico - Manutenção e Reparo em Equipamento - Uso Médico";"24";"24";"13.370,62";"320.894,88";"Contratação de serviços contínuos de manutenção preventiva e corretiva dos equipamentos ""3500 Series Genetic Analyser for HID, 3500XL Genetic Analyser for HID, Veriti Pro Thermal Cycler 96-well, QuantStudio 5 real-Time PCR systems 96-well 0,2ml, 7500 Real-0me PCR System, Card Processing Automation 200 - CPA200, Automate Nucleic Acid Extraction System, Proflex PCR System, RapidHTID"""
"00023/2026";"200331 - SECRETARIA NACIONAL DE SEGURANCA PUBLICA";"1576/2025";"26/02/2026";"16/03/2026";"16/03/2027";"63.067.904/0002-35";"LIFE TECHNOLOGIES BRASIL COMERCIO E INDUSTRIA DE PRODUTOS PARA BIOTECNOLOGIA LTD";"00009";"Manutenção e Reparo em Equipamento - Uso Médico - Manutenção e Reparo em Equipamento - Uso Médico";"168";"168";"2.122,80";"356.630,40";"Contratação de serviços contínuos de manutenção preventiva e corretiva dos equipamentos ""3500 Series Genetic Analyser for HID, 3500XL Genetic Analyser for HID, Veriti Pro Thermal Cycler 96-well, QuantStudio 5 real-Time PCR systems 96-well 0,2ml, 7500 Real-0me PCR System, Card Processing Automation 200 - CPA200, Automate Nucleic Acid Extraction System, Proflex PCR System, RapidHTID"""
"00023/2026";"200331 - SECRETARIA NACIONAL DE SEGURANCA PUBLICA";"1576/2025";"26/02/2026";"16/03/2026";"16/03/2027";"63.067.904/0002-35";"LIFE TECHNOLOGIES BRASIL COMERCIO E INDUSTRIA DE PRODUTOS PARA BIOTECNOLOGIA LTD";"00010";"Manutenção e Reparo em Equipamento - Uso Médico - Manutenção e Reparo em Equipamento - Uso Médico";"456";"456";"1.691,40";"771.278,40";"Contratação de serviços contínuos de manutenção preventiva e corretiva dos equipamentos ""3500 Series Genetic Analyser for HID, 3500XL Genetic Analyser for HID, Veriti Pro Thermal Cycler 96-well, QuantStudio 5 real-Time PCR systems 96-well 0,2ml, 7500 Real-0me PCR System, Card Processing Automation 200 - CPA200, Automate Nucleic Acid Extraction System, Proflex PCR System, RapidHTID"""
"00023/2026";"200331 - SECRETARIA NACIONAL DE SEGURANCA PUBLICA";"1576/2025";"26/02/2026";"16/03/2026";"16/03/2027";"63.067.904/0002-35";"LIFE TECHNOLOGIES BRASIL COMERCIO E INDUSTRIA DE PRODUTOS PARA BIOTECNOLOGIA LTD";"00011";"Manutenção e Reparo em Equipamento - Uso Médico - Manutenção e Reparo em Equipamento - Uso Médico";"48";"48";"1.633,47";"78.406,56";"Contratação de serviços contínuos de manutenção preventiva e corretiva dos equipamentos ""3500 Series Genetic Analyser for HID, 3500XL Genetic Analyser for HID, Veriti Pro Thermal Cycler 96-well, QuantStudio 5 real-Time PCR systems 96-well 0,2ml, 7500 Real-0me PCR System, Card Processing Automation 200 - CPA200, Automate Nucleic Acid Extraction System, Proflex PCR System, RapidHTID"""
"00023/2026";"200331 - SECRETARIA NACIONAL DE SEGURANCA PUBLICA";"1576/2025";"26/02/2026";"16/03/2026";"16/03/2027";"63.067.904/0002-35";"LIFE TECHNOLOGIES BRASIL COMERCIO E INDUSTRIA DE PRODUTOS PARA BIOTECNOLOGIA LTD";"00012";"Manutenção e Reparo em Equipamento - Uso Médico - Manutenção e Reparo em Equipamento - Uso Médico";"144";"144";"1.813,60";"261.158,40";"Contratação de serviços contínuos de manutenção preventiva e corretiva dos equipamentos ""3500 Series Genetic Analyser for HID, 3500XL Genetic Analyser for HID, Veriti Pro Thermal Cycler 96-well, QuantStudio 5 real-Time PCR systems 96-well 0,2ml, 7500 Real-0me PCR System, Card Processing Automation 200 - CPA200, Automate Nucleic Acid Extraction System, Proflex PCR System, RapidHTID"""
"00023/2026";"200331 - SECRETARIA NACIONAL DE SEGURANCA PUBLICA";"1576/2025";"26/02/2026";"16/03/2026";"16/03/2027";"63.067.904/0002-35";"LIFE TECHNOLOGIES BRASIL COMERCIO E INDUSTRIA DE PRODUTOS PARA BIOTECNOLOGIA LTD";"00013";"Manutenção e Reparo em Equipamento - Uso Médico - Manutenção e Reparo em Equipamento - Uso Médico";"264";"264";"1.964,63";"518.662,32";"Contratação de serviços contínuos de manutenção preventiva e corretiva dos equipamentos ""3500 Series Genetic Analyser for HID, 3500XL Genetic Analyser for HID, Veriti Pro Thermal Cycler 96-well, QuantStudio 5 real-Time PCR systems 96-well 0,2ml, 7500 Real-0me PCR System, Card Processing Automation 200 - CPA200, Automate Nucleic Acid Extraction System, Proflex PCR System, RapidHTID"""
"00023/2026";"200331 - SECRETARIA NACIONAL DE SEGURANCA PUBLICA";"1576/2025";"26/02/2026";"16/03/2026";"16/03/2027";"63.067.904/0002-35";"LIFE TECHNOLOGIES BRASIL COMERCIO E INDUSTRIA DE PRODUTOS PARA BIOTECNOLOGIA LTD";"00014";"Manutenção e Reparo em Equipamento - Uso Médico - Manutenção e Reparo em Equipamento - Uso Médico";"48";"48";"3.325,27";"159.612,96";"Contratação de serviços contínuos de manutenção preventiva e corretiva dos equipamentos ""3500 Series Genetic Analyser for HID, 3500XL Genetic Analyser for HID, Veriti Pro Thermal Cycler 96-well, QuantStudio 5 real-Time PCR systems 96-well 0,2ml, 7500 Real-0me PCR System, Card Processing Automation 200 - CPA200, Automate Nucleic Acid Extraction System, Proflex PCR System, RapidHTID"""
"00023/2026";"200331 - SECRETARIA NACIONAL DE SEGURANCA PUBLICA";"1576/2025";"26/02/2026";"16/03/2026";"16/03/2027";"63.067.904/0002-35";"LIFE TECHNOLOGIES BRASIL COMERCIO E INDUSTRIA DE PRODUTOS PARA BIOTECNOLOGIA LTD";"00015";"Manutenção e Reparo em Equipamento - Uso Médico - Manutenção e Reparo em Equipamento - Uso Médico";"456";"456";"1.511,66";"689.316,96";"Contratação de serviços contínuos de manutenção preventiva e corretiva dos equipamentos ""3500 Series Genetic Analyser for HID, 3500XL Genetic Analyser for HID, Veriti Pro Thermal Cycler 96-well, QuantStudio 5 real-Time PCR systems 96-well 0,2ml, 7500 Real-0me PCR System, Card Processing Automation 200 - CPA200, Automate Nucleic Acid Extraction System, Proflex PCR System, RapidHTID"""
"00023/2026";"200331 - SECRETARIA NACIONAL DE SEGURANCA PUBLICA";"1576/2025";"26/02/2026";"16/03/2026";"16/03/2027";"63.067.904/0002-35";"LIFE TECHNOLOGIES BRASIL COMERCIO E INDUSTRIA DE PRODUTOS PARA BIOTECNOLOGIA LTD";"00016";"Manutenção e Reparo em Equipamento - Uso Médico - Manutenção e Reparo em Equipamento - Uso Médico";"264";"264";"4.590,41";"1.211.868,24";"Contratação de serviços contínuos de manutenção preventiva e corretiva dos equipamentos ""3500 Series Genetic Analyser for HID, 3500XL Genetic Analyser for HID, Veriti Pro Thermal Cycler 96-well, QuantStudio 5 real-Time PCR systems 96-well 0,2ml, 7500 Real-0me PCR System, Card Processing Automation 200 - CPA200, Automate Nucleic Acid Extraction System, Proflex PCR System, RapidHTID"""
"00023/2026";"200331 - SECRETARIA NACIONAL DE SEGURANCA PUBLICA";"1576/2025";"26/02/2026";"16/03/2026";"16/03/2027";"63.067.904/0002-35";"LIFE TECHNOLOGIES BRASIL COMERCIO E INDUSTRIA DE PRODUTOS PARA BIOTECNOLOGIA LTD";"00017";"Manutenção e Reparo em Equipamento - Uso Médico - Manutenção e Reparo em Equipamento - Uso Médico";"96";"96";"4.716,25";"452.760,00";"Contratação de serviços contínuos de manutenção preventiva e corretiva dos equipamentos ""3500 Series Genetic Analyser for HID, 3500XL Genetic Analyser for HID, Veriti Pro Thermal Cycler 96-well, QuantStudio 5 real-Time PCR systems 96-well 0,2ml, 7500 Real-0me PCR System, Card Processing Automation 200 - CPA200, Automate Nucleic Acid Extraction System, Proflex PCR System, RapidHTID"""
"00023/2026";"200331 - SECRETARIA NACIONAL DE SEGURANCA PUBLICA";"1576/2025";"26/02/2026";"16/03/2026";"16/03/2027";"63.067.904/0002-35";"LIFE TECHNOLOGIES BRASIL COMERCIO E INDUSTRIA DE PRODUTOS PARA BIOTECNOLOGIA LTD";"00018";"Manutenção e Reparo em Equipamento - Uso Médico - Manutenção e Reparo em Equipamento - Uso Médico";"120";"120";"4.712,62";"565.514,40";"Contratação de serviços contínuos de manutenção preventiva e corretiva dos equipamentos ""3500 Series Genetic Analyser for HID, 3500XL Genetic Analyser for HID, Veriti Pro Thermal Cycler 96-well, QuantStudio 5 real-Time PCR systems 96-well 0,2ml, 7500 Real-0me PCR System, Card Processing Automation 200 - CPA200, Automate Nucleic Acid Extraction System, Proflex PCR System, RapidHTID"""
"00023/2026";"200331 - SECRETARIA NACIONAL DE SEGURANCA PUBLICA";"1576/2025";"26/02/2026";"16/03/2026";"16/03/2027";"63.067.904/0002-35";"LIFE TECHNOLOGIES BRASIL COMERCIO E INDUSTRIA DE PRODUTOS PARA BIOTECNOLOGIA LTD";"00019";"Manutenção e Reparo em Equipamento - Uso Médico - Manutenção e Reparo em Equipamento - Uso Médico";"96";"96";"4.863,65";"466.910,40";"Contratação de serviços contínuos de manutenção preventiva e corretiva dos equipamentos ""3500 Series Genetic Analyser for HID, 3500XL Genetic Analyser for HID, Veriti Pro Thermal Cycler 96-well, QuantStudio 5 real-Time PCR systems 96-well 0,2ml, 7500 Real-0me PCR System, Card Processing Automation 200 - CPA200, Automate Nucleic Acid Extraction System, Proflex PCR System, RapidHTID"""
"00023/2026";"200331 - SECRETARIA NACIONAL DE SEGURANCA PUBLICA";"1576/2025";"26/02/2026";"16/03/2026";"16/03/2027";"63.067.904/0002-35";"LIFE TECHNOLOGIES BRASIL COMERCIO E INDUSTRIA DE PRODUTOS PARA BIOTECNOLOGIA LTD";"00020";"Manutenção e Reparo em Equipamento - Uso Médico - Manutenção e Reparo em Equipamento - Uso Médico";"192";"192";"4.410,68";"846.850,56";"Contratação de serviços contínuos de manutenção preventiva e corretiva dos equipamentos ""3500 Series Genetic Analyser for HID, 3500XL Genetic Analyser for HID, Veriti Pro Thermal Cycler 96-well, QuantStudio 5 real-Time PCR systems 96-well 0,2ml, 7500 Real-0me PCR System, Card Processing Automation 200 - CPA200, Automate Nucleic Acid Extraction System, Proflex PCR System, RapidHTID"""
"00023/2026";"200331 - SECRETARIA NACIONAL DE SEGURANCA PUBLICA";"1576/2025";"26/02/2026";"16/03/2026";"16/03/2027";"63.067.904/0002-35";"LIFE TECHNOLOGIES BRASIL COMERCIO E INDUSTRIA DE PRODUTOS PARA BIOTECNOLOGIA LTD";"00021";"Manutenção e Reparo em Equipamento - Uso Médico - Manutenção e Reparo em Equipamento - Uso Médico";"24";"24";"6.034,40";"144.825,60";"Contratação de serviços contínuos de manutenção preventiva e corretiva dos equipamentos ""3500 Series Genetic Analyser for HID, 3500XL Genetic Analyser for HID, Veriti Pro Thermal Cycler 96-well, QuantStudio 5 real-Time PCR systems 96-well 0,2ml, 7500 Real-0me PCR System, Card Processing Automation 200 - CPA200, Automate Nucleic Acid Extraction System, Proflex PCR System, RapidHTID"""
"00023/2026";"200331 - SECRETARIA NACIONAL DE SEGURANCA PUBLICA";"1576/2025";"26/02/2026";"16/03/2026";"16/03/2027";"63.067.904/0002-35";"LIFE TECHNOLOGIES BRASIL COMERCIO E INDUSTRIA DE PRODUTOS PARA BIOTECNOLOGIA LTD";"00022";"Manutenção e Reparo em Equipamento - Uso Médico - Manutenção e Reparo em Equipamento - Uso Médico";"24";"24";"5.725,24";"137.405,76";"Contratação de serviços contínuos de manutenção preventiva e corretiva dos equipamentos ""3500 Series Genetic Analyser for HID, 3500XL Genetic Analyser for HID, Veriti Pro Thermal Cycler 96-well, QuantStudio 5 real-Time PCR systems 96-well 0,2ml, 7500 Real-0me PCR System, Card Processing Automation 200 - CPA200, Automate Nucleic Acid Extraction System, Proflex PCR System, RapidHTID"""
"00023/2026";"200331 - SECRETARIA NACIONAL DE SEGURANCA PUBLICA";"1576/2025";"26/02/2026";"16/03/2026";"16/03/2027";"63.067.904/0002-35";"LIFE TECHNOLOGIES BRASIL COMERCIO E INDUSTRIA DE PRODUTOS PARA BIOTECNOLOGIA LTD";"00023";"Manutenção e Reparo em Equipamento - Uso Médico - Manutenção e Reparo em Equipamento - Uso Médico";"48";"48";"5.876,23";"282.059,04";"Contratação de serviços contínuos de manutenção preventiva e corretiva dos equipamentos ""3500 Series Genetic Analyser for HID, 3500XL Genetic Analyser for HID, Veriti Pro Thermal Cycler 96-well, QuantStudio 5 real-Time PCR systems 96-well 0,2ml, 7500 Real-0me PCR System, Card Processing Automation 200 - CPA200, Automate Nucleic Acid Extraction System, Proflex PCR System, RapidHTID"""
"00023/2026";"200331 - SECRETARIA NACIONAL DE SEGURANCA PUBLICA";"1576/2025";"26/02/2026";"16/03/2026";"16/03/2027";"63.067.904/0002-35";"LIFE TECHNOLOGIES BRASIL COMERCIO E INDUSTRIA DE PRODUTOS PARA BIOTECNOLOGIA LTD";"00024";"Manutenção e Reparo em Equipamento - Uso Médico - Manutenção e Reparo em Equipamento - Uso Médico";"24";"24";"5.603,00";"134.472,00";"Contratação de serviços contínuos de manutenção preventiva e corretiva dos equipamentos ""3500 Series Genetic Analyser for HID, 3500XL Genetic Analyser for HID, Veriti Pro Thermal Cycler 96-well, QuantStudio 5 real-Time PCR systems 96-well 0,2ml, 7500 Real-0me PCR System, Card Processing Automation 200 - CPA200, Automate Nucleic Acid Extraction System, Proflex PCR System, RapidHTID"""
"00023/2026";"200331 - SECRETARIA NACIONAL DE SEGURANCA PUBLICA";"1576/2025";"26/02/2026";"16/03/2026";"16/03/2027";"63.067.904/0002-35";"LIFE TECHNOLOGIES BRASIL COMERCIO E INDUSTRIA DE PRODUTOS PARA BIOTECNOLOGIA LTD";"00025";"Manutenção e Reparo em Equipamento - Uso Médico - Manutenção e Reparo em Equipamento - Uso Médico";"72";"72";"5.423,27";"390.475,44";"Contratação de serviços contínuos de manutenção preventiva e corretiva dos equipamentos ""3500 Series Genetic Analyser for HID, 3500XL Genetic Analyser for HID, Veriti Pro Thermal Cycler 96-well, QuantStudio 5 real-Time PCR systems 96-well 0,2ml, 7500 Real-0me PCR System, Card Processing Automation 200 - CPA200, Automate Nucleic Acid Extraction System, Proflex PCR System, RapidHTID"""
"00023/2026";"200331 - SECRETARIA NACIONAL DE SEGURANCA PUBLICA";"1576/2025";"26/02/2026";"16/03/2026";"16/03/2027";"63.067.904/0002-35";"LIFE TECHNOLOGIES BRASIL COMERCIO E INDUSTRIA DE PRODUTOS PARA BIOTECNOLOGIA LTD";"00026";"Manutenção e Reparo em Equipamento - Uso Médico - Manutenção e Reparo em Equipamento - Uso Médico";"120";"120";"11.224,65";"1.346.958,00";"Contratação de serviços contínuos de manutenção preventiva e corretiva dos equipamentos ""3500 Series Genetic Analyser for HID, 3500XL Genetic Analyser for HID, Veriti Pro Thermal Cycler 96-well, QuantStudio 5 real-Time PCR systems 96-well 0,2ml, 7500 Real-0me PCR System, Card Processing Automation 200 - CPA200, Automate Nucleic Acid Extraction System, Proflex PCR System, RapidHTID"""
"00023/2026";"200331 - SECRETARIA NACIONAL DE SEGURANCA PUBLICA";"1576/2025";"26/02/2026";"16/03/2026";"16/03/2027";"63.067.904/0002-35";"LIFE TECHNOLOGIES BRASIL COMERCIO E INDUSTRIA DE PRODUTOS PARA BIOTECNOLOGIA LTD";"00027";"Manutenção e Reparo em Equipamento - Uso Médico - Manutenção e Reparo em Equipamento - Uso Médico";"192";"192";"10.793,24";"2.072.302,08";"Contratação de serviços contínuos de manutenção preventiva e corretiva dos equipamentos ""3500 Series Genetic Analyser for HID, 3500XL Genetic Analyser for HID, Veriti Pro Thermal Cycler 96-well, QuantStudio 5 real-Time PCR systems 96-well 0,2ml, 7500 Real-0me PCR System, Card Processing Automation 200 - CPA200, Automate Nucleic Acid Extraction System, Proflex PCR System, RapidHTID"""
"00023/2026";"200331 - SECRETARIA NACIONAL DE SEGURANCA PUBLICA";"1576/2025";"26/02/2026";"16/03/2026";"16/03/2027";"63.067.904/0002-35";"LIFE TECHNOLOGIES BRASIL COMERCIO E INDUSTRIA DE PRODUTOS PARA BIOTECNOLOGIA LTD";"00028";"Manutenção e Reparo em Equipamento - Uso Médico - Manutenção e Reparo em Equipamento - Uso Médico";"96";"96";"10.915,44";"1.047.882,24";"Contratação de serviços contínuos de manutenção preventiva e corretiva dos equipamentos ""3500 Series Genetic Analyser for HID, 3500XL Genetic Analyser for HID, Veriti Pro Thermal Cycler 96-well, QuantStudio 5 real-Time PCR systems 96-well 0,2ml, 7500 Real-0me PCR System, Card Processing Automation 200 - CPA200, Automate Nucleic Acid Extraction System, Proflex PCR System, RapidHTID"""
"00023/2026";"200331 - SECRETARIA NACIONAL DE SEGURANCA PUBLICA";"1576/2025";"26/02/2026";"16/03/2026";"16/03/2027";"63.067.904/0002-35";"LIFE TECHNOLOGIES BRASIL COMERCIO E INDUSTRIA DE PRODUTOS PARA BIOTECNOLOGIA LTD";"00029";"Manutenção e Reparo em Equipamento - Uso Médico - Manutenção e Reparo em Equipamento - Uso Médico";"72";"72";"11.066,47";"796.785,84";"Contratação de serviços contínuos de manutenção preventiva e corretiva dos equipamentos ""3500 Series Genetic Analyser for HID, 3500XL Genetic Analyser for HID, Veriti Pro Thermal Cycler 96-well, QuantStudio 5 real-Time PCR systems 96-well 0,2ml, 7500 Real-0me PCR System, Card Processing Automation 200 - CPA200, Automate Nucleic Acid Extraction System, Proflex PCR System, RapidHTID"""
"00023/2026";"200331 - SECRETARIA NACIONAL DE SEGURANCA PUBLICA";"1576/2025";"26/02/2026";"16/03/2026";"16/03/2027";"63.067.904/0002-35";"LIFE TECHNOLOGIES BRASIL COMERCIO E INDUSTRIA DE PRODUTOS PARA BIOTECNOLOGIA LTD";"00030";"Manutenção e Reparo em Equipamento - Uso Médico - Manutenção e Reparo em Equipamento - Uso Médico";"144";"144";"10.613,50";"1.528.344,00";"Contratação de serviços contínuos de manutenção preventiva e corretiva dos equipamentos ""3500 Series Genetic Analyser for HID, 3500XL Genetic Analyser for HID, Veriti Pro Thermal Cycler 96-well, QuantStudio 5 real-Time PCR systems 96-well 0,2ml, 7500 Real-0me PCR System, Card Processing Automation 200 - CPA200, Automate Nucleic Acid Extraction System, Proflex PCR System, RapidHTID"""
"00023/2026";"200331 - SECRETARIA NACIONAL DE SEGURANCA PUBLICA";"1576/2025";"26/02/2026";"16/03/2026";"16/03/2027";"63.067.904/0002-35";"LIFE TECHNOLOGIES BRASIL COMERCIO E INDUSTRIA DE PRODUTOS PARA BIOTECNOLOGIA LTD";"00031";"Manutenção e Reparo em Equipamento - Uso Médico - Manutenção e Reparo em Equipamento - Uso Médico";"24";"24";"1.449,52";"34.788,48";"Contratação de serviços contínuos de manutenção preventiva e corretiva dos equipamentos ""3500 Series Genetic Analyser for HID, 3500XL Genetic Analyser for HID, Veriti Pro Thermal Cycler 96-well, QuantStudio 5 real-Time PCR systems 96-well 0,2ml, 7500 Real-0me PCR System, Card Processing Automation 200 - CPA200, Automate Nucleic Acid Extraction System, Proflex PCR System, RapidHTID"""
"00023/2026";"200331 - SECRETARIA NACIONAL DE SEGURANCA PUBLICA";"1576/2025";"26/02/2026";"16/03/2026";"16/03/2027";"63.067.904/0002-35";"LIFE TECHNOLOGIES BRASIL COMERCIO E INDUSTRIA DE PRODUTOS PARA BIOTECNOLOGIA LTD";"00032";"Manutenção e Reparo em Equipamento - Uso Médico - Manutenção e Reparo em Equipamento - Uso Médico";"72";"72";"10.707,80";"770.961,60";"Contratação de serviços contínuos de manutenção preventiva e corretiva dos equipamentos ""3500 Series Genetic Analyser for HID, 3500XL Genetic Analyser for HID, Veriti Pro Thermal Cycler 96-well, QuantStudio 5 real-Time PCR systems 96-well 0,2ml, 7500 Real-0me PCR System, Card Processing Automation 200 - CPA200, Automate Nucleic Acid Extraction System, Proflex PCR System, RapidHTID"""
"00023/2026";"200331 - SECRETARIA NACIONAL DE SEGURANCA PUBLICA";"1576/2025";"26/02/2026";"16/03/2026";"16/03/2027";"63.067.904/0002-35";"LIFE TECHNOLOGIES BRASIL COMERCIO E INDUSTRIA DE PRODUTOS PARA BIOTECNOLOGIA LTD";"00033";"Manutenção e Reparo em Equipamento - Uso Médico - Manutenção e Reparo em Equipamento - Uso Médico";"24";"24";"11.160,76";"267.858,24";"Contratação de serviços contínuos de manutenção preventiva e corretiva dos equipamentos ""3500 Series Genetic Analyser for HID, 3500XL Genetic Analyser for HID, Veriti Pro Thermal Cycler 96-well, QuantStudio 5 real-Time PCR systems 96-well 0,2ml, 7500 Real-0me PCR System, Card Processing Automation 200 - CPA200, Automate Nucleic Acid Extraction System, Proflex PCR System, RapidHTID"""
"00023/2026";"200331 - SECRETARIA NACIONAL DE SEGURANCA PUBLICA";"1576/2025";"26/02/2026";"16/03/2026";"16/03/2027";"63.067.904/0002-35";"LIFE TECHNOLOGIES BRASIL COMERCIO E INDUSTRIA DE PRODUTOS PARA BIOTECNOLOGIA LTD";"00001";"Manutenção e Reparo em Equipamento - Uso Médico - Manutenção e Reparo em Equipamento - Uso Médico";"96";"96";"5.040,09";"483.848,64";"Contratação de serviços contínuos de manutenção preventiva e corretiva dos equipamentos ""3500 Series Genetic Analyser for HID, 3500XL Genetic Analyser for HID, Veriti Pro Thermal Cycler 96-well, QuantStudio 5 real-Time PCR systems 96-well 0,2ml, 7500 Real-0me PCR System, Card Processing Automation 200 - CPA200, Automate Nucleic Acid Extraction System, Proflex PCR System, RapidHTID"""
"00023/2026";"200331 - SECRETARIA NACIONAL DE SEGURANCA PUBLICA";"1576/2025";"26/02/2026";"16/03/2026";"16/03/2027";"63.067.904/0002-35";"LIFE TECHNOLOGIES BRASIL COMERCIO E INDUSTRIA DE PRODUTOS PARA BIOTECNOLOGIA LTD";"00002";"Manutenção e Reparo em Equipamento - Uso Médico - Manutenção e Reparo em Equipamento - Uso Médico";"168";"168";"8.791,08";"1.476.901,44";"Contratação de serviços contínuos de manutenção preventiva e corretiva dos equipamentos ""3500 Series Genetic Analyser for HID, 3500XL Genetic Analyser for HID, Veriti Pro Thermal Cycler 96-well, QuantStudio 5 real-Time PCR systems 96-well 0,2ml, 7500 Real-0me PCR System, Card Processing Automation 200 - CPA200, Automate Nucleic Acid Extraction System, Proflex PCR System, RapidHTID"""
"00023/2026";"200331 - SECRETARIA NACIONAL DE SEGURANCA PUBLICA";"1576/2025";"26/02/2026";"16/03/2026";"16/03/2027";"63.067.904/0002-35";"LIFE TECHNOLOGIES BRASIL COMERCIO E INDUSTRIA DE PRODUTOS PARA BIOTECNOLOGIA LTD";"00003";"Manutenção e Reparo em Equipamento - Uso Médico - Manutenção e Reparo em Equipamento - Uso Médico";"240";"240";"8.359,67";"2.006.320,80";"Contratação de serviços contínuos de manutenção preventiva e corretiva dos equipamentos ""3500 Series Genetic Analyser for HID, 3500XL Genetic Analyser for HID, Veriti Pro Thermal Cycler 96-well, QuantStudio 5 real-Time PCR systems 96-well 0,2ml, 7500 Real-0me PCR System, Card Processing Automation 200 - CPA200, Automate Nucleic Acid Extraction System, Proflex PCR System, RapidHTID"""
"00023/2026";"200331 - SECRETARIA NACIONAL DE SEGURANCA PUBLICA";"1576/2025";"26/02/2026";"16/03/2026";"16/03/2027";"63.067.904/0002-35";"LIFE TECHNOLOGIES BRASIL COMERCIO E INDUSTRIA DE PRODUTOS PARA BIOTECNOLOGIA LTD";"00004";"Manutenção e Reparo em Equipamento - Uso Médico - Manutenção e Reparo em Equipamento - Uso Médico";"48";"48";"8.330,91";"399.883,68";"Contratação de serviços contínuos de manutenção preventiva e corretiva dos equipamentos ""3500 Series Genetic Analyser for HID, 3500XL Genetic Analyser for HID, Veriti Pro Thermal Cycler 96-well, QuantStudio 5 real-Time PCR systems 96-well 0,2ml, 7500 Real-0me PCR System, Card Processing Automation 200 - CPA200, Automate Nucleic Acid Extraction System, Proflex PCR System, RapidHTID"""
"00023/2026";"200331 - SECRETARIA NACIONAL DE SEGURANCA PUBLICA";"1576/2025";"26/02/2026";"16/03/2026";"16/03/2027";"63.067.904/0002-35";"LIFE TECHNOLOGIES BRASIL COMERCIO E INDUSTRIA DE PRODUTOS PARA BIOTECNOLOGIA LTD";"00005";"Manutenção e Reparo em Equipamento - Uso Médico - Manutenção e Reparo em Equipamento - Uso Médico";"168";"168";"8.481,87";"1.424.954,16";"Contratação de serviços contínuos de manutenção preventiva e corretiva dos equipamentos ""3500 Series Genetic Analyser for HID, 3500XL Genetic Analyser for HID, Veriti Pro Thermal Cycler 96-well, QuantStudio 5 real-Time PCR systems 96-well 0,2ml, 7500 Real-0me PCR System, Card Processing Automation 200 - CPA200, Automate Nucleic Acid Extraction System, Proflex PCR System, RapidHTID"""
"00023/2026";"200331 - SECRETARIA NACIONAL DE SEGURANCA PUBLICA";"1576/2025";"26/02/2026";"16/03/2026";"16/03/2027";"63.067.904/0002-35";"LIFE TECHNOLOGIES BRASIL COMERCIO E INDUSTRIA DE PRODUTOS PARA BIOTECNOLOGIA LTD";"00006";"Manutenção e Reparo em Equipamento - Uso Médico - Manutenção e Reparo em Equipamento - Uso Médico";"72";"72";"8.632,91";"621.569,52";"Contratação de serviços contínuos de manutenção preventiva e corretiva dos equipamentos ""3500 Series Genetic Analyser for HID, 3500XL Genetic Analyser for HID, Veriti Pro Thermal Cycler 96-well, QuantStudio 5 real-Time PCR systems 96-well 0,2ml, 7500 Real-0me PCR System, Card Processing Automation 200 - CPA200, Automate Nucleic Acid Extraction System, Proflex PCR System, RapidHTID"""
"00023/2026";"200331 - SECRETARIA NACIONAL DE SEGURANCA PUBLICA";"1576/2025";"26/02/2026";"16/03/2026";"16/03/2027";"63.067.904/0002-35";"LIFE TECHNOLOGIES BRASIL COMERCIO E INDUSTRIA DE PRODUTOS PARA BIOTECNOLOGIA LTD";"00007";"Manutenção e Reparo em Equipamento - Uso Médico - Manutenção e Reparo em Equipamento - Uso Médico";"336";"336";"8.179,94";"2.748.459,84";"Contratação de serviços contínuos de manutenção preventiva e corretiva dos equipamentos ""3500 Series Genetic Analyser for HID, 3500XL Genetic Analyser for HID, Veriti Pro Thermal Cycler 96-well, QuantStudio 5 real-Time PCR systems 96-well 0,2ml, 7500 Real-0me PCR System, Card Processing Automation 200 - CPA200, Automate Nucleic Acid Extraction System, Proflex PCR System, RapidHTID"""
"00023/2026";"200331 - SECRETARIA NACIONAL DE SEGURANCA PUBLICA";"1576/2025";"26/02/2026";"16/03/2026";"16/03/2027";"63.067.904/0002-35";"LIFE TECHNOLOGIES BRASIL COMERCIO E INDUSTRIA DE PRODUTOS PARA BIOTECNOLOGIA LTD";"00008";"Manutenção e Reparo em Equipamento - Uso Médico - Manutenção e Reparo em Equipamento - Uso Médico";"24";"24";"13.370,62";"320.894,88";"Contratação de serviços contínuos de manutenção preventiva e corretiva dos equipamentos ""3500 Series Genetic Analyser for HID, 3500XL Genetic Analyser for HID, Veriti Pro Thermal Cycler 96-well, QuantStudio 5 real-Time PCR systems 96-well 0,2ml, 7500 Real-0me PCR System, Card Processing Automation 200 - CPA200, Automate Nucleic Acid Extraction System, Proflex PCR System, RapidHTID"""
"00023/2026";"200331 - SECRETARIA NACIONAL DE SEGURANCA PUBLICA";"1576/2025";"26/02/2026";"16/03/2026";"16/03/2027";"63.067.904/0002-35";"LIFE TECHNOLOGIES BRASIL COMERCIO E INDUSTRIA DE PRODUTOS PARA BIOTECNOLOGIA LTD";"00009";"Manutenção e Reparo em Equipamento - Uso Médico - Manutenção e Reparo em Equipamento - Uso Médico";"168";"168";"2.122,80";"356.630,40";"Contratação de serviços contínuos de manutenção preventiva e corretiva dos equipamentos ""3500 Series Genetic Analyser for HID, 3500XL Genetic Analyser for HID, Veriti Pro Thermal Cycler 96-well, QuantStudio 5 real-Time PCR systems 96-well 0,2ml, 7500 Real-0me PCR System, Card Processing Automation 200 - CPA200, Automate Nucleic Acid Extraction System, Proflex PCR System, RapidHTID"""
"00023/2026";"200331 - SECRETARIA NACIONAL DE SEGURANCA PUBLICA";"1576/2025";"26/02/2026";"16/03/2026";"16/03/2027";"63.067.904/0002-35";"LIFE TECHNOLOGIES BRASIL COMERCIO E INDUSTRIA DE PRODUTOS PARA BIOTECNOLOGIA LTD";"00010";"Manutenção e Reparo em Equipamento - Uso Médico - Manutenção e Reparo em Equipamento - Uso Médico";"456";"456";"1.691,40";"771.278,40";"Contratação de serviços contínuos de manutenção preventiva e corretiva dos equipamentos ""3500 Series Genetic Analyser for HID, 3500XL Genetic Analyser for HID, Veriti Pro Thermal Cycler 96-well, QuantStudio 5 real-Time PCR systems 96-well 0,2ml, 7500 Real-0me PCR System, Card Processing Automation 200 - CPA200, Automate Nucleic Acid Extraction System, Proflex PCR System, RapidHTID"""
"00023/2026";"200331 - SECRETARIA NACIONAL DE SEGURANCA PUBLICA";"1576/2025";"26/02/2026";"16/03/2026";"16/03/2027";"63.067.904/0002-35";"LIFE TECHNOLOGIES BRASIL COMERCIO E INDUSTRIA DE PRODUTOS PARA BIOTECNOLOGIA LTD";"00011";"Manutenção e Reparo em Equipamento - Uso Médico - Manutenção e Reparo em Equipamento - Uso Médico";"48";"48";"1.633,47";"78.406,56";"Contratação de serviços contínuos de manutenção preventiva e corretiva dos equipamentos ""3500 Series Genetic Analyser for HID, 3500XL Genetic Analyser for HID, Veriti Pro Thermal Cycler 96-well, QuantStudio 5 real-Time PCR systems 96-well 0,2ml, 7500 Real-0me PCR System, Card Processing Automation 200 - CPA200, Automate Nucleic Acid Extraction System, Proflex PCR System, RapidHTID"""
"00023/2026";"200331 - SECRETARIA NACIONAL DE SEGURANCA PUBLICA";"1576/2025";"26/02/2026";"16/03/2026";"16/03/2027";"63.067.904/0002-35";"LIFE TECHNOLOGIES BRASIL COMERCIO E INDUSTRIA DE PRODUTOS PARA BIOTECNOLOGIA LTD";"00012";"Manutenção e Reparo em Equipamento - Uso Médico - Manutenção e Reparo em Equipamento - Uso Médico";"144";"144";"1.813,60";"261.158,40";"Contratação de serviços contínuos de manutenção preventiva e corretiva dos equipamentos ""3500 Series Genetic Analyser for HID, 3500XL Genetic Analyser for HID, Veriti Pro Thermal Cycler 96-well, QuantStudio 5 real-Time PCR systems 96-well 0,2ml, 7500 Real-0me PCR System, Card Processing Automation 200 - CPA200, Automate Nucleic Acid Extraction System, Proflex PCR System, RapidHTID"""
"00023/2026";"200331 - SECRETARIA NACIONAL DE SEGURANCA PUBLICA";"1576/2025";"26/02/2026";"16/03/2026";"16/03/2027";"63.067.904/0002-35";"LIFE TECHNOLOGIES BRASIL COMERCIO E INDUSTRIA DE PRODUTOS PARA BIOTECNOLOGIA LTD";"00013";"Manutenção e Reparo em Equipamento - Uso Médico - Manutenção e Reparo em Equipamento - Uso Médico";"264";"264";"1.964,63";"518.662,32";"Contratação de serviços contínuos de manutenção preventiva e corretiva dos equipamentos ""3500 Series Genetic Analyser for HID, 3500XL Genetic Analyser for HID, Veriti Pro Thermal Cycler 96-well, QuantStudio 5 real-Time PCR systems 96-well 0,2ml, 7500 Real-0me PCR System, Card Processing Automation 200 - CPA200, Automate Nucleic Acid Extraction System, Proflex PCR System, RapidHTID"""
"00023/2026";"200331 - SECRETARIA NACIONAL DE SEGURANCA PUBLICA";"1576/2025";"26/02/2026";"16/03/2026";"16/03/2027";"63.067.904/0002-35";"LIFE TECHNOLOGIES BRASIL COMERCIO E INDUSTRIA DE PRODUTOS PARA BIOTECNOLOGIA LTD";"00014";"Manutenção e Reparo em Equipamento - Uso Médico - Manutenção e Reparo em Equipamento - Uso Médico";"48";"48";"3.325,27";"159.612,96";"Contratação de serviços contínuos de manutenção preventiva e corretiva dos equipamentos ""3500 Series Genetic Analyser for HID, 3500XL Genetic Analyser for HID, Veriti Pro Thermal Cycler 96-well, QuantStudio 5 real-Time PCR systems 96-well 0,2ml, 7500 Real-0me PCR System, Card Processing Automation 200 - CPA200, Automate Nucleic Acid Extraction System, Proflex PCR System, RapidHTID"""
"00023/2026";"200331 - SECRETARIA NACIONAL DE SEGURANCA PUBLICA";"1576/2025";"26/02/2026";"16/03/2026";"16/03/2027";"63.067.904/0002-35";"LIFE TECHNOLOGIES BRASIL COMERCIO E INDUSTRIA DE PRODUTOS PARA BIOTECNOLOGIA LTD";"00015";"Manutenção e Reparo em Equipamento - Uso Médico - Manutenção e Reparo em Equipamento - Uso Médico";"456";"456";"1.511,66";"689.316,96";"Contratação de serviços contínuos de manutenção preventiva e corretiva dos equipamentos ""3500 Series Genetic Analyser for HID, 3500XL Genetic Analyser for HID, Veriti Pro Thermal Cycler 96-well, QuantStudio 5 real-Time PCR systems 96-well 0,2ml, 7500 Real-0me PCR System, Card Processing Automation 200 - CPA200, Automate Nucleic Acid Extraction System, Proflex PCR System, RapidHTID"""
"00023/2026";"200331 - SECRETARIA NACIONAL DE SEGURANCA PUBLICA";"1576/2025";"26/02/2026";"16/03/2026";"16/03/2027";"63.067.904/0002-35";"LIFE TECHNOLOGIES BRASIL COMERCIO E INDUSTRIA DE PRODUTOS PARA BIOTECNOLOGIA LTD";"00016";"Manutenção e Reparo em Equipamento - Uso Médico - Manutenção e Reparo em Equipamento - Uso Médico";"264";"264";"4.590,41";"1.211.868,24";"Contratação de serviços contínuos de manutenção preventiva e corretiva dos equipamentos ""3500 Series Genetic Analyser for HID, 3500XL Genetic Analyser for HID, Veriti Pro Thermal Cycler 96-well, QuantStudio 5 real-Time PCR systems 96-well 0,2ml, 7500 Real-0me PCR System, Card Processing Automation 200 - CPA200, Automate Nucleic Acid Extraction System, Proflex PCR System, RapidHTID"""
"00023/2026";"200331 - SECRETARIA NACIONAL DE SEGURANCA PUBLICA";"1576/2025";"26/02/2026";"16/03/2026";"16/03/2027";"63.067.904/0002-35";"LIFE TECHNOLOGIES BRASIL COMERCIO E INDUSTRIA DE PRODUTOS PARA BIOTECNOLOGIA LTD";"00017";"Manutenção e Reparo em Equipamento - Uso Médico - Manutenção e Reparo em Equipamento - Uso Médico";"96";"96";"4.716,25";"452.760,00";"Contratação de serviços contínuos de manutenção preventiva e corretiva dos equipamentos ""3500 Series Genetic Analyser for HID, 3500XL Genetic Analyser for HID, Veriti Pro Thermal Cycler 96-well, QuantStudio 5 real-Time PCR systems 96-well 0,2ml, 7500 Real-0me PCR System, Card Processing Automation 200 - CPA200, Automate Nucleic Acid Extraction System, Proflex PCR System, RapidHTID"""
"00023/2026";"200331 - SECRETARIA NACIONAL DE SEGURANCA PUBLICA";"1576/2025";"26/02/2026";"16/03/2026";"16/03/2027";"63.067.904/0002-35";"LIFE TECHNOLOGIES BRASIL COMERCIO E INDUSTRIA DE PRODUTOS PARA BIOTECNOLOGIA LTD";"00018";"Manutenção e Reparo em Equipamento - Uso Médico - Manutenção e Reparo em Equipamento - Uso Médico";"120";"120";"4.712,62";"565.514,40";"Contratação de serviços contínuos de manutenção preventiva e corretiva dos equipamentos ""3500 Series Genetic Analyser for HID, 3500XL Genetic Analyser for HID, Veriti Pro Thermal Cycler 96-well, QuantStudio 5 real-Time PCR systems 96-well 0,2ml, 7500 Real-0me PCR System, Card Processing Automation 200 - CPA200, Automate Nucleic Acid Extraction System, Proflex PCR System, RapidHTID"""
"00023/2026";"200331 - SECRETARIA NACIONAL DE SEGURANCA PUBLICA";"1576/2025";"26/02/2026";"16/03/2026";"16/03/2027";"63.067.904/0002-35";"LIFE TECHNOLOGIES BRASIL COMERCIO E INDUSTRIA DE PRODUTOS PARA BIOTECNOLOGIA LTD";"00019";"Manutenção e Reparo em Equipamento - Uso Médico - Manutenção e Reparo em Equipamento - Uso Médico";"96";"96";"4.863,65";"466.910,40";"Contratação de serviços contínuos de manutenção preventiva e corretiva dos equipamentos ""3500 Series Genetic Analyser for HID, 3500XL Genetic Analyser for HID, Veriti Pro Thermal Cycler 96-well, QuantStudio 5 real-Time PCR systems 96-well 0,2ml, 7500 Real-0me PCR System, Card Processing Automation 200 - CPA200, Automate Nucleic Acid Extraction System, Proflex PCR System, RapidHTID"""
"00023/2026";"200331 - SECRETARIA NACIONAL DE SEGURANCA PUBLICA";"1576/2025";"26/02/2026";"16/03/2026";"16/03/2027";"63.067.904/0002-35";"LIFE TECHNOLOGIES BRASIL COMERCIO E INDUSTRIA DE PRODUTOS PARA BIOTECNOLOGIA LTD";"00020";"Manutenção e Reparo em Equipamento - Uso Médico - Manutenção e Reparo em Equipamento - Uso Médico";"192";"192";"4.410,68";"846.850,56";"Contratação de serviços contínuos de manutenção preventiva e corretiva dos equipamentos ""3500 Series Genetic Analyser for HID, 3500XL Genetic Analyser for HID, Veriti Pro Thermal Cycler 96-well, QuantStudio 5 real-Time PCR systems 96-well 0,2ml, 7500 Real-0me PCR System, Card Processing Automation 200 - CPA200, Automate Nucleic Acid Extraction System, Proflex PCR System, RapidHTID"""
"00023/2026";"200331 - SECRETARIA NACIONAL DE SEGURANCA PUBLICA";"1576/2025";"26/02/2026";"16/03/2026";"16/03/2027";"63.067.904/0002-35";"LIFE TECHNOLOGIES BRASIL COMERCIO E INDUSTRIA DE PRODUTOS PARA BIOTECNOLOGIA LTD";"00021";"Manutenção e Reparo em Equipamento - Uso Médico - Manutenção e Reparo em Equipamento - Uso Médico";"24";"24";"6.034,40";"144.825,60";"Contratação de serviços contínuos de manutenção preventiva e corretiva dos equipamentos ""3500 Series Genetic Analyser for HID, 3500XL Genetic Analyser for HID, Veriti Pro Thermal Cycler 96-well, QuantStudio 5 real-Time PCR systems 96-well 0,2ml, 7500 Real-0me PCR System, Card Processing Automation 200 - CPA200, Automate Nucleic Acid Extraction System, Proflex PCR System, RapidHTID"""
"00023/2026";"200331 - SECRETARIA NACIONAL DE SEGURANCA PUBLICA";"1576/2025";"26/02/2026";"16/03/2026";"16/03/2027";"63.067.904/0002-35";"LIFE TECHNOLOGIES BRASIL COMERCIO E INDUSTRIA DE PRODUTOS PARA BIOTECNOLOGIA LTD";"00022";"Manutenção e Reparo em Equipamento - Uso Médico - Manutenção e Reparo em Equipamento - Uso Médico";"24";"24";"5.725,24";"137.405,76";"Contratação de serviços contínuos de manutenção preventiva e corretiva dos equipamentos ""3500 Series Genetic Analyser for HID, 3500XL Genetic Analyser for HID, Veriti Pro Thermal Cycler 96-well, QuantStudio 5 real-Time PCR systems 96-well 0,2ml, 7500 Real-0me PCR System, Card Processing Automation 200 - CPA200, Automate Nucleic Acid Extraction System, Proflex PCR System, RapidHTID"""
"00023/2026";"200331 - SECRETARIA NACIONAL DE SEGURANCA PUBLICA";"1576/2025";"26/02/2026";"16/03/2026";"16/03/2027";"63.067.904/0002-35";"LIFE TECHNOLOGIES BRASIL COMERCIO E INDUSTRIA DE PRODUTOS PARA BIOTECNOLOGIA LTD";"00023";"Manutenção e Reparo em Equipamento - Uso Médico - Manutenção e Reparo em Equipamento - Uso Médico";"48";"48";"5.876,23";"282.059,04";"Contratação de serviços contínuos de manutenção preventiva e corretiva dos equipamentos ""3500 Series Genetic Analyser for HID, 3500XL Genetic Analyser for HID, Veriti Pro Thermal Cycler 96-well, QuantStudio 5 real-Time PCR systems 96-well 0,2ml, 7500 Real-0me PCR System, Card Processing Automation 200 - CPA200, Automate Nucleic Acid Extraction System, Proflex PCR System, RapidHTID"""
"00023/2026";"200331 - SECRETARIA NACIONAL DE SEGURANCA PUBLICA";"1576/2025";"26/02/2026";"16/03/2026";"16/03/2027";"63.067.904/0002-35";"LIFE TECHNOLOGIES BRASIL COMERCIO E INDUSTRIA DE PRODUTOS PARA BIOTECNOLOGIA LTD";"00024";"Manutenção e Reparo em Equipamento - Uso Médico - Manutenção e Reparo em Equipamento - Uso Médico";"24";"24";"5.603,00";"134.472,00";"Contratação de serviços contínuos de manutenção preventiva e corretiva dos equipamentos ""3500 Series Genetic Analyser for HID, 3500XL Genetic Analyser for HID, Veriti Pro Thermal Cycler 96-well, QuantStudio 5 real-Time PCR systems 96-well 0,2ml, 7500 Real-0me PCR System, Card Processing Automation 200 - CPA200, Automate Nucleic Acid Extraction System, Proflex PCR System, RapidHTID"""
"00023/2026";"200331 - SECRETARIA NACIONAL DE SEGURANCA PUBLICA";"1576/2025";"26/02/2026";"16/03/2026";"16/03/2027";"63.067.904/0002-35";"LIFE TECHNOLOGIES BRASIL COMERCIO E INDUSTRIA DE PRODUTOS PARA BIOTECNOLOGIA LTD";"00025";"Manutenção e Reparo em Equipamento - Uso Médico - Manutenção e Reparo em Equipamento - Uso Médico";"72";"72";"5.423,27";"390.475,44";"Contratação de serviços contínuos de manutenção preventiva e corretiva dos equipamentos ""3500 Series Genetic Analyser for HID, 3500XL Genetic Analyser for HID, Veriti Pro Thermal Cycler 96-well, QuantStudio 5 real-Time PCR systems 96-well 0,2ml, 7500 Real-0me PCR System, Card Processing Automation 200 - CPA200, Automate Nucleic Acid Extraction System, Proflex PCR System, RapidHTID"""
"00023/2026";"200331 - SECRETARIA NACIONAL DE SEGURANCA PUBLICA";"1576/2025";"26/02/2026";"16/03/2026";"16/03/2027";"63.067.904/0002-35";"LIFE TECHNOLOGIES BRASIL COMERCIO E INDUSTRIA DE PRODUTOS PARA BIOTECNOLOGIA LTD";"00026";"Manutenção e Reparo em Equipamento - Uso Médico - Manutenção e Reparo em Equipamento - Uso Médico";"120";"120";"11.224,65";"1.346.958,00";"Contratação de serviços contínuos de manutenção preventiva e corretiva dos equipamentos ""3500 Series Genetic Analyser for HID, 3500XL Genetic Analyser for HID, Veriti Pro Thermal Cycler 96-well, QuantStudio 5 real-Time PCR systems 96-well 0,2ml, 7500 Real-0me PCR System, Card Processing Automation 200 - CPA200, Automate Nucleic Acid Extraction System, Proflex PCR System, RapidHTID"""
"00023/2026";"200331 - SECRETARIA NACIONAL DE SEGURANCA PUBLICA";"1576/2025";"26/02/2026";"16/03/2026";"16/03/2027";"63.067.904/0002-35";"LIFE TECHNOLOGIES BRASIL COMERCIO E INDUSTRIA DE PRODUTOS PARA BIOTECNOLOGIA LTD";"00027";"Manutenção e Reparo em Equipamento - Uso Médico - Manutenção e Reparo em Equipamento - Uso Médico";"192";"192";"10.793,24";"2.072.302,08";"Contratação de serviços contínuos de manutenção preventiva e corretiva dos equipamentos ""3500 Series Genetic Analyser for HID, 3500XL Genetic Analyser for HID, Veriti Pro Thermal Cycler 96-well, QuantStudio 5 real-Time PCR systems 96-well 0,2ml, 7500 Real-0me PCR System, Card Processing Automation 200 - CPA200, Automate Nucleic Acid Extraction System, Proflex PCR System, RapidHTID"""
"00023/2026";"200331 - SECRETARIA NACIONAL DE SEGURANCA PUBLICA";"1576/2025";"26/02/2026";"16/03/2026";"16/03/2027";"63.067.904/0002-35";"LIFE TECHNOLOGIES BRASIL COMERCIO E INDUSTRIA DE PRODUTOS PARA BIOTECNOLOGIA LTD";"00028";"Manutenção e Reparo em Equipamento - Uso Médico - Manutenção e Reparo em Equipamento - Uso Médico";"96";"96";"10.915,44";"1.047.882,24";"Contratação de serviços contínuos de manutenção preventiva e corretiva dos equipamentos ""3500 Series Genetic Analyser for HID, 3500XL Genetic Analyser for HID, Veriti Pro Thermal Cycler 96-well, QuantStudio 5 real-Time PCR systems 96-well 0,2ml, 7500 Real-0me PCR System, Card Processing Automation 200 - CPA200, Automate Nucleic Acid Extraction System, Proflex PCR System, RapidHTID"""
"00023/2026";"200331 - SECRETARIA NACIONAL DE SEGURANCA PUBLICA";"1576/2025";"26/02/2026";"16/03/2026";"16/03/2027";"63.067.904/0002-35";"LIFE TECHNOLOGIES BRASIL COMERCIO E INDUSTRIA DE PRODUTOS PARA BIOTECNOLOGIA LTD";"00029";"Manutenção e Reparo em Equipamento - Uso Médico - Manutenção e Reparo em Equipamento - Uso Médico";"72";"72";"11.066,47";"796.785,84";"Contratação de serviços contínuos de manutenção preventiva e corretiva dos equipamentos ""3500 Series Genetic Analyser for HID, 3500XL Genetic Analyser for HID, Veriti Pro Thermal Cycler 96-well, QuantStudio 5 real-Time PCR systems 96-well 0,2ml, 7500 Real-0me PCR System, Card Processing Automation 200 - CPA200, Automate Nucleic Acid Extraction System, Proflex PCR System, RapidHTID"""
"00023/2026";"200331 - SECRETARIA NACIONAL DE SEGURANCA PUBLICA";"1576/2025";"26/02/2026";"16/03/2026";"16/03/2027";"63.067.904/0002-35";"LIFE TECHNOLOGIES BRASIL COMERCIO E INDUSTRIA DE PRODUTOS PARA BIOTECNOLOGIA LTD";"00030";"Manutenção e Reparo em Equipamento - Uso Médico - Manutenção e Reparo em Equipamento - Uso Médico";"144";"144";"10.613,50";"1.528.344,00";"Contratação de serviços contínuos de manutenção preventiva e corretiva dos equipamentos ""3500 Series Genetic Analyser for HID, 3500XL Genetic Analyser for HID, Veriti Pro Thermal Cycler 96-well, QuantStudio 5 real-Time PCR systems 96-well 0,2ml, 7500 Real-0me PCR System, Card Processing Automation 200 - CPA200, Automate Nucleic Acid Extraction System, Proflex PCR System, RapidHTID"""
"00023/2026";"200331 - SECRETARIA NACIONAL DE SEGURANCA PUBLICA";"1576/2025";"26/02/2026";"16/03/2026";"16/03/2027";"63.067.904/0002-35";"LIFE TECHNOLOGIES BRASIL COMERCIO E INDUSTRIA DE PRODUTOS PARA BIOTECNOLOGIA LTD";"00031";"Manutenção e Reparo em Equipamento - Uso Médico - Manutenção e Reparo em Equipamento - Uso Médico";"24";"24";"1.449,52";"34.788,48";"Contratação de serviços contínuos de manutenção preventiva e corretiva dos equipamentos ""3500 Series Genetic Analyser for HID, 3500XL Genetic Analyser for HID, Veriti Pro Thermal Cycler 96-well, QuantStudio 5 real-Time PCR systems 96-well 0,2ml, 7500 Real-0me PCR System, Card Processing Automation 200 - CPA200, Automate Nucleic Acid Extraction System, Proflex PCR System, RapidHTID"""
"00023/2026";"200331 - SECRETARIA NACIONAL DE SEGURANCA PUBLICA";"1576/2025";"26/02/2026";"16/03/2026";"16/03/2027";"63.067.904/0002-35";"LIFE TECHNOLOGIES BRASIL COMERCIO E INDUSTRIA DE PRODUTOS PARA BIOTECNOLOGIA LTD";"00032";"Manutenção e Reparo em Equipamento - Uso Médico - Manutenção e Reparo em Equipamento - Uso Médico";"72";"72";"10.707,80";"770.961,60";"Contratação de serviços contínuos de manutenção preventiva e corretiva dos equipamentos ""3500 Series Genetic Analyser for HID, 3500XL Genetic Analyser for HID, Veriti Pro Thermal Cycler 96-well, QuantStudio 5 real-Time PCR systems 96-well 0,2ml, 7500 Real-0me PCR System, Card Processing Automation 200 - CPA200, Automate Nucleic Acid Extraction System, Proflex PCR System, RapidHTID"""
"00023/2026";"200331 - SECRETARIA NACIONAL DE SEGURANCA PUBLICA";"1576/2025";"26/02/2026";"16/03/2026";"16/03/2027";"63.067.904/0002-35";"LIFE TECHNOLOGIES BRASIL COMERCIO E INDUSTRIA DE PRODUTOS PARA BIOTECNOLOGIA LTD";"00033";"Manutenção e Reparo em Equipamento - Uso Médico - Manutenção e Reparo em Equipamento - Uso Médico";"24";"24";"11.160,76";"267.858,24";"Contratação de serviços contínuos de manutenção preventiva e corretiva dos equipamentos ""3500 Series Genetic Analyser for HID, 3500XL Genetic Analyser for HID, Veriti Pro Thermal Cycler 96-well, QuantStudio 5 real-Time PCR systems 96-well 0,2ml, 7500 Real-0me PCR System, Card Processing Automation 200 - CPA200, Automate Nucleic Acid Extraction System, Proflex PCR System, RapidHTID"""
"00023/2026";"200331 - SECRETARIA NACIONAL DE SEGURANCA PUBLICA";"1576/2025";"26/02/2026";"16/03/2026";"16/03/2027";"63.067.904/0002-35";"LIFE TECHNOLOGIES BRASIL COMERCIO E INDUSTRIA DE PRODUTOS PARA BIOTECNOLOGIA LTD";"00034";"Manutenção e Reparo em Equipamento - Uso Médico - Manutenção e Reparo em Equipamento - Uso Médico";"24";"24";"10.887,53";"261.300,72";"Contratação de serviços contínuos de manutenção preventiva e corretiva dos equipamentos ""3500 Series Genetic Analyser for HID, 3500XL Genetic Analyser for HID, Veriti Pro Thermal Cycler 96-well, QuantStudio 5 real-Time PCR systems 96-well 0,2ml, 7500 Real-0me PCR System, Card Processing Automation 200 - CPA200, Automate Nucleic Acid Extraction System, Proflex PCR System, RapidHTID"""
"00023/2026";"200331 - SECRETARIA NACIONAL DE SEGURANCA PUBLICA";"1576/2025";"26/02/2026";"16/03/2026";"16/03/2027";"63.067.904/0002-35";"LIFE TECHNOLOGIES BRASIL COMERCIO E INDUSTRIA DE PRODUTOS PARA BIOTECNOLOGIA LTD";"00035";"Manutenção e Reparo nos componentes de Equipamento - Uso Médico - Manutenção e Reparo nos componentes de Equipamento - Uso Médico";"24";"24";"13.068,68";"313.648,32";"Contratação de serviços contínuos de manutenção preventiva e corretiva dos equipamentos ""3500 Series Genetic Analyser for HID, 3500XL Genetic Analyser for HID, Veriti Pro Thermal Cycler 96-well, QuantStudio 5 real-Time PCR systems 96-well 0,2ml, 7500 Real-0me PCR System, Card Processing Automation 200 - CPA200, Automate Nucleic Acid Extraction System, Proflex PCR System, RapidHTID"""
"00023/2026";"200331 - SECRETARIA NACIONAL DE SEGURANCA PUBLICA";"1576/2025";"26/02/2026";"16/03/2026";"16/03/2027";"63.067.904/0002-35";"LIFE TECHNOLOGIES BRASIL COMERCIO E INDUSTRIA DE PRODUTOS PARA BIOTECNOLOGIA LTD";"00034";"Manutenção e Reparo em Equipamento - Uso Médico - Manutenção e Reparo em Equipamento - Uso Médico";"24";"24";"10.887,53";"261.300,72";"Contratação de serviços contínuos de manutenção preventiva e corretiva dos equipamentos ""3500 Series Genetic Analyser for HID, 3500XL Genetic Analyser for HID, Veriti Pro Thermal Cycler 96-well, QuantStudio 5 real-Time PCR systems 96-well 0,2ml, 7500 Real-0me PCR System, Card Processing Automation 200 - CPA200, Automate Nucleic Acid Extraction System, Proflex PCR System, RapidHTID"""
"00023/2026";"200331 - SECRETARIA NACIONAL DE SEGURANCA PUBLICA";"1576/2025";"26/02/2026";"16/03/2026";"16/03/2027";"63.067.904/0002-35";"LIFE TECHNOLOGIES BRASIL COMERCIO E INDUSTRIA DE PRODUTOS PARA BIOTECNOLOGIA LTD";"00035";"Manutenção e Reparo nos componentes de Equipamento - Uso Médico - Manutenção e Reparo nos componentes de Equipamento - Uso Médico";"24";"24";"13.068,68";"313.648,32";"Contratação de serviços contínuos de manutenção preventiva e corretiva dos equipamentos ""3500 Series Genetic Analyser for HID, 3500XL Genetic Analyser for HID, Veriti Pro Thermal Cycler 96-well, QuantStudio 5 real-Time PCR systems 96-well 0,2ml, 7500 Real-0me PCR System, Card Processing Automation 200 - CPA200, Automate Nucleic Acid Extraction System, Proflex PCR System, RapidHTID"""
"00023/2026";"200331 - SECRETARIA NACIONAL DE SEGURANCA PUBLICA";"1576/2025";"26/02/2026";"16/03/2026";"16/03/2027";"63.067.904/0002-35";"LIFE TECHNOLOGIES BRASIL COMERCIO E INDUSTRIA DE PRODUTOS PARA BIOTECNOLOGIA LTD";"00001";"Manutenção e Reparo em Equipamento - Uso Médico Manutenção e Reparo em Equipamento - Uso Médico";"96";"96";"5.040,09";"483.848,64";"Contratação de serviços contínuos de manutenção preventiva e corretiva dos equipamentos ""3500 Series Genetic Analyser for HID, 3500XL Genetic Analyser for HID, Veriti Pro Thermal Cycler 96-well, QuantStudio 5 real-Time PCR systems 96-well 0,2ml, 7500 Real-0me PCR System, Card Processing Automation 200 - CPA200, Automate Nucleic Acid Extraction System, Proflex PCR System, RapidHTID"""
"00023/2026";"200331 - SECRETARIA NACIONAL DE SEGURANCA PUBLICA";"1576/2025";"26/02/2026";"16/03/2026";"16/03/2027";"63.067.904/0002-35";"LIFE TECHNOLOGIES BRASIL COMERCIO E INDUSTRIA DE PRODUTOS PARA BIOTECNOLOGIA LTD";"00002";"Manutenção e Reparo em Equipamento - Uso Médico Manutenção e Reparo em Equipamento - Uso Médico";"168";"168";"8.791,08";"1.476.901,44";"Contratação de serviços contínuos de manutenção preventiva e corretiva dos equipamentos ""3500 Series Genetic Analyser for HID, 3500XL Genetic Analyser for HID, Veriti Pro Thermal Cycler 96-well, QuantStudio 5 real-Time PCR systems 96-well 0,2ml, 7500 Real-0me PCR System, Card Processing Automation 200 - CPA200, Automate Nucleic Acid Extraction System, Proflex PCR System, RapidHTID"""
"00023/2026";"200331 - SECRETARIA NACIONAL DE SEGURANCA PUBLICA";"1576/2025";"26/02/2026";"16/03/2026";"16/03/2027";"63.067.904/0002-35";"LIFE TECHNOLOGIES BRASIL COMERCIO E INDUSTRIA DE PRODUTOS PARA BIOTECNOLOGIA LTD";"00003";"Manutenção e Reparo em Equipamento - Uso Médico Manutenção e Reparo em Equipamento - Uso Médico";"240";"240";"8.359,67";"2.006.320,80";"Contratação de serviços contínuos de manutenção preventiva e corretiva dos equipamentos ""3500 Series Genetic Analyser for HID, 3500XL Genetic Analyser for HID, Veriti Pro Thermal Cycler 96-well, QuantStudio 5 real-Time PCR systems 96-well 0,2ml, 7500 Real-0me PCR System, Card Processing Automation 200 - CPA200, Automate Nucleic Acid Extraction System, Proflex PCR System, RapidHTID"""
"00023/2026";"200331 - SECRETARIA NACIONAL DE SEGURANCA PUBLICA";"1576/2025";"26/02/2026";"16/03/2026";"16/03/2027";"63.067.904/0002-35";"LIFE TECHNOLOGIES BRASIL COMERCIO E INDUSTRIA DE PRODUTOS PARA BIOTECNOLOGIA LTD";"00004";"Manutenção e Reparo em Equipamento - Uso Médico Manutenção e Reparo em Equipamento - Uso Médico";"48";"48";"8.330,91";"399.883,68";"Contratação de serviços contínuos de manutenção preventiva e corretiva dos equipamentos ""3500 Series Genetic Analyser for HID, 3500XL Genetic Analyser for HID, Veriti Pro Thermal Cycler 96-well, QuantStudio 5 real-Time PCR systems 96-well 0,2ml, 7500 Real-0me PCR System, Card Processing Automation 200 - CPA200, Automate Nucleic Acid Extraction System, Proflex PCR System, RapidHTID"""
"00023/2026";"200331 - SECRETARIA NACIONAL DE SEGURANCA PUBLICA";"1576/2025";"26/02/2026";"16/03/2026";"16/03/2027";"63.067.904/0002-35";"LIFE TECHNOLOGIES BRASIL COMERCIO E INDUSTRIA DE PRODUTOS PARA BIOTECNOLOGIA LTD";"00005";"Manutenção e Reparo em Equipamento - Uso Médico Manutenção e Reparo em Equipamento - Uso Médico";"168";"168";"8.481,87";"1.424.954,16";"Contratação de serviços contínuos de manutenção preventiva e corretiva dos equipamentos ""3500 Series Genetic Analyser for HID, 3500XL Genetic Analyser for HID, Veriti Pro Thermal Cycler 96-well, QuantStudio 5 real-Time PCR systems 96-well 0,2ml, 7500 Real-0me PCR System, Card Processing Automation 200 - CPA200, Automate Nucleic Acid Extraction System, Proflex PCR System, RapidHTID"""
"00023/2026";"200331 - SECRETARIA NACIONAL DE SEGURANCA PUBLICA";"1576/2025";"26/02/2026";"16/03/2026";"16/03/2027";"63.067.904/0002-35";"LIFE TECHNOLOGIES BRASIL COMERCIO E INDUSTRIA DE PRODUTOS PARA BIOTECNOLOGIA LTD";"00006";"Manutenção e Reparo em Equipamento - Uso Médico Manutenção e Reparo em Equipamento - Uso Médico";"72";"72";"8.632,91";"621.569,52";"Contratação de serviços contínuos de manutenção preventiva e corretiva dos equipamentos ""3500 Series Genetic Analyser for HID, 3500XL Genetic Analyser for HID, Veriti Pro Thermal Cycler 96-well, QuantStudio 5 real-Time PCR systems 96-well 0,2ml, 7500 Real-0me PCR System, Card Processing Automation 200 - CPA200, Automate Nucleic Acid Extraction System, Proflex PCR System, RapidHTID"""
"00023/2026";"200331 - SECRETARIA NACIONAL DE SEGURANCA PUBLICA";"1576/2025";"26/02/2026";"16/03/2026";"16/03/2027";"63.067.904/0002-35";"LIFE TECHNOLOGIES BRASIL COMERCIO E INDUSTRIA DE PRODUTOS PARA BIOTECNOLOGIA LTD";"00007";"Manutenção e Reparo em Equipamento - Uso Médico Manutenção e Reparo em Equipamento - Uso Médico";"336";"336";"8.179,94";"2.748.459,84";"Contratação de serviços contínuos de manutenção preventiva e corretiva dos equipamentos ""3500 Series Genetic Analyser for HID, 3500XL Genetic Analyser for HID, Veriti Pro Thermal Cycler 96-well, QuantStudio 5 real-Time PCR systems 96-well 0,2ml, 7500 Real-0me PCR System, Card Processing Automation 200 - CPA200, Automate Nucleic Acid Extraction System, Proflex PCR System, RapidHTID"""
"00023/2026";"200331 - SECRETARIA NACIONAL DE SEGURANCA PUBLICA";"1576/2025";"26/02/2026";"16/03/2026";"16/03/2027";"63.067.904/0002-35";"LIFE TECHNOLOGIES BRASIL COMERCIO E INDUSTRIA DE PRODUTOS PARA BIOTECNOLOGIA LTD";"00008";"Manutenção e Reparo em Equipamento - Uso Médico Manutenção e Reparo em Equipamento - Uso Médico";"24";"24";"13.370,62";"320.894,88";"Contratação de serviços contínuos de manutenção preventiva e corretiva dos equipamentos ""3500 Series Genetic Analyser for HID, 3500XL Genetic Analyser for HID, Veriti Pro Thermal Cycler 96-well, QuantStudio 5 real-Time PCR systems 96-well 0,2ml, 7500 Real-0me PCR System, Card Processing Automation 200 - CPA200, Automate Nucleic Acid Extraction System, Proflex PCR System, RapidHTID"""
"00023/2026";"200331 - SECRETARIA NACIONAL DE SEGURANCA PUBLICA";"1576/2025";"26/02/2026";"16/03/2026";"16/03/2027";"63.067.904/0002-35";"LIFE TECHNOLOGIES BRASIL COMERCIO E INDUSTRIA DE PRODUTOS PARA BIOTECNOLOGIA LTD";"00009";"Manutenção e Reparo em Equipamento - Uso Médico Manutenção e Reparo em Equipamento - Uso Médico";"168";"168";"2.122,80";"356.630,40";"Contratação de serviços contínuos de manutenção preventiva e corretiva dos equipamentos ""3500 Series Genetic Analyser for HID, 3500XL Genetic Analyser for HID, Veriti Pro Thermal Cycler 96-well, QuantStudio 5 real-Time PCR systems 96-well 0,2ml, 7500 Real-0me PCR System, Card Processing Automation 200 - CPA200, Automate Nucleic Acid Extraction System, Proflex PCR System, RapidHTID"""
"00023/2026";"200331 - SECRETARIA NACIONAL DE SEGURANCA PUBLICA";"1576/2025";"26/02/2026";"16/03/2026";"16/03/2027";"63.067.904/0002-35";"LIFE TECHNOLOGIES BRASIL COMERCIO E INDUSTRIA DE PRODUTOS PARA BIOTECNOLOGIA LTD";"00010";"Manutenção e Reparo em Equipamento - Uso Médico Manutenção e Reparo em Equipamento - Uso Médico";"456";"456";"1.691,40";"771.278,40";"Contratação de serviços contínuos de manutenção preventiva e corretiva dos equipamentos ""3500 Series Genetic Analyser for HID, 3500XL Genetic Analyser for HID, Veriti Pro Thermal Cycler 96-well, QuantStudio 5 real-Time PCR systems 96-well 0,2ml, 7500 Real-0me PCR System, Card Processing Automation 200 - CPA200, Automate Nucleic Acid Extraction System, Proflex PCR System, RapidHTID"""
"00011/2025";"200331 - SECRETARIA NACIONAL DE SEGURANCA PUBLICA - SENASP";"90022/2024";"11/03/2025";"12/03/2025";"12/03/2027";"93.726.446/0001-89";"SERMEDICALL ARP EQUIPAMENTOS DE RESGATE E SEGURANCA LTDA";"00006";"BOMBA COSTAL, MATERIAL POLIETILENO, TIPO TANQUE RÍGIDO, CAPACIDADE 20 L, ACIONAMENTO MANUAL, APLICAÇÃO COMBATE A INCÊNDIOS FLORESTAIS, CARACTERÍSTICAS ADICIONAIS BOMBEADOR METÁLICO; ALÇAS DE OMBRO REGULÁVEIS.";"844";"844";"1.273,23";"1.074.606,12";"Aquisição de equipamentos de combate a incêndios florestais, especificado no item 06 do Termo de Referência (29251066), anexo I do edital de Licitação nº 22/2024 (29283387), que é parte integrante desta Ata, assim como as propostas cujos preços tenham sido registrados, independentemente de transcrição."
"00011/2025";"200331 - SECRETARIA NACIONAL DE SEGURANCA PUBLICA - SENASP";"90022/2024";"11/03/2025";"12/03/2025";"12/03/2027";"61.148.037/0001-56";"ORTOPRATIKA INDUSTRIA E COMERCIO LTDA";"00036";"IMOBILIZADOR (TALA), MATERIAL PLÁSTICO, TIPO INFLÁVEL, TAMANHO TAMANHOS VARIADOS, MÍNIMO 4 PEÇAS";"10634";"10634";"168,31";"1.789.808,54";"Aquisição de equipamentos de combate a incêndios florestais, especificado no item 06 do Termo de Referência (29251066), anexo I do edital de Licitação nº 22/2024 (29283387), que é parte integrante desta Ata, assim como as propostas cujos preços tenham sido registrados, independentemente de transcrição."
"00011/2025";"200331 - SECRETARIA NACIONAL DE SEGURANCA PUBLICA - SENASP";"90022/2024";"11/03/2025";"12/03/2025";"12/03/2027";"61.148.037/0001-56";"ORTOPRATIKA INDUSTRIA E COMERCIO LTDA";"00046";"MANTA TÉRMICA P/ PACIENTE, TIPO DE AQUECIMENTO ISOLANTE TÉRMICO, MATERIAL PELÍCULA DE POLÍMERO ALUMINIZADO, TAMANHO ADULTO, APLICAçãO P/ CORPO INTEIRO, ESTERILIDADE USO ÚNICO, APRESENTAçãO EMBALAGEM INDIVIDUAL";"49933";"49933";"5,80";"289.611,40";"Aquisição de equipamentos de combate a incêndios florestais, especificado no item 06 do Termo de Referência (29251066), anexo I do edital de Licitação nº 22/2024 (29283387), que é parte integrante desta Ata, assim como as propostas cujos preços tenham sido registrados, independentemente de transcrição."
"00011/2025";"200331 - SECRETARIA NACIONAL DE SEGURANCA PUBLICA - SENASP";"90022/2024";"11/03/2025";"12/03/2025";"12/03/2027";"61.148.037/0001-56";"ORTOPRATIKA INDUSTRIA E COMERCIO LTDA";"00056";"IMOBILIZADOR (TALA), MATERIAL METAL REVESTIDO DE E.V.A., TIPO ARAMADO, TAMANHO CERCA DE 100 X 10 CM";"9893";"9893";"20,37";"201.520,41";"Aquisição de equipamentos de combate a incêndios florestais, especificado no item 06 do Termo de Referência (29251066), anexo I do edital de Licitação nº 22/2024 (29283387), que é parte integrante desta Ata, assim como as propostas cujos preços tenham sido registrados, independentemente de transcrição."
"00011/2025";"200331 - SECRETARIA NACIONAL DE SEGURANCA PUBLICA - SENASP";"90022/2024";"11/03/2025";"12/03/2025";"12/03/2027";"61.148.037/0001-56";"ORTOPRATIKA INDUSTRIA E COMERCIO LTDA";"00055";"IMOBILIZADOR (TALA), MATERIAL METAL REVESTIDO DE E.V.A., TIPO ARAMADO, TAMANHO CERCA DE 100 X 10 CM";"10463";"10463";"26,89";"281.350,07";"Aquisição de equipamentos de combate a incêndios florestais, especificado no item 06 do Termo de Referência (29251066), anexo I do edital de Licitação nº 22/2024 (29283387), que é parte integrante desta Ata, assim como as propostas cujos preços tenham sido registrados, independentemente de transcrição."
"00011/2025";"200331 - SECRETARIA NACIONAL DE SEGURANCA PUBLICA - SENASP";"90022/2024";"11/03/2025";"12/03/2025";"12/03/2027";"61.148.037/0001-56";"ORTOPRATIKA INDUSTRIA E COMERCIO LTDA";"00057";"IMOBILIZADOR (TALA), MATERIAL ALUMÍNIO REVESTIDO C/ ESPUMA, TIPO ARAMADO, TAMANHO CERCA DE 120 X 12 CM";"25971";"25971";"40,73";"1.057.798,83";"Aquisição de equipamentos de combate a incêndios florestais, especificado no item 06 do Termo de Referência (29251066), anexo I do edital de Licitação nº 22/2024 (29283387), que é parte integrante desta Ata, assim como as propostas cujos preços tenham sido registrados, independentemente de transcrição."
"00011/2025";"200331 - SECRETARIA NACIONAL DE SEGURANCA PUBLICA - SENASP";"90022/2024";"11/03/2025";"12/03/2025";"12/03/2027";"61.148.037/0001-56";"ORTOPRATIKA INDUSTRIA E COMERCIO LTDA";"00065";"MÁSCARA GASOTERAPIA, APLICAÇÃO P/ REANIMAÇÃO CARDIOPULMONAR BOCA A BOCA, MODELO FACIAL, MATERIAL PLÁSTICO, TAMANHO ÚNICO, COMPONENTE ADICIONAL C/ VÁLVULA UNIDIRECIONAL, ADICIONAIS DE BOLSO";"10190";"10190";"11,90";"121.261,00";"Aquisição de equipamentos de combate a incêndios florestais, especificado no item 06 do Termo de Referência (29251066), anexo I do edital de Licitação nº 22/2024 (29283387), que é parte integrante desta Ata, assim como as propostas cujos preços tenham sido registrados, independentemente de transcrição."
"00021/2026";"200331 - SECRETARIA NACIONAL DE SEGURANCA PUBLICA - SENASP";"90036/2025";"09/03/2026";"12/03/2026";"12/03/2027";"58.619.404/0008-14";"CONVERGINT COMERCIO E SERVICOS DE TECNOLOGIA LTDA";"00021";"CONVERSOR IMAGEM, TIPO CONVERSOR ENCODER, COMPATIBILIDADE SISTEMAS TRANSFORMA SINAL CÂMERA (CFTV) EM UM SINAL IP, SAÍDA VÍDEO JPEG/ H264, CARACTERÍSTICAS ADICIONAIS ARMAZENAGEM LOCAL,AJUSTE DE COR,BRILHO E CONTRAST E, RESOLUÇÃO HORIZONTAL 720 LINHAS X VERTICAL 480 LINHAS, FUNÇÕES DETEÇÃO DE MOVIMENTOS, CRIPROGRAFIA HTTPS, CONECTOR ENTRADA RCA/ S-VÍDEO, CONECTOR SAÍDA RJ-45, TENSÃO ALIMENTAÇÃO 8- 20 V";"81";"81";"154.609,46";"12.523.366,26";"A presente Ata tem por objeto o registro de preços para a eventual aquisição de fardamento operacional, especificado no item 1 do Termo de Referência (33132616), anexo I do edital de Licitação nº 90036/2025, que é parte integrante desta Ata, assim como as propostas cujos preços tenham sido registrados, independentemente de transcrição."
"00021/2026";"200331 - SECRETARIA NACIONAL DE SEGURANCA PUBLICA - SENASP";"90036/2025";"09/03/2026";"12/03/2026";"12/03/2027";"58.619.404/0008-14";"CONVERGINT COMERCIO E SERVICOS DE TECNOLOGIA LTDA";"00023";"SUPORTE DE VIDEOCASSETE / TELEVISAO, MATERIAL AÇO CARBONO, TIPO PAREDE, TAMANHO MONITORES DE 42"" A 55"", ACABAMENTO SUPERFICIAL PINTURA ELETROSTÁTICA, COR PRETA, CARACTERÍSTICAS ADICIONAIS VIDEOWALL";"185";"185";"11.058,58";"2.045.837,30";"A presente Ata tem por objeto o registro de preços para a eventual aquisição de fardamento operacional, especificado no item 1 do Termo de Referência (33132616), anexo I do edital de Licitação nº 90036/2025, que é parte integrante desta Ata, assim como as propostas cujos preços tenham sido registrados, independentemente de transcrição."
"00021/2026";"200331 - SECRETARIA NACIONAL DE SEGURANCA PUBLICA - SENASP";"90036/2025";"09/03/2026";"12/03/2026";"12/03/2027";"58.619.404/0008-14";"CONVERGINT COMERCIO E SERVICOS DE TECNOLOGIA LTDA";"00025";"SUPORTE DE VIDEOCASSETE / TELEVISAO, MATERIAL AÇO CARBONO, TIPO PAREDE, TAMANHO MONITORES DE 42"" A 55"", ACABAMENTO SUPERFICIAL PINTURA ELETROSTÁTICA, COR PRETA, CARACTERÍSTICAS ADICIONAIS VIDEOWALL";"4";"4";"22.117,16";"88.468,64";"A presente Ata tem por objeto o registro de preços para a eventual aquisição de fardamento operacional, especificado no item 1 do Termo de Referência (33132616), anexo I do edital de Licitação nº 90036/2025, que é parte integrante desta Ata, assim como as propostas cujos preços tenham sido registrados, independentemente de transcrição."
"00021/2026";"200331 - SECRETARIA NACIONAL DE SEGURANCA PUBLICA - SENASP";"90036/2025";"09/03/2026";"12/03/2026";"12/03/2027";"58.619.404/0008-14";"CONVERGINT COMERCIO E SERVICOS DE TECNOLOGIA LTDA";"00027";"PLACA SOM, TIPO EXTERNA, CAPACIDADE MEMÓRIA 24 BIT, COMPATIBILIDADE INTERFACE DE GRAVAÇÃO FIREWIRE, OPERAÇÃO 24 BIT, TIPO ENTRADA NEUTRIK/XLR/1/4TRS/P10 E P2/SPDIF 24 BITS/MIDI, TIPO SAÍDA 8 SAÍDAS P10 E 02 SAÍDAS P2, CARACTERÍSTICAS ADICIONAIS SINCRONIZAÇÃO WORD CLOCK/ PHANTON POWER/ALTA DEFI N, APLICAÇÃO GRAVAÇÃO DE ÁUDIO, FREQUÊNCIA NOMINAL 44.1 À 96 KHZ, MODELO M BOX 2 PRO DIGIDESINGN";"68";"68";"49.500,30";"3.366.020,40";"A presente Ata tem por objeto o registro de preços para a eventual aquisição de fardamento operacional, especificado no item 1 do Termo de Referência (33132616), anexo I do edital de Licitação nº 90036/2025, que é parte integrante desta Ata, assim como as propostas cujos preços tenham sido registrados, independentemente de transcrição."
"00021/2026";"200331 - SECRETARIA NACIONAL DE SEGURANCA PUBLICA - SENASP";"90036/2025";"09/03/2026";"12/03/2026";"12/03/2027";"58.619.404/0008-14";"CONVERGINT COMERCIO E SERVICOS DE TECNOLOGIA LTDA";"00029";"MICROFONE, TIPO SEM FIO UHF HANDHELD, ALIMENTAÇÃO PILHAS AA, CARACTERÍSTICAS ADICIONAIS 1 RECEPTOR; 2 MICROFONES DE MÃO; SEM FIO, ALCANCE 15 A 20 M, APLICAÇÃO PEQUENOS EVENTOS E LOCAIS DE PEQUENO PORTE, ACESSÓRIOS 1 CABO P10 X P10; 1 FONTE, 1 MANUAL, 1 CASE, SENSIBILIDADE +/- 80 DB";"142";"142";"33.175,74";"4.710.955,08";"A presente Ata tem por objeto o registro de preços para a eventual aquisição de fardamento operacional, especificado no item 1 do Termo de Referência (33132616), anexo I do edital de Licitação nº 90036/2025, que é parte integrante desta Ata, assim como as propostas cujos preços tenham sido registrados, independentemente de transcrição."
"00021/2026";"200331 - SECRETARIA NACIONAL DE SEGURANCA PUBLICA - SENASP";"90036/2025";"09/03/2026";"12/03/2026";"12/03/2027";"58.619.404/0008-14";"CONVERGINT COMERCIO E SERVICOS DE TECNOLOGIA LTDA";"00031";"AMPLIFICADOR SOM, QUANTIDADE CANAIS 4 UN, POTÊNCIA CANAL 200 WRMS, LARGURA 350 MM, ALTURA 68 MM, CARACTERÍSTICAS ADICIONAIS 800 W, PROFUNDIDADE CAIXAS ACÚSTICAS 245 MM";"81";"81";"34.755,53";"2.815.197,93";"A presente Ata tem por objeto o registro de preços para a eventual aquisição de fardamento operacional, especificado no item 1 do Termo de Referência (33132616), anexo I do edital de Licitação nº 90036/2025, que é parte integrante desta Ata, assim como as propostas cujos preços tenham sido registrados, independentemente de transcrição."
"00021/2026";"200331 - SECRETARIA NACIONAL DE SEGURANCA PUBLICA - SENASP";"90036/2025";"09/03/2026";"12/03/2026";"12/03/2027";"58.619.404/0008-14";"CONVERGINT COMERCIO E SERVICOS DE TECNOLOGIA LTDA";"00033";"SWITCH, QUANTIDADE PORTAS 48 UN, TIPO PORTAS 10/100/1000 BASE T, RJ45.4, ETHERNET MINI-GBIC, VELOCIDADE PORTA 1000 MBPS, 1/10 GBPS, ALIMENTAÇÃO 100 A 240 V, CARACTERÍSTICAS ADICIONAIS COM PORTAS POE, ALIMENTAÇÃO ELÉTRICA COM CHAVEAME N, APLICAÇÃO CONECTAR SERVIDORES E EQUIPAMENTOS EM REDE, TIPO SWITCH GERENCIÁVEL";"37";"37";"22.749,08";"841.715,96";"A presente Ata tem por objeto o registro de preços para a eventual aquisição de fardamento operacional, especificado no item 1 do Termo de Referência (33132616), anexo I do edital de Licitação nº 90036/2025, que é parte integrante desta Ata, assim como as propostas cujos preços tenham sido registrados, independentemente de transcrição."
"00021/2026";"200331 - SECRETARIA NACIONAL DE SEGURANCA PUBLICA - SENASP";"90036/2025";"09/03/2026";"12/03/2026";"12/03/2027";"58.619.404/0008-14";"CONVERGINT COMERCIO E SERVICOS DE TECNOLOGIA LTDA";"00035";"ESTANTE, MATERIAL AÇO PADRÃO 19"" TIPO 42U, ALTURA 1,99 M, PROFUNDIDADE 1,07 M, MATERIAL PORTA FRONTAL AÇO 18, TRATAMENTO SUPERFICIAL PINTURA ELETROSTÁTICA, CARACTERÍSTICAS ADICIONAIS TETO COM 4 VENTILADORES 220V, LARGURA 60 CM";"92";"92";"4.385,52";"403.467,84";"A presente Ata tem por objeto o registro de preços para a eventual aquisição de fardamento operacional, especificado no item 1 do Termo de Referência (33132616), anexo I do edital de Licitação nº 90036/2025, que é parte integrante desta Ata, assim como as propostas cujos preços tenham sido registrados, independentemente de transcrição."
"00021/2026";"200331 - SECRETARIA NACIONAL DE SEGURANCA PUBLICA - SENASP";"90036/2025";"09/03/2026";"12/03/2026";"12/03/2027";"58.619.404/0008-14";"CONVERGINT COMERCIO E SERVICOS DE TECNOLOGIA LTDA";"00037";"Treinamento Informática - Equipamento / Hardware";"62";"62";"7.372,39";"457.088,18";"A presente Ata tem por objeto o registro de preços para a eventual aquisição de fardamento operacional, especificado no item 1 do Termo de Referência (33132616), anexo I do edital de Licitação nº 90036/2025, que é parte integrante desta Ata, assim como as propostas cujos preços tenham sido registrados, independentemente de transcrição."
"00021/2026";"200331 - SECRETARIA NACIONAL DE SEGURANCA PUBLICA - SENASP";"90036/2025";"09/03/2026";"12/03/2026";"12/03/2027";"58.619.404/0008-14";"CONVERGINT COMERCIO E SERVICOS DE TECNOLOGIA LTDA";"00040";"CONVERSOR IMAGEM, TIPO CONVERSOR ENCODER, COMPATIBILIDADE SISTEMAS TRANSFORMA SINAL CÂMERA (CFTV) EM UM SINAL IP, SAÍDA VÍDEO JPEG/ H264, CARACTERÍSTICAS ADICIONAIS ARMAZENAGEM LOCAL,AJUSTE DE COR,BRILHO E CONTRAST E, RESOLUÇÃO HORIZONTAL 720 LINHAS X VERTICAL 480 LINHAS, FUNÇÕES DETEÇÃO DE MOVIMENTOS, CRIPROGRAFIA HTTPS, CONECTOR ENTRADA RCA/ S-VÍDEO, CONECTOR SAÍDA RJ-45, TENSÃO ALIMENTAÇÃO 8- 20 V";"51";"51";"147.447,71";"7.519.833,21";"A presente Ata tem por objeto o registro de preços para a eventual aquisição de fardamento operacional, especificado no item 1 do Termo de Referência (33132616), anexo I do edital de Licitação nº 90036/2025, que é parte integrante desta Ata, assim como as propostas cujos preços tenham sido registrados, independentemente de transcrição."
"00021/2026";"200331 - SECRETARIA NACIONAL DE SEGURANCA PUBLICA - SENASP";"90036/2025";"09/03/2026";"12/03/2026";"12/03/2027";"58.619.404/0008-14";"CONVERGINT COMERCIO E SERVICOS DE TECNOLOGIA LTDA";"00042";"SUPORTE DE VIDEOCASSETE / TELEVISAO, MATERIAL AÇO CARBONO, TIPO PAREDE, TAMANHO MONITORES DE 42"" A 55"", ACABAMENTO SUPERFICIAL PINTURA ELETROSTÁTICA, COR PRETA, CARACTERÍSTICAS ADICIONAIS VIDEOWALL";"177";"177";"10.005,38";"1.770.952,26";"A presente Ata tem por objeto o registro de preços para a eventual aquisição de fardamento operacional, especificado no item 1 do Termo de Referência (33132616), anexo I do edital de Licitação nº 90036/2025, que é parte integrante desta Ata, assim como as propostas cujos preços tenham sido registrados, independentemente de transcrição."
"00021/2026";"200331 - SECRETARIA NACIONAL DE SEGURANCA PUBLICA - SENASP";"90036/2025";"09/03/2026";"12/03/2026";"12/03/2027";"58.619.404/0008-14";"CONVERGINT COMERCIO E SERVICOS DE TECNOLOGIA LTDA";"00044";"SUPORTE DE VIDEOCASSETE / TELEVISAO, MATERIAL AÇO CARBONO, TIPO PAREDE, TAMANHO MONITORES DE 42"" A 55"", ACABAMENTO SUPERFICIAL PINTURA ELETROSTÁTICA, COR PRETA, CARACTERÍSTICAS ADICIONAIS VIDEOWALL";"28";"28";"20.010,76";"560.301,28";"A presente Ata tem por objeto o registro de preços para a eventual aquisição de fardamento operacional, especificado no item 1 do Termo de Referência (33132616), anexo I do edital de Licitação nº 90036/2025, que é parte integrante desta Ata, assim como as propostas cujos preços tenham sido registrados, independentemente de transcrição."
"00021/2026";"200331 - SECRETARIA NACIONAL DE SEGURANCA PUBLICA - SENASP";"90036/2025";"09/03/2026";"12/03/2026";"12/03/2027";"58.619.404/0008-14";"CONVERGINT COMERCIO E SERVICOS DE TECNOLOGIA LTDA";"00046";"PLACA SOM, TIPO EXTERNA, CAPACIDADE MEMÓRIA 24 BIT, COMPATIBILIDADE INTERFACE DE GRAVAÇÃO FIREWIRE, OPERAÇÃO 24 BIT, TIPO ENTRADA NEUTRIK/XLR/1/4TRS/P10 E P2/SPDIF 24 BITS/MIDI, TIPO SAÍDA 8 SAÍDAS P10 E 02 SAÍDAS P2, CARACTERÍSTICAS ADICIONAIS SINCRONIZAÇÃO WORD CLOCK/ PHANTON POWER/ALTA DEFI N, APLICAÇÃO GRAVAÇÃO DE ÁUDIO, FREQUÊNCIA NOMINAL 44.1 À 96 KHZ, MODELO M BOX 2 PRO DIGIDESINGN";"47";"47";"45.287,51";"2.128.512,97";"A presente Ata tem por objeto o registro de preços para a eventual aquisição de fardamento operacional, especificado no item 1 do Termo de Referência (33132616), anexo I do edital de Licitação nº 90036/2025, que é parte integrante desta Ata, assim como as propostas cujos preços tenham sido registrados, independentemente de transcrição."
"00021/2026";"200331 - SECRETARIA NACIONAL DE SEGURANCA PUBLICA - SENASP";"90036/2025";"09/03/2026";"12/03/2026";"12/03/2027";"58.619.404/0008-14";"CONVERGINT COMERCIO E SERVICOS DE TECNOLOGIA LTDA";"00048";"MICROFONE, TIPO SEM FIO UHF HANDHELD, ALIMENTAÇÃO PILHAS AA, CARACTERÍSTICAS ADICIONAIS 1 RECEPTOR; 2 MICROFONES DE MÃO; SEM FIO, ALCANCE 15 A 20 M, APLICAÇÃO PEQUENOS EVENTOS E LOCAIS DE PEQUENO PORTE, ACESSÓRIOS 1 CABO P10 X P10; 1 FONTE, 1 MANUAL, 1 CASE, SENSIBILIDADE +/- 80 DB";"88";"88";"32.227,86";"2.836.051,68";"A presente Ata tem por objeto o registro de preços para a eventual aquisição de fardamento operacional, especificado no item 1 do Termo de Referência (33132616), anexo I do edital de Licitação nº 90036/2025, que é parte integrante desta Ata, assim como as propostas cujos preços tenham sido registrados, independentemente de transcrição."
"00021/2026";"200331 - SECRETARIA NACIONAL DE SEGURANCA PUBLICA - SENASP";"90036/2025";"09/03/2026";"12/03/2026";"12/03/2027";"58.619.404/0008-14";"CONVERGINT COMERCIO E SERVICOS DE TECNOLOGIA LTDA";"00050";"AMPLIFICADOR SOM, QUANTIDADE CANAIS 4 UN, POTÊNCIA CANAL 200 WRMS, LARGURA 350 MM, ALTURA 68 MM, CARACTERÍSTICAS ADICIONAIS 800 W, PROFUNDIDADE CAIXAS ACÚSTICAS 245 MM";"91";"91";"33.702,33";"3.066.912,03";"A presente Ata tem por objeto o registro de preços para a eventual aquisição de fardamento operacional, especificado no item 1 do Termo de Referência (33132616), anexo I do edital de Licitação nº 90036/2025, que é parte integrante desta Ata, assim como as propostas cujos preços tenham sido registrados, independentemente de transcrição."
"00021/2026";"200331 - SECRETARIA NACIONAL DE SEGURANCA PUBLICA - SENASP";"90036/2025";"09/03/2026";"12/03/2026";"12/03/2027";"58.619.404/0008-14";"CONVERGINT COMERCIO E SERVICOS DE TECNOLOGIA LTDA";"00052";"SWITCH, QUANTIDADE PORTAS 48 UN, TIPO PORTAS 10/100/1000 BASE T, RJ45.4, ETHERNET MINI-GBIC, VELOCIDADE PORTA 1000 MBPS, 1/10 GBPS, ALIMENTAÇÃO 100 A 240 V, CARACTERÍSTICAS ADICIONAIS COM PORTAS POE, ALIMENTAÇÃO ELÉTRICA COM CHAVEAME N, APLICAÇÃO CONECTAR SERVIDORES E EQUIPAMENTOS EM REDE, TIPO SWITCH GERENCIÁVEL";"28";"28";"21.695,88";"607.484,64";"A presente Ata tem por objeto o registro de preços para a eventual aquisição de fardamento operacional, especificado no item 1 do Termo de Referência (33132616), anexo I do edital de Licitação nº 90036/2025, que é parte integrante desta Ata, assim como as propostas cujos preços tenham sido registrados, independentemente de transcrição."
"00021/2026";"200331 - SECRETARIA NACIONAL DE SEGURANCA PUBLICA - SENASP";"90036/2025";"09/03/2026";"12/03/2026";"12/03/2027";"58.619.404/0008-14";"CONVERGINT COMERCIO E SERVICOS DE TECNOLOGIA LTDA";"00054";"ESTANTE, MATERIAL AÇO PADRÃO 19"" TIPO 42U, ALTURA 1,99 M, PROFUNDIDADE 1,07 M, MATERIAL PORTA FRONTAL AÇO 18, TRATAMENTO SUPERFICIAL PINTURA ELETROSTÁTICA, CARACTERÍSTICAS ADICIONAIS TETO COM 4 VENTILADORES 220V, LARGURA 60 CM";"61";"61";"4.385,52";"267.516,72";"A presente Ata tem por objeto o registro de preços para a eventual aquisição de fardamento operacional, especificado no item 1 do Termo de Referência (33132616), anexo I do edital de Licitação nº 90036/2025, que é parte integrante desta Ata, assim como as propostas cujos preços tenham sido registrados, independentemente de transcrição."
"00021/2026";"200331 - SECRETARIA NACIONAL DE SEGURANCA PUBLICA - SENASP";"90036/2025";"09/03/2026";"12/03/2026";"12/03/2027";"58.619.404/0008-14";"CONVERGINT COMERCIO E SERVICOS DE TECNOLOGIA LTDA";"00056";"Treinamento Informática - Equipamento / Hardware";"56";"56";"7.372,39";"412.853,84";"A presente Ata tem por objeto o registro de preços para a eventual aquisição de fardamento operacional, especificado no item 1 do Termo de Referência (33132616), anexo I do edital de Licitação nº 90036/2025, que é parte integrante desta Ata, assim como as propostas cujos preços tenham sido registrados, independentemente de transcrição."
"00021/2026";"200331 - SECRETARIA NACIONAL DE SEGURANCA PUBLICA - SENASP";"90036/2025";"09/03/2026";"12/03/2026";"12/03/2027";"58.619.404/0008-14";"CONVERGINT COMERCIO E SERVICOS DE TECNOLOGIA LTDA";"00059";"CONVERSOR IMAGEM, TIPO CONVERSOR ENCODER, COMPATIBILIDADE SISTEMAS TRANSFORMA SINAL CÂMERA (CFTV) EM UM SINAL IP, SAÍDA VÍDEO JPEG/ H264, CARACTERÍSTICAS ADICIONAIS ARMAZENAGEM LOCAL,AJUSTE DE COR,BRILHO E CONTRAST E, RESOLUÇÃO HORIZONTAL 720 LINHAS X VERTICAL 480 LINHAS, FUNÇÕES DETEÇÃO DE MOVIMENTOS, CRIPROGRAFIA HTTPS, CONECTOR ENTRADA RCA/ S-VÍDEO, CONECTOR SAÍDA RJ-45, TENSÃO ALIMENTAÇÃO 8- 20 V";"9";"9";"150.607,31";"1.355.465,79";"A presente Ata tem por objeto o registro de preços para a eventual aquisição de fardamento operacional, especificado no item 1 do Termo de Referência (33132616), anexo I do edital de Licitação nº 90036/2025, que é parte integrante desta Ata, assim como as propostas cujos preços tenham sido registrados, independentemente de transcrição."
"00021/2026";"200331 - SECRETARIA NACIONAL DE SEGURANCA PUBLICA - SENASP";"90036/2025";"09/03/2026";"12/03/2026";"12/03/2027";"58.619.404/0008-14";"CONVERGINT COMERCIO E SERVICOS DE TECNOLOGIA LTDA";"00061";"SUPORTE DE VIDEOCASSETE / TELEVISAO, MATERIAL AÇO CARBONO, TIPO PAREDE, TAMANHO MONITORES DE 42"" A 55"", ACABAMENTO SUPERFICIAL PINTURA ELETROSTÁTICA, COR PRETA, CARACTERÍSTICAS ADICIONAIS VIDEOWALL";"168";"168";"10.531,98";"1.769.372,64";"A presente Ata tem por objeto o registro de preços para a eventual aquisição de fardamento operacional, especificado no item 1 do Termo de Referência (33132616), anexo I do edital de Licitação nº 90036/2025, que é parte integrante desta Ata, assim como as propostas cujos preços tenham sido registrados, independentemente de transcrição."
"00021/2026";"200331 - SECRETARIA NACIONAL DE SEGURANCA PUBLICA - SENASP";"90036/2025";"09/03/2026";"12/03/2026";"12/03/2027";"58.619.404/0008-14";"CONVERGINT COMERCIO E SERVICOS DE TECNOLOGIA LTDA";"00063";"SUPORTE DE VIDEOCASSETE / TELEVISAO, MATERIAL AÇO CARBONO, TIPO PAREDE, TAMANHO MONITORES DE 42"" A 55"", ACABAMENTO SUPERFICIAL PINTURA ELETROSTÁTICA, COR PRETA, CARACTERÍSTICAS ADICIONAIS VIDEOWALL";"4";"4";"21.063,96";"84.255,84";"A presente Ata tem por objeto o registro de preços para a eventual aquisição de fardamento operacional, especificado no item 1 do Termo de Referência (33132616), anexo I do edital de Licitação nº 90036/2025, que é parte integrante desta Ata, assim como as propostas cujos preços tenham sido registrados, independentemente de transcrição."
"00021/2026";"200331 - SECRETARIA NACIONAL DE SEGURANCA PUBLICA - SENASP";"90036/2025";"09/03/2026";"12/03/2026";"12/03/2027";"58.619.404/0008-14";"CONVERGINT COMERCIO E SERVICOS DE TECNOLOGIA LTDA";"00065";"PLACA SOM, TIPO EXTERNA, CAPACIDADE MEMÓRIA 24 BIT, COMPATIBILIDADE INTERFACE DE GRAVAÇÃO FIREWIRE, OPERAÇÃO 24 BIT, TIPO ENTRADA NEUTRIK/XLR/1/4TRS/P10 E P2/SPDIF 24 BITS/MIDI, TIPO SAÍDA 8 SAÍDAS P10 E 02 SAÍDAS P2, CARACTERÍSTICAS ADICIONAIS SINCRONIZAÇÃO WORD CLOCK/ PHANTON POWER/ALTA DEFI N, APLICAÇÃO GRAVAÇÃO DE ÁUDIO, FREQUÊNCIA NOMINAL 44.1 À 96 KHZ, MODELO M BOX 2 PRO DIGIDESINGN";"56";"56";"46.340,71";"2.595.079,76";"A presente Ata tem por objeto o registro de preços para a eventual aquisição de fardamento operacional, especificado no item 1 do Termo de Referência (33132616), anexo I do edital de Licitação nº 90036/2025, que é parte integrante desta Ata, assim como as propostas cujos preços tenham sido registrados, independentemente de transcrição."
"00021/2026";"200331 - SECRETARIA NACIONAL DE SEGURANCA PUBLICA - SENASP";"90036/2025";"09/03/2026";"12/03/2026";"12/03/2027";"58.619.404/0008-14";"CONVERGINT COMERCIO E SERVICOS DE TECNOLOGIA LTDA";"00067";"MICROFONE, TIPO SEM FIO UHF HANDHELD, ALIMENTAÇÃO PILHAS AA, CARACTERÍSTICAS ADICIONAIS 1 RECEPTOR; 2 MICROFONES DE MÃO; SEM FIO, ALCANCE 15 A 20 M, APLICAÇÃO PEQUENOS EVENTOS E LOCAIS DE PEQUENO PORTE, ACESSÓRIOS 1 CABO P10 X P10; 1 FONTE, 1 MANUAL, 1 CASE, SENSIBILIDADE +/- 80 DB";"133";"133";"31.595,94";"4.202.260,02";"A presente Ata tem por objeto o registro de preços para a eventual aquisição de fardamento operacional, especificado no item 1 do Termo de Referência (33132616), anexo I do edital de Licitação nº 90036/2025, que é parte integrante desta Ata, assim como as propostas cujos preços tenham sido registrados, independentemente de transcrição."
"00021/2026";"200331 - SECRETARIA NACIONAL DE SEGURANCA PUBLICA - SENASP";"90036/2025";"09/03/2026";"12/03/2026";"12/03/2027";"58.619.404/0008-14";"CONVERGINT COMERCIO E SERVICOS DE TECNOLOGIA LTDA";"00069";"AMPLIFICADOR SOM, QUANTIDADE CANAIS 4 UN, POTÊNCIA CANAL 200 WRMS, LARGURA 350 MM, ALTURA 68 MM, CARACTERÍSTICAS ADICIONAIS 800 W, PROFUNDIDADE CAIXAS ACÚSTICAS 245 MM";"80";"80";"36.861,93";"2.948.954,40";"A presente Ata tem por objeto o registro de preços para a eventual aquisição de fardamento operacional, especificado no item 1 do Termo de Referência (33132616), anexo I do edital de Licitação nº 90036/2025, que é parte integrante desta Ata, assim como as propostas cujos preços tenham sido registrados, independentemente de transcrição."
"00021/2026";"200331 - SECRETARIA NACIONAL DE SEGURANCA PUBLICA - SENASP";"90036/2025";"09/03/2026";"12/03/2026";"12/03/2027";"58.619.404/0008-14";"CONVERGINT COMERCIO E SERVICOS DE TECNOLOGIA LTDA";"00071";"SWITCH, QUANTIDADE PORTAS 48 UN, TIPO PORTAS 10/100/1000 BASE T, RJ45.4, ETHERNET MINI-GBIC, VELOCIDADE PORTA 1000 MBPS, 1/10 GBPS, ALIMENTAÇÃO 100 A 240 V, CARACTERÍSTICAS ADICIONAIS COM PORTAS POE, ALIMENTAÇÃO ELÉTRICA COM CHAVEAME N, APLICAÇÃO CONECTAR SERVIDORES E EQUIPAMENTOS EM REDE, TIPO SWITCH GERENCIÁVEL";"16";"16";"23.802,27";"380.836,32";"A presente Ata tem por objeto o registro de preços para a eventual aquisição de fardamento operacional, especificado no item 1 do Termo de Referência (33132616), anexo I do edital de Licitação nº 90036/2025, que é parte integrante desta Ata, assim como as propostas cujos preços tenham sido registrados, independentemente de transcrição."
"00021/2026";"200331 - SECRETARIA NACIONAL DE SEGURANCA PUBLICA - SENASP";"90036/2025";"09/03/2026";"12/03/2026";"12/03/2027";"58.619.404/0008-14";"CONVERGINT COMERCIO E SERVICOS DE TECNOLOGIA LTDA";"00073";"ESTANTE, MATERIAL AÇO PADRÃO 19"" TIPO 42U, ALTURA 1,99 M, PROFUNDIDADE 1,07 M, MATERIAL PORTA FRONTAL AÇO 18, TRATAMENTO SUPERFICIAL PINTURA ELETROSTÁTICA, CARACTERÍSTICAS ADICIONAIS TETO COM 4 VENTILADORES 220V, LARGURA 60 CM";"77";"77";"4.385,52";"337.685,04";"A presente Ata tem por objeto o registro de preços para a eventual aquisição de fardamento operacional, especificado no item 1 do Termo de Referência (33132616), anexo I do edital de Licitação nº 90036/2025, que é parte integrante desta Ata, assim como as propostas cujos preços tenham sido registrados, independentemente de transcrição."
"00021/2026";"200331 - SECRETARIA NACIONAL DE SEGURANCA PUBLICA - SENASP";"90036/2025";"09/03/2026";"12/03/2026";"12/03/2027";"58.619.404/0008-14";"CONVERGINT COMERCIO E SERVICOS DE TECNOLOGIA LTDA";"00075";"Treinamento Informática - Equipamento / Hardware";"72";"72";"8.425,58";"606.641,76";"A presente Ata tem por objeto o registro de preços para a eventual aquisição de fardamento operacional, especificado no item 1 do Termo de Referência (33132616), anexo I do edital de Licitação nº 90036/2025, que é parte integrante desta Ata, assim como as propostas cujos preços tenham sido registrados, independentemente de transcrição."
"00021/2026";"200331 - SECRETARIA NACIONAL DE SEGURANCA PUBLICA - SENASP";"90036/2025";"09/03/2026";"12/03/2026";"12/03/2027";"58.619.404/0008-14";"CONVERGINT COMERCIO E SERVICOS DE TECNOLOGIA LTDA";"00020";"MONITOR IMAGEM, TAMANHO TELA 55 POL, TIPO TELA LED, CONSUMO 150 W, TENSÃO OPERAÇÃO 100 A 240 VCA, LARGURA 1,211,4 MM, ALTURA 682,2 MM, PROFUNDIDADE 86,5 MM, RESOLUÇÃO IMAGEM 1920 X 1080 DPI, TIPO ENTRADA HDMI/DP/DVI-D/OPS/AUDIO/ USB 2.0/USB 3.0/RGB, CARACTERÍSTICAS ADICIONAIS CONTROLE EXTERNO RS2323C, RJ45, RECEPTOR IR;, TIPO IMAGEM WINDE SCREEN";"588";"588";"8.952,18";"5.263.881,84";"A presente Ata tem por objeto o registro de preços para a eventual aquisição de fardamento operacional, especificado no item 1 do Termo de Referência (33132616), anexo I do edital de Licitação nº 90036/2025, que é parte integrante desta Ata, assim como as propostas cujos preços tenham sido registrados, independentemente de transcrição."
"00021/2026";"200331 - SECRETARIA NACIONAL DE SEGURANCA PUBLICA - SENASP";"90036/2025";"09/03/2026";"12/03/2026";"12/03/2027";"58.619.404/0008-14";"CONVERGINT COMERCIO E SERVICOS DE TECNOLOGIA LTDA";"00022";"CONVERSOR IMAGEM, TIPO CONVERSOR ENCODER, COMPATIBILIDADE SISTEMAS TRANSFORMA SINAL CÂMERA (CFTV) EM UM SINAL IP, SAÍDA VÍDEO JPEG/ H264, CARACTERÍSTICAS ADICIONAIS ARMAZENAGEM LOCAL,AJUSTE DE COR,BRILHO E CONTRAST E, RESOLUÇÃO HORIZONTAL 720 LINHAS X VERTICAL 480 LINHAS, FUNÇÕES DETEÇÃO DE MOVIMENTOS, CRIPROGRAFIA HTTPS, CONECTOR ENTRADA RCA/ S-VÍDEO, CONECTOR SAÍDA RJ-45, TENSÃO ALIMENTAÇÃO 8- 20 V";"23";"23";"11.795,82";"271.303,86";"A presente Ata tem por objeto o registro de preços para a eventual aquisição de fardamento operacional, especificado no item 1 do Termo de Referência (33132616), anexo I do edital de Licitação nº 90036/2025, que é parte integrante desta Ata, assim como as propostas cujos preços tenham sido registrados, independentemente de transcrição."
"00021/2026";"200331 - SECRETARIA NACIONAL DE SEGURANCA PUBLICA - SENASP";"90036/2025";"09/03/2026";"12/03/2026";"12/03/2027";"58.619.404/0008-14";"CONVERGINT COMERCIO E SERVICOS DE TECNOLOGIA LTDA";"00024";"SUPORTE DE VIDEOCASSETE / TELEVISAO, MATERIAL AÇO CARBONO, TIPO PAREDE, TAMANHO MONITORES DE 42"" A 55"", ACABAMENTO SUPERFICIAL PINTURA ELETROSTÁTICA, COR PRETA, CARACTERÍSTICAS ADICIONAIS VIDEOWALL";"18";"18";"17.377,77";"312.799,86";"A presente Ata tem por objeto o registro de preços para a eventual aquisição de fardamento operacional, especificado no item 1 do Termo de Referência (33132616), anexo I do edital de Licitação nº 90036/2025, que é parte integrante desta Ata, assim como as propostas cujos preços tenham sido registrados, independentemente de transcrição."
"00021/2026";"200331 - SECRETARIA NACIONAL DE SEGURANCA PUBLICA - SENASP";"90036/2025";"09/03/2026";"12/03/2026";"12/03/2027";"58.619.404/0008-14";"CONVERGINT COMERCIO E SERVICOS DE TECNOLOGIA LTDA";"00078";"CONVERSOR IMAGEM, TIPO CONVERSOR ENCODER, COMPATIBILIDADE SISTEMAS TRANSFORMA SINAL CÂMERA (CFTV) EM UM SINAL IP, SAÍDA VÍDEO JPEG/ H264, CARACTERÍSTICAS ADICIONAIS ARMAZENAGEM LOCAL,AJUSTE DE COR,BRILHO E CONTRAST E, RESOLUÇÃO HORIZONTAL 720 LINHAS X VERTICAL 480 LINHAS, FUNÇÕES DETEÇÃO DE MOVIMENTOS, CRIPROGRAFIA HTTPS, CONECTOR ENTRADA RCA/ S-VÍDEO, CONECTOR SAÍDA RJ-45, TENSÃO ALIMENTAÇÃO 8- 20 V";"30";"30";"115.851,77";"3.475.553,10";"A presente Ata tem por objeto o registro de preços para a eventual aquisição de fardamento operacional, especificado no item 1 do Termo de Referência (33132616), anexo I do edital de Licitação nº 90036/2025, que é parte integrante desta Ata, assim como as propostas cujos preços tenham sido registrados, independentemente de transcrição."
"00021/2026";"200331 - SECRETARIA NACIONAL DE SEGURANCA PUBLICA - SENASP";"90036/2025";"09/03/2026";"12/03/2026";"12/03/2027";"58.619.404/0008-14";"CONVERGINT COMERCIO E SERVICOS DE TECNOLOGIA LTDA";"00080";"APRESENTADOR MULTIMÍDIA, DISTÂNCIA MÍNIMA 10 M, FREQÜÊNCIA 2,4 GHZ, COMPATIBILIDADE WINDOWS, MAC, PC, NOTEBOOK, FONTE ALIMENTAÇÃO BATERIA, CARACTERÍSTICAS ADICIONAIS USB E SEM FIO";"30";"30";"15.797,97";"473.939,10";"A presente Ata tem por objeto o registro de preços para a eventual aquisição de fardamento operacional, especificado no item 1 do Termo de Referência (33132616), anexo I do edital de Licitação nº 90036/2025, que é parte integrante desta Ata, assim como as propostas cujos preços tenham sido registrados, independentemente de transcrição."
"00021/2026";"200331 - SECRETARIA NACIONAL DE SEGURANCA PUBLICA - SENASP";"90036/2025";"09/03/2026";"12/03/2026";"12/03/2027";"58.619.404/0008-14";"CONVERGINT COMERCIO E SERVICOS DE TECNOLOGIA LTDA";"00082";"MESA ÁUDIO / VÍDEO, TIPO ENTRADA USB ESTÉREO, EQUALIZAÇÃO 3 VIAS, TENSÃO ALIMENTAÇÃO 100/240 V, CARACTERÍSTICAS ADICIONAIS COM PRÉ-AMPLIFICADORES, PROCESSADOR MULTI-EFEITOS ,";"30";"30";"36.861,93";"1.105.857,90";"A presente Ata tem por objeto o registro de preços para a eventual aquisição de fardamento operacional, especificado no item 1 do Termo de Referência (33132616), anexo I do edital de Licitação nº 90036/2025, que é parte integrante desta Ata, assim como as propostas cujos preços tenham sido registrados, independentemente de transcrição."
"00021/2026";"200331 - SECRETARIA NACIONAL DE SEGURANCA PUBLICA - SENASP";"90036/2025";"09/03/2026";"12/03/2026";"12/03/2027";"58.619.404/0008-14";"CONVERGINT COMERCIO E SERVICOS DE TECNOLOGIA LTDA";"00084";"AMPLIFICADOR SOM, QUANTIDADE CANAIS 4 UN, POTÊNCIA CANAL 200 WRMS, LARGURA 350 MM, ALTURA 68 MM, CARACTERÍSTICAS ADICIONAIS 800 W, PROFUNDIDADE CAIXAS ACÚSTICAS 245 MM";"30";"30";"41.074,72";"1.232.241,60";"A presente Ata tem por objeto o registro de preços para a eventual aquisição de fardamento operacional, especificado no item 1 do Termo de Referência (33132616), anexo I do edital de Licitação nº 90036/2025, que é parte integrante desta Ata, assim como as propostas cujos preços tenham sido registrados, independentemente de transcrição."
"00021/2026";"200331 - SECRETARIA NACIONAL DE SEGURANCA PUBLICA - SENASP";"90036/2025";"09/03/2026";"12/03/2026";"12/03/2027";"58.619.404/0008-14";"CONVERGINT COMERCIO E SERVICOS DE TECNOLOGIA LTDA";"00086";"SWITCH, QUANTIDADE PORTAS 48 UN, TIPO PORTAS 10/100/1000 BASE T, RJ45.4, ETHERNET MINI-GBIC, VELOCIDADE PORTA 1000 MBPS, 1/10 GBPS, ALIMENTAÇÃO 100 A 240 V, CARACTERÍSTICAS ADICIONAIS COM PORTAS POE, ALIMENTAÇÃO ELÉTRICA COM CHAVEAME N, APLICAÇÃO CONECTAR SERVIDORES E EQUIPAMENTOS EM REDE, TIPO SWITCH GERENCIÁVEL";"30";"30";"22.749,08";"682.472,40";"A presente Ata tem por objeto o registro de preços para a eventual aquisição de fardamento operacional, especificado no item 1 do Termo de Referência (33132616), anexo I do edital de Licitação nº 90036/2025, que é parte integrante desta Ata, assim como as propostas cujos preços tenham sido registrados, independentemente de transcrição."
"00021/2026";"200331 - SECRETARIA NACIONAL DE SEGURANCA PUBLICA - SENASP";"90036/2025";"09/03/2026";"12/03/2026";"12/03/2027";"58.619.404/0008-14";"CONVERGINT COMERCIO E SERVICOS DE TECNOLOGIA LTDA";"00026";"APRESENTADOR MULTIMÍDIA, DISTÂNCIA MÍNIMA 10 M, FREQÜÊNCIA 2,4 GHZ, COMPATIBILIDADE WINDOWS, MAC, PC, NOTEBOOK, FONTE ALIMENTAÇÃO BATERIA, CARACTERÍSTICAS ADICIONAIS USB E SEM FIO";"90";"90";"13.164,97";"1.184.847,30";"A presente Ata tem por objeto o registro de preços para a eventual aquisição de fardamento operacional, especificado no item 1 do Termo de Referência (33132616), anexo I do edital de Licitação nº 90036/2025, que é parte integrante desta Ata, assim como as propostas cujos preços tenham sido registrados, independentemente de transcrição."
"00021/2026";"200331 - SECRETARIA NACIONAL DE SEGURANCA PUBLICA - SENASP";"90036/2025";"09/03/2026";"12/03/2026";"12/03/2027";"58.619.404/0008-14";"CONVERGINT COMERCIO E SERVICOS DE TECNOLOGIA LTDA";"00028";"MESA ÁUDIO / VÍDEO, TIPO ENTRADA USB ESTÉREO, EQUALIZAÇÃO 3 VIAS, TENSÃO ALIMENTAÇÃO 100/240 V, CARACTERÍSTICAS ADICIONAIS COM PRÉ-AMPLIFICADORES, PROCESSADOR MULTI-EFEITOS ,";"56";"56";"34.755,53";"1.946.309,68";"A presente Ata tem por objeto o registro de preços para a eventual aquisição de fardamento operacional, especificado no item 1 do Termo de Referência (33132616), anexo I do edital de Licitação nº 90036/2025, que é parte integrante desta Ata, assim como as propostas cujos preços tenham sido registrados, independentemente de transcrição."
"00021/2026";"200331 - SECRETARIA NACIONAL DE SEGURANCA PUBLICA - SENASP";"90036/2025";"09/03/2026";"12/03/2026";"12/03/2027";"58.619.404/0008-14";"CONVERGINT COMERCIO E SERVICOS DE TECNOLOGIA LTDA";"00030";"MICROFONE, TIPO SEM FIO UHF HANDHELD, ALIMENTAÇÃO PILHAS AA, CARACTERÍSTICAS ADICIONAIS 1 RECEPTOR; 2 MICROFONES DE MÃO; SEM FIO, ALCANCE 15 A 20 M, APLICAÇÃO PEQUENOS EVENTOS E LOCAIS DE PEQUENO PORTE, ACESSÓRIOS 1 CABO P10 X P10; 1 FONTE, 1 MANUAL, 1 CASE, SENSIBILIDADE +/- 80 DB";"78";"78";"29.489,54";"2.300.184,12";"A presente Ata tem por objeto o registro de preços para a eventual aquisição de fardamento operacional, especificado no item 1 do Termo de Referência (33132616), anexo I do edital de Licitação nº 90036/2025, que é parte integrante desta Ata, assim como as propostas cujos preços tenham sido registrados, independentemente de transcrição."
"00021/2026";"200331 - SECRETARIA NACIONAL DE SEGURANCA PUBLICA - SENASP";"90036/2025";"09/03/2026";"12/03/2026";"12/03/2027";"58.619.404/0008-14";"CONVERGINT COMERCIO E SERVICOS DE TECNOLOGIA LTDA";"00032";"CAIXA ACÚSTICA, POTÊNCIA 350 WRMS, TAMANHO ALTO-FALANTE 18 POL, RESPOSTA FREQÜÊNCIA 55 A 300 HZ, LARGURA 516 MM, ALTURA 597 MM, PROFUNDIDADE 559 MM, COR PRETA, CARACTERÍSTICAS ADICIONAIS SUB WOOFER PORTÁTIL, IMPEDÂNCIA ENTRADA 4 OHM, SENSIBILIDADE 101 DB, POTÊNCIA NOMINAL 350 WRMS";"182";"182";"4.739,39";"862.568,98";"A presente Ata tem por objeto o registro de preços para a eventual aquisição de fardamento operacional, especificado no item 1 do Termo de Referência (33132616), anexo I do edital de Licitação nº 90036/2025, que é parte integrante desta Ata, assim como as propostas cujos preços tenham sido registrados, independentemente de transcrição."
"00021/2026";"200331 - SECRETARIA NACIONAL DE SEGURANCA PUBLICA - SENASP";"90036/2025";"09/03/2026";"12/03/2026";"12/03/2027";"58.619.404/0008-14";"CONVERGINT COMERCIO E SERVICOS DE TECNOLOGIA LTDA";"00034";"SWITCH, QUANTIDADE PORTAS 24 UN, TIPO PORTAS 10/100/1000 BASE T, RJ45.4, 4 ETHERNET MINI-GBIC, VELOCIDADE PORTA 1000 MBPS, 1/10 GBPS, ALIMENTAÇÃO 100 A 240 V, CARACTERÍSTICAS ADICIONAIS COM PORTAS POE, ALIMENTAÇÃO ELÉTRICA COM CHAVEAME N, APLICAÇÃO CONECTAR SERVIDORES E EQUIPAMENTOS EM REDE, TIPO SWITCH GERENCIÁVEL";"91";"91";"12.743,70";"1.159.676,70";"A presente Ata tem por objeto o registro de preços para a eventual aquisição de fardamento operacional, especificado no item 1 do Termo de Referência (33132616), anexo I do edital de Licitação nº 90036/2025, que é parte integrante desta Ata, assim como as propostas cujos preços tenham sido registrados, independentemente de transcrição."
"00021/2026";"200331 - SECRETARIA NACIONAL DE SEGURANCA PUBLICA - SENASP";"90036/2025";"09/03/2026";"12/03/2026";"12/03/2027";"58.619.404/0008-14";"CONVERGINT COMERCIO E SERVICOS DE TECNOLOGIA LTDA";"00036";"Instalação e Montagem / Desmontagem - Remanejamento com TraNSPORTE DE MAQUINAS  / EQUIPAMENTOS";"94";"94";"72.670,66";"6.831.042,04";"A presente Ata tem por objeto o registro de preços para a eventual aquisição de fardamento operacional, especificado no item 1 do Termo de Referência (33132616), anexo I do edital de Licitação nº 90036/2025, que é parte integrante desta Ata, assim como as propostas cujos preços tenham sido registrados, independentemente de transcrição."
"00021/2026";"200331 - SECRETARIA NACIONAL DE SEGURANCA PUBLICA - SENASP";"90036/2025";"09/03/2026";"12/03/2026";"12/03/2027";"58.619.404/0008-14";"CONVERGINT COMERCIO E SERVICOS DE TECNOLOGIA LTDA";"00039";"MONITOR IMAGEM, TAMANHO TELA 55 POL, TIPO TELA LED, CONSUMO 150 W, TENSÃO OPERAÇÃO 100 A 240 VCA, LARGURA 1,211,4 MM, ALTURA 682,2 MM, PROFUNDIDADE 86,5 MM, RESOLUÇÃO IMAGEM 1920 X 1080 DPI, TIPO ENTRADA HDMI/DP/DVI-D/OPS/AUDIO/ USB 2.0/USB 3.0/RGB, CARACTERÍSTICAS ADICIONAIS CONTROLE EXTERNO RS2323C, RJ45, RECEPTOR IR;, TIPO IMAGEM WINDE SCREEN";"485";"485";"8.952,18";"4.341.807,30";"A presente Ata tem por objeto o registro de preços para a eventual aquisição de fardamento operacional, especificado no item 1 do Termo de Referência (33132616), anexo I do edital de Licitação nº 90036/2025, que é parte integrante desta Ata, assim como as propostas cujos preços tenham sido registrados, independentemente de transcrição."
"00021/2026";"200331 - SECRETARIA NACIONAL DE SEGURANCA PUBLICA - SENASP";"90036/2025";"09/03/2026";"12/03/2026";"12/03/2027";"58.619.404/0008-14";"CONVERGINT COMERCIO E SERVICOS DE TECNOLOGIA LTDA";"00041";"CONVERSOR IMAGEM, TIPO CONVERSOR ENCODER, COMPATIBILIDADE SISTEMAS TRANSFORMA SINAL CÂMERA (CFTV) EM UM SINAL IP, SAÍDA VÍDEO JPEG/ H264, CARACTERÍSTICAS ADICIONAIS ARMAZENAGEM LOCAL,AJUSTE DE COR,BRILHO E CONTRAST E, RESOLUÇÃO HORIZONTAL 720 LINHAS X VERTICAL 480 LINHAS, FUNÇÕES DETEÇÃO DE MOVIMENTOS, CRIPROGRAFIA HTTPS, CONECTOR ENTRADA RCA/ S-VÍDEO, CONECTOR SAÍDA RJ-45, TENSÃO ALIMENTAÇÃO 8- 20 V";"32";"32";"111.638,98";"3.572.447,36";"A presente Ata tem por objeto o registro de preços para a eventual aquisição de fardamento operacional, especificado no item 1 do Termo de Referência (33132616), anexo I do edital de Licitação nº 90036/2025, que é parte integrante desta Ata, assim como as propostas cujos preços tenham sido registrados, independentemente de transcrição."
"00021/2026";"200331 - SECRETARIA NACIONAL DE SEGURANCA PUBLICA - SENASP";"90036/2025";"09/03/2026";"12/03/2026";"12/03/2027";"58.619.404/0008-14";"CONVERGINT COMERCIO E SERVICOS DE TECNOLOGIA LTDA";"00043";"SUPORTE DE VIDEOCASSETE / TELEVISAO, MATERIAL AÇO CARBONO, TIPO PAREDE, TAMANHO MONITORES DE 42"" A 55"", ACABAMENTO SUPERFICIAL PINTURA ELETROSTÁTICA, COR PRETA, CARACTERÍSTICAS ADICIONAIS VIDEOWALL";"13";"13";"15.797,97";"205.373,61";"A presente Ata tem por objeto o registro de preços para a eventual aquisição de fardamento operacional, especificado no item 1 do Termo de Referência (33132616), anexo I do edital de Licitação nº 90036/2025, que é parte integrante desta Ata, assim como as propostas cujos preços tenham sido registrados, independentemente de transcrição."
"00021/2026";"200331 - SECRETARIA NACIONAL DE SEGURANCA PUBLICA - SENASP";"90036/2025";"09/03/2026";"12/03/2026";"12/03/2027";"58.619.404/0008-14";"CONVERGINT COMERCIO E SERVICOS DE TECNOLOGIA LTDA";"00045";"APRESENTADOR MULTIMÍDIA, DISTÂNCIA MÍNIMA 10 M, FREQÜÊNCIA 2,4 GHZ, COMPATIBILIDADE WINDOWS, MAC, PC, NOTEBOOK, FONTE ALIMENTAÇÃO BATERIA, CARACTERÍSTICAS ADICIONAIS USB E SEM FIO";"86";"86";"12.638,38";"1.086.900,68";"A presente Ata tem por objeto o registro de preços para a eventual aquisição de fardamento operacional, especificado no item 1 do Termo de Referência (33132616), anexo I do edital de Licitação nº 90036/2025, que é parte integrante desta Ata, assim como as propostas cujos preços tenham sido registrados, independentemente de transcrição."
"00021/2026";"200331 - SECRETARIA NACIONAL DE SEGURANCA PUBLICA - SENASP";"90036/2025";"09/03/2026";"12/03/2026";"12/03/2027";"58.619.404/0008-14";"CONVERGINT COMERCIO E SERVICOS DE TECNOLOGIA LTDA";"00047";"MESA ÁUDIO / VÍDEO, TIPO ENTRADA USB ESTÉREO, EQUALIZAÇÃO 3 VIAS, TENSÃO ALIMENTAÇÃO 100/240 V, CARACTERÍSTICAS ADICIONAIS COM PRÉ-AMPLIFICADORES, PROCESSADOR MULTI-EFEITOS ,";"42";"42";"33.702,33";"1.415.497,86";"A presente Ata tem por objeto o registro de preços para a eventual aquisição de fardamento operacional, especificado no item 1 do Termo de Referência (33132616), anexo I do edital de Licitação nº 90036/2025, que é parte integrante desta Ata, assim como as propostas cujos preços tenham sido registrados, independentemente de transcrição."
"00021/2026";"200331 - SECRETARIA NACIONAL DE SEGURANCA PUBLICA - SENASP";"90036/2025";"09/03/2026";"12/03/2026";"12/03/2027";"58.619.404/0008-14";"CONVERGINT COMERCIO E SERVICOS DE TECNOLOGIA LTDA";"00049";"MICROFONE, TIPO SEM FIO UHF HANDHELD, ALIMENTAÇÃO PILHAS AA, CARACTERÍSTICAS ADICIONAIS 1 RECEPTOR; 2 MICROFONES DE MÃO; SEM FIO, ALCANCE 15 A 20 M, APLICAÇÃO PEQUENOS EVENTOS E LOCAIS DE PEQUENO PORTE, ACESSÓRIOS 1 CABO P10 X P10; 1 FONTE, 1 MANUAL, 1 CASE, SENSIBILIDADE +/- 80 DB";"126";"126";"27.384,20";"3.450.409,20";"A presente Ata tem por objeto o registro de preços para a eventual aquisição de fardamento operacional, especificado no item 1 do Termo de Referência (33132616), anexo I do edital de Licitação nº 90036/2025, que é parte integrante desta Ata, assim como as propostas cujos preços tenham sido registrados, independentemente de transcrição."
"00021/2026";"200331 - SECRETARIA NACIONAL DE SEGURANCA PUBLICA - SENASP";"90036/2025";"09/03/2026";"12/03/2026";"12/03/2027";"58.619.404/0008-14";"CONVERGINT COMERCIO E SERVICOS DE TECNOLOGIA LTDA";"00051";"CAIXA ACÚSTICA, POTÊNCIA 350 WRMS, TAMANHO ALTO-FALANTE 18 POL, RESPOSTA FREQÜÊNCIA 55 A 300 HZ, LARGURA 516 MM, ALTURA 597 MM, PROFUNDIDADE 559 MM, COR PRETA, CARACTERÍSTICAS ADICIONAIS SUB WOOFER PORTÁTIL, IMPEDÂNCIA ENTRADA 4 OHM, SENSIBILIDADE 101 DB, POTÊNCIA NOMINAL 350 WRMS";"179";"179";"4.528,75";"810.646,25";"A presente Ata tem por objeto o registro de preços para a eventual aquisição de fardamento operacional, especificado no item 1 do Termo de Referência (33132616), anexo I do edital de Licitação nº 90036/2025, que é parte integrante desta Ata, assim como as propostas cujos preços tenham sido registrados, independentemente de transcrição."
"00021/2026";"200331 - SECRETARIA NACIONAL DE SEGURANCA PUBLICA - SENASP";"90036/2025";"09/03/2026";"12/03/2026";"12/03/2027";"58.619.404/0008-14";"CONVERGINT COMERCIO E SERVICOS DE TECNOLOGIA LTDA";"00053";"SWITCH, QUANTIDADE PORTAS 24 UN, TIPO PORTAS 10/100/1000 BASE T, RJ45.4, 4 ETHERNET MINI-GBIC, VELOCIDADE PORTA 1000 MBPS, 1/10 GBPS, ALIMENTAÇÃO 100 A 240 V, CARACTERÍSTICAS ADICIONAIS COM PORTAS POE, ALIMENTAÇÃO ELÉTRICA COM CHAVEAME N, APLICAÇÃO CONECTAR SERVIDORES E EQUIPAMENTOS EM REDE, TIPO SWITCH GERENCIÁVEL";"39";"39";"12.217,10";"476.466,90";"A presente Ata tem por objeto o registro de preços para a eventual aquisição de fardamento operacional, especificado no item 1 do Termo de Referência (33132616), anexo I do edital de Licitação nº 90036/2025, que é parte integrante desta Ata, assim como as propostas cujos preços tenham sido registrados, independentemente de transcrição."
"00021/2026";"200331 - SECRETARIA NACIONAL DE SEGURANCA PUBLICA - SENASP";"90036/2025";"09/03/2026";"12/03/2026";"12/03/2027";"58.619.404/0008-14";"CONVERGINT COMERCIO E SERVICOS DE TECNOLOGIA LTDA";"00055";"Instalação e Montagem / Desmontagem - Remanejamento com TraNSPORTE DE MAQUINAS  / EQUIPAMENTOS";"105";"105";"69.511,06";"7.298.661,30";"A presente Ata tem por objeto o registro de preços para a eventual aquisição de fardamento operacional, especificado no item 1 do Termo de Referência (33132616), anexo I do edital de Licitação nº 90036/2025, que é parte integrante desta Ata, assim como as propostas cujos preços tenham sido registrados, independentemente de transcrição."
"00021/2026";"200331 - SECRETARIA NACIONAL DE SEGURANCA PUBLICA - SENASP";"90036/2025";"09/03/2026";"12/03/2026";"12/03/2027";"58.619.404/0008-14";"CONVERGINT COMERCIO E SERVICOS DE TECNOLOGIA LTDA";"00058";"MONITOR IMAGEM, TAMANHO TELA 55 POL, TIPO TELA LED, CONSUMO 150 W, TENSÃO OPERAÇÃO 100 A 240 VCA, LARGURA 1,211,4 MM, ALTURA 682,2 MM, PROFUNDIDADE 86,5 MM, RESOLUÇÃO IMAGEM 1920 X 1080 DPI, TIPO ENTRADA HDMI/DP/DVI-D/OPS/AUDIO/ USB 2.0/USB 3.0/RGB, CARACTERÍSTICAS ADICIONAIS CONTROLE EXTERNO RS2323C, RJ45, RECEPTOR IR;, TIPO IMAGEM WINDE SCREEN";"451";"451";"9.478,78";"4.274.929,78";"A presente Ata tem por objeto o registro de preços para a eventual aquisição de fardamento operacional, especificado no item 1 do Termo de Referência (33132616), anexo I do edital de Licitação nº 90036/2025, que é parte integrante desta Ata, assim como as propostas cujos preços tenham sido registrados, independentemente de transcrição."
"00021/2026";"200331 - SECRETARIA NACIONAL DE SEGURANCA PUBLICA - SENASP";"90036/2025";"09/03/2026";"12/03/2026";"12/03/2027";"58.619.404/0008-14";"CONVERGINT COMERCIO E SERVICOS DE TECNOLOGIA LTDA";"00060";"CONVERSOR IMAGEM, TIPO CONVERSOR ENCODER, COMPATIBILIDADE SISTEMAS TRANSFORMA SINAL CÂMERA (CFTV) EM UM SINAL IP, SAÍDA VÍDEO JPEG/ H264, CARACTERÍSTICAS ADICIONAIS ARMAZENAGEM LOCAL,AJUSTE DE COR,BRILHO E CONTRAST E, RESOLUÇÃO HORIZONTAL 720 LINHAS X VERTICAL 480 LINHAS, FUNÇÕES DETEÇÃO DE MOVIMENTOS, CRIPROGRAFIA HTTPS, CONECTOR ENTRADA RCA/ S-VÍDEO, CONECTOR SAÍDA RJ-45, TENSÃO ALIMENTAÇÃO 8- 20 V";"69";"69";"112.692,18";"7.775.760,42";"A presente Ata tem por objeto o registro de preços para a eventual aquisição de fardamento operacional, especificado no item 1 do Termo de Referência (33132616), anexo I do edital de Licitação nº 90036/2025, que é parte integrante desta Ata, assim como as propostas cujos preços tenham sido registrados, independentemente de transcrição."
"00021/2026";"200331 - SECRETARIA NACIONAL DE SEGURANCA PUBLICA - SENASP";"90036/2025";"09/03/2026";"12/03/2026";"12/03/2027";"58.619.404/0008-14";"CONVERGINT COMERCIO E SERVICOS DE TECNOLOGIA LTDA";"00062";"SUPORTE DE VIDEOCASSETE / TELEVISAO, MATERIAL AÇO CARBONO, TIPO PAREDE, TAMANHO MONITORES DE 42"" A 55"", ACABAMENTO SUPERFICIAL PINTURA ELETROSTÁTICA, COR PRETA, CARACTERÍSTICAS ADICIONAIS VIDEOWALL";"28";"28";"16.851,17";"471.832,76";"A presente Ata tem por objeto o registro de preços para a eventual aquisição de fardamento operacional, especificado no item 1 do Termo de Referência (33132616), anexo I do edital de Licitação nº 90036/2025, que é parte integrante desta Ata, assim como as propostas cujos preços tenham sido registrados, independentemente de transcrição."
"00021/2026";"200331 - SECRETARIA NACIONAL DE SEGURANCA PUBLICA - SENASP";"90036/2025";"09/03/2026";"12/03/2026";"12/03/2027";"58.619.404/0008-14";"CONVERGINT COMERCIO E SERVICOS DE TECNOLOGIA LTDA";"00064";"APRESENTADOR MULTIMÍDIA, DISTÂNCIA MÍNIMA 10 M, FREQÜÊNCIA 2,4 GHZ, COMPATIBILIDADE WINDOWS, MAC, PC, NOTEBOOK, FONTE ALIMENTAÇÃO BATERIA, CARACTERÍSTICAS ADICIONAIS USB E SEM FIO";"78";"78";"14.218,17";"1.109.017,26";"A presente Ata tem por objeto o registro de preços para a eventual aquisição de fardamento operacional, especificado no item 1 do Termo de Referência (33132616), anexo I do edital de Licitação nº 90036/2025, que é parte integrante desta Ata, assim como as propostas cujos preços tenham sido registrados, independentemente de transcrição."
"00021/2026";"200331 - SECRETARIA NACIONAL DE SEGURANCA PUBLICA - SENASP";"90036/2025";"09/03/2026";"12/03/2026";"12/03/2027";"58.619.404/0008-14";"CONVERGINT COMERCIO E SERVICOS DE TECNOLOGIA LTDA";"00066";"MESA ÁUDIO / VÍDEO, TIPO ENTRADA USB ESTÉREO, EQUALIZAÇÃO 3 VIAS, TENSÃO ALIMENTAÇÃO 100/240 V, CARACTERÍSTICAS ADICIONAIS COM PRÉ-AMPLIFICADORES, PROCESSADOR MULTI-EFEITOS ,";"36";"36";"33.702,33";"1.213.283,88";"A presente Ata tem por objeto o registro de preços para a eventual aquisição de fardamento operacional, especificado no item 1 do Termo de Referência (33132616), anexo I do edital de Licitação nº 90036/2025, que é parte integrante desta Ata, assim como as propostas cujos preços tenham sido registrados, independentemente de transcrição."
"00021/2026";"200331 - SECRETARIA NACIONAL DE SEGURANCA PUBLICA - SENASP";"90036/2025";"09/03/2026";"12/03/2026";"12/03/2027";"58.619.404/0008-14";"CONVERGINT COMERCIO E SERVICOS DE TECNOLOGIA LTDA";"00068";"MICROFONE, TIPO SEM FIO UHF HANDHELD, ALIMENTAÇÃO PILHAS AA, CARACTERÍSTICAS ADICIONAIS 1 RECEPTOR; 2 MICROFONES DE MÃO; SEM FIO, ALCANCE 15 A 20 M, APLICAÇÃO PEQUENOS EVENTOS E LOCAIS DE PEQUENO PORTE, ACESSÓRIOS 1 CABO P10 X P10; 1 FONTE, 1 MANUAL, 1 CASE, SENSIBILIDADE +/- 80 DB";"79";"79";"28.962,94";"2.288.072,26";"A presente Ata tem por objeto o registro de preços para a eventual aquisição de fardamento operacional, especificado no item 1 do Termo de Referência (33132616), anexo I do edital de Licitação nº 90036/2025, que é parte integrante desta Ata, assim como as propostas cujos preços tenham sido registrados, independentemente de transcrição."
"00021/2026";"200331 - SECRETARIA NACIONAL DE SEGURANCA PUBLICA - SENASP";"90036/2025";"09/03/2026";"12/03/2026";"12/03/2027";"58.619.404/0008-14";"CONVERGINT COMERCIO E SERVICOS DE TECNOLOGIA LTDA";"00070";"CAIXA ACÚSTICA, POTÊNCIA 350 WRMS, TAMANHO ALTO-FALANTE 18 POL, RESPOSTA FREQÜÊNCIA 55 A 300 HZ, LARGURA 516 MM, ALTURA 597 MM, PROFUNDIDADE 559 MM, COR PRETA, CARACTERÍSTICAS ADICIONAIS SUB WOOFER PORTÁTIL, IMPEDÂNCIA ENTRADA 4 OHM, SENSIBILIDADE 101 DB, POTÊNCIA NOMINAL 350 WRMS";"153";"153";"5.265,99";"805.696,47";"A presente Ata tem por objeto o registro de preços para a eventual aquisição de fardamento operacional, especificado no item 1 do Termo de Referência (33132616), anexo I do edital de Licitação nº 90036/2025, que é parte integrante desta Ata, assim como as propostas cujos preços tenham sido registrados, independentemente de transcrição."
"00021/2026";"200331 - SECRETARIA NACIONAL DE SEGURANCA PUBLICA - SENASP";"90036/2025";"09/03/2026";"12/03/2026";"12/03/2027";"58.619.404/0008-14";"CONVERGINT COMERCIO E SERVICOS DE TECNOLOGIA LTDA";"00072";"SWITCH, QUANTIDADE PORTAS 24 UN, TIPO PORTAS 10/100/1000 BASE T, RJ45.4, 4 ETHERNET MINI-GBIC, VELOCIDADE PORTA 1000 MBPS, 1/10 GBPS, ALIMENTAÇÃO 100 A 240 V, CARACTERÍSTICAS ADICIONAIS COM PORTAS POE, ALIMENTAÇÃO ELÉTRICA COM CHAVEAME N, APLICAÇÃO CONECTAR SERVIDORES E EQUIPAMENTOS EM REDE, TIPO SWITCH GERENCIÁVEL";"79";"79";"13.270,29";"1.048.352,91";"A presente Ata tem por objeto o registro de preços para a eventual aquisição de fardamento operacional, especificado no item 1 do Termo de Referência (33132616), anexo I do edital de Licitação nº 90036/2025, que é parte integrante desta Ata, assim como as propostas cujos preços tenham sido registrados, independentemente de transcrição."
"00021/2026";"200331 - SECRETARIA NACIONAL DE SEGURANCA PUBLICA - SENASP";"90036/2025";"09/03/2026";"12/03/2026";"12/03/2027";"58.619.404/0008-14";"CONVERGINT COMERCIO E SERVICOS DE TECNOLOGIA LTDA";"00074";"Instalação e Montagem / Desmontagem - Remanejamento com TraNSPORTE DE MAQUINAS  / EQUIPAMENTOS";"115";"115";"68.457,87";"7.872.655,05";"A presente Ata tem por objeto o registro de preços para a eventual aquisição de fardamento operacional, especificado no item 1 do Termo de Referência (33132616), anexo I do edital de Licitação nº 90036/2025, que é parte integrante desta Ata, assim como as propostas cujos preços tenham sido registrados, independentemente de transcrição."
"00021/2026";"200331 - SECRETARIA NACIONAL DE SEGURANCA PUBLICA - SENASP";"90036/2025";"09/03/2026";"12/03/2026";"12/03/2027";"58.619.404/0008-14";"CONVERGINT COMERCIO E SERVICOS DE TECNOLOGIA LTDA";"00077";"MONITOR IMAGEM, TAMANHO TELA 55 POL, TIPO TELA LED, CONSUMO 150 W, TENSÃO OPERAÇÃO 100 A 240 VCA, LARGURA 1,211,4 MM, ALTURA 682,2 MM, PROFUNDIDADE 86,5 MM, RESOLUÇÃO IMAGEM 1920 X 1080 DPI, TIPO ENTRADA HDMI/DP/DVI-D/OPS/AUDIO/ USB 2.0/USB 3.0/RGB, CARACTERÍSTICAS ADICIONAIS CONTROLE EXTERNO RS2323C, RJ45, RECEPTOR IR;, TIPO IMAGEM WINDE SCREEN";"240";"240";"8.952,18";"2.148.523,20";"A presente Ata tem por objeto o registro de preços para a eventual aquisição de fardamento operacional, especificado no item 1 do Termo de Referência (33132616), anexo I do edital de Licitação nº 90036/2025, que é parte integrante desta Ata, assim como as propostas cujos preços tenham sido registrados, independentemente de transcrição."
"00021/2026";"200331 - SECRETARIA NACIONAL DE SEGURANCA PUBLICA - SENASP";"90036/2025";"09/03/2026";"12/03/2026";"12/03/2027";"58.619.404/0008-14";"CONVERGINT COMERCIO E SERVICOS DE TECNOLOGIA LTDA";"00079";"SUPORTE DE VIDEOCASSETE / TELEVISAO, MATERIAL AÇO CARBONO, TIPO PAREDE, TAMANHO MONITORES DE 42"" A 55"", ACABAMENTO SUPERFICIAL PINTURA ELETROSTÁTICA, COR PRETA, CARACTERÍSTICAS ADICIONAIS VIDEOWALL";"120";"120";"10.005,38";"1.200.645,60";"A presente Ata tem por objeto o registro de preços para a eventual aquisição de fardamento operacional, especificado no item 1 do Termo de Referência (33132616), anexo I do edital de Licitação nº 90036/2025, que é parte integrante desta Ata, assim como as propostas cujos preços tenham sido registrados, independentemente de transcrição."
"00021/2026";"200331 - SECRETARIA NACIONAL DE SEGURANCA PUBLICA - SENASP";"90036/2025";"09/03/2026";"12/03/2026";"12/03/2027";"58.619.404/0008-14";"CONVERGINT COMERCIO E SERVICOS DE TECNOLOGIA LTDA";"00081";"PLACA SOM, TIPO EXTERNA, CAPACIDADE MEMÓRIA 24 BIT, COMPATIBILIDADE INTERFACE DE GRAVAÇÃO FIREWIRE, OPERAÇÃO 24 BIT, TIPO ENTRADA NEUTRIK/XLR/1/4TRS/P10 E P2/SPDIF 24 BITS/MIDI, TIPO SAÍDA 8 SAÍDAS P10 E 02 SAÍDAS P2, CARACTERÍSTICAS ADICIONAIS SINCRONIZAÇÃO WORD CLOCK/ PHANTON POWER/ALTA DEFI N, APLICAÇÃO GRAVAÇÃO DE ÁUDIO, FREQUÊNCIA NOMINAL 44.1 À 96 KHZ, MODELO M BOX 2 PRO DIGIDESINGN";"30";"30";"48.447,11";"1.453.413,30";"A presente Ata tem por objeto o registro de preços para a eventual aquisição de fardamento operacional, especificado no item 1 do Termo de Referência (33132616), anexo I do edital de Licitação nº 90036/2025, que é parte integrante desta Ata, assim como as propostas cujos preços tenham sido registrados, independentemente de transcrição."
"00021/2026";"200331 - SECRETARIA NACIONAL DE SEGURANCA PUBLICA - SENASP";"90036/2025";"09/03/2026";"12/03/2026";"12/03/2027";"58.619.404/0008-14";"CONVERGINT COMERCIO E SERVICOS DE TECNOLOGIA LTDA";"00083";"MICROFONE, TIPO SEM FIO UHF HANDHELD, ALIMENTAÇÃO PILHAS AA, CARACTERÍSTICAS ADICIONAIS 1 RECEPTOR; 2 MICROFONES DE MÃO; SEM FIO, ALCANCE 15 A 20 M, APLICAÇÃO PEQUENOS EVENTOS E LOCAIS DE PEQUENO PORTE, ACESSÓRIOS 1 CABO P10 X P10; 1 FONTE, 1 MANUAL, 1 CASE, SENSIBILIDADE +/- 80 DB";"30";"30";"32.649,14";"979.474,20";"A presente Ata tem por objeto o registro de preços para a eventual aquisição de fardamento operacional, especificado no item 1 do Termo de Referência (33132616), anexo I do edital de Licitação nº 90036/2025, que é parte integrante desta Ata, assim como as propostas cujos preços tenham sido registrados, independentemente de transcrição."
"00021/2026";"200331 - SECRETARIA NACIONAL DE SEGURANCA PUBLICA - SENASP";"90036/2025";"09/03/2026";"12/03/2026";"12/03/2027";"58.619.404/0008-14";"CONVERGINT COMERCIO E SERVICOS DE TECNOLOGIA LTDA";"00085";"CAIXA ACÚSTICA, POTÊNCIA 350 WRMS, TAMANHO ALTO-FALANTE 18 POL, RESPOSTA FREQÜÊNCIA 55 A 300 HZ, LARGURA 516 MM, ALTURA 597 MM, PROFUNDIDADE 559 MM, COR PRETA, CARACTERÍSTICAS ADICIONAIS SUB WOOFER PORTÁTIL, IMPEDÂNCIA ENTRADA 4 OHM, SENSIBILIDADE 101 DB, POTÊNCIA NOMINAL 350 WRMS";"60";"60";"5.792,59";"347.555,40";"A presente Ata tem por objeto o registro de preços para a eventual aquisição de fardamento operacional, especificado no item 1 do Termo de Referência (33132616), anexo I do edital de Licitação nº 90036/2025, que é parte integrante desta Ata, assim como as propostas cujos preços tenham sido registrados, independentemente de transcrição."
"00021/2026";"200331 - SECRETARIA NACIONAL DE SEGURANCA PUBLICA - SENASP";"90036/2025";"09/03/2026";"12/03/2026";"12/03/2027";"58.619.404/0008-14";"CONVERGINT COMERCIO E SERVICOS DE TECNOLOGIA LTDA";"00087";"ESTANTE, MATERIAL AÇO PADRÃO 19"" TIPO 42U, ALTURA 1,99 M, PROFUNDIDADE 1,07 M, MATERIAL PORTA FRONTAL AÇO 18, TRATAMENTO SUPERFICIAL PINTURA ELETROSTÁTICA, CARACTERÍSTICAS ADICIONAIS TETO COM 4 VENTILADORES 220V, LARGURA 60 CM";"30";"30";"4.385,52";"131.565,60";"A presente Ata tem por objeto o registro de preços para a eventual aquisição de fardamento operacional, especificado no item 1 do Termo de Referência (33132616), anexo I do edital de Licitação nº 90036/2025, que é parte integrante desta Ata, assim como as propostas cujos preços tenham sido registrados, independentemente de transcrição."
"00021/2026";"200331 - SECRETARIA NACIONAL DE SEGURANCA PUBLICA - SENASP";"90036/2025";"09/03/2026";"12/03/2026";"12/03/2027";"58.619.404/0008-14";"CONVERGINT COMERCIO E SERVICOS DE TECNOLOGIA LTDA";"00088";"Instalação e Montagem / Desmontagem - Remanejamento com TraNSPORTE DE MAQUINAS  / EQUIPAMENTOS";"30";"30";"70.564,26";"2.116.927,80";"A presente Ata tem por objeto o registro de preços para a eventual aquisição de fardamento operacional, especificado no item 1 do Termo de Referência (33132616), anexo I do edital de Licitação nº 90036/2025, que é parte integrante desta Ata, assim como as propostas cujos preços tenham sido registrados, independentemente de transcrição."
"00021/2026";"200331 - SECRETARIA NACIONAL DE SEGURANCA PUBLICA - SENASP";"90036/2025";"09/03/2026";"12/03/2026";"12/03/2027";"58.619.404/0008-14";"CONVERGINT COMERCIO E SERVICOS DE TECNOLOGIA LTDA";"00089";"Treinamento Informática - Equipamento / Hardware";"30";"30";"8.425,58";"252.767,40";"A presente Ata tem por objeto o registro de preços para a eventual aquisição de fardamento operacional, especificado no item 1 do Termo de Referência (33132616), anexo I do edital de Licitação nº 90036/2025, que é parte integrante desta Ata, assim como as propostas cujos preços tenham sido registrados, independentemente de transcrição."
"00021/2026";"200331 - SECRETARIA NACIONAL DE SEGURANCA PUBLICA - SENASP";"90036/2025";"09/03/2026";"12/03/2026";"12/03/2027";"68.365.501/0003-77";"PROPARTS COMERCIO DE ARTIGOS ESPORTIVOS E TECNOLOGIA LTDA";"00005";"SISTEMA GLOBAL DE POSICIONAMENTO - GLOBAL, TIPO DIGITAL, DISPLAY 2,2? COM LEITURA EM INTENSIDADE LUZ SOLAR, PADRÃO SISTEMA DE SATÉLITE: GPS E GLONASS, RESOLUÇÃO 240 X 320 PIXELS PX, MEMÓRIA 8 GB, CARACTERÍSTICAS ADICIONAIS COM 01 SLOT CARTÃO MICROSD, CABO USB-MINI";"1030";"1030";"5.442,25";"5.605.517,50";"A presente Ata tem por objeto o registro de preços para a eventual aquisição de fardamento operacional, especificado no item 1 do Termo de Referência (33132616), anexo I do edital de Licitação nº 90036/2025, que é parte integrante desta Ata, assim como as propostas cujos preços tenham sido registrados, independentemente de transcrição."
"00021/2026";"200331 - SECRETARIA NACIONAL DE SEGURANCA PUBLICA - SENASP";"90036/2025";"09/03/2026";"12/03/2026";"12/03/2027";"37.403.745/0001-01";"LYSSA INTIMATES, COMERCIO, REALIZACOES E REPRESENTACOES LTDA";"00001";"CAMISETA, TIPO UNIFORME, TIPO MANGA CURTA, TIPO GOLA CARECA, COR PRETA, TAMANHO G, CARACTERÍSTICAS ADICIONAIS CONFORME MODELO DO ÓRGÃO, MATERIAL POLIÉSTER E ALGODÃO";"2500";"2500";"47,50";"118.750,00";"A presente Ata tem por objeto o registro de preços para a eventual aquisição de fardamento operacional, especificado no item 1 do Termo de Referência (33132616), anexo I do edital de Licitação nº 90036/2025, que é parte integrante desta Ata, assim como as propostas cujos preços tenham sido registrados, independentemente de transcrição."
"00003/2025";"200331 - SECRETARIA NACIONAL DE SEGURANCA PUBLICA - SENASP";"90030/2024";"26/02/2025";"06/03/2025";"06/03/2027";"13.145.422/0001-05";"LWS TENDAS IND. E COMERCIO LTDA";"00015";"BARRACA / BARRACA ACAMPAMENTO, MATERIAL LONA PVC, TRATAMENTO SUPERFICIAL IMPERMEABILIZADO, MATERIAL ARMAÇÃO METALON GALVANIZADO, APLICAÇÃO ABRIGO/ COBERTURA DE EVENTOS, CARACTERÍSTICAS ADICIONAIS CONFORME MODELO, TIPO TENDA, COMPRIMENTO 2 M, LARGURA 2 M";"3696";"3696";"999,14";"3.692.821,44";"Tem por objeto o registro de preços para aquisição de apetrechos táticos e de campanha, para atender demanda da Diretoria da Força Nacional de Segurança Pública e demais órgão participantes, conforme condições, quantidades e exigências estabelecidas neste Edital e seus anexos."
"00003/2025";"200331 - SECRETARIA NACIONAL DE SEGURANCA PUBLICA - SENASP";"90030/2024";"26/02/2025";"06/03/2025";"06/03/2027";"01.334.250/0001-20";"QIAGEN BIOTECNOLOGIA BRASIL LTDA.";"00001";"Manutenção e Reparo em Equipamento - Uso Médico - Manutenção e Reparo em Equipamento - Uso Médico";"30";"30";"46.042,00";"1.381.260,00";"Tem por objeto o registro de preços para aquisição de apetrechos táticos e de campanha, para atender demanda da Diretoria da Força Nacional de Segurança Pública e demais órgão participantes, conforme condições, quantidades e exigências estabelecidas neste Edital e seus anexos."
"00003/2025";"200331 - SECRETARIA NACIONAL DE SEGURANCA PUBLICA - SENASP";"90030/2024";"26/02/2025";"06/03/2025";"06/03/2027";"01.334.250/0001-20";"QIAGEN BIOTECNOLOGIA BRASIL LTDA.";"00003";"Manutenção e Reparo em Equipamento - Uso Médico - Manutenção e Reparo em Equipamento - Uso Médico";"5";"5";"20.430,00";"102.150,00";"Tem por objeto o registro de preços para aquisição de apetrechos táticos e de campanha, para atender demanda da Diretoria da Força Nacional de Segurança Pública e demais órgão participantes, conforme condições, quantidades e exigências estabelecidas neste Edital e seus anexos."
"00003/2025";"200331 - SECRETARIA NACIONAL DE SEGURANCA PUBLICA - SENASP";"90030/2024";"26/02/2025";"06/03/2025";"06/03/2027";"01.334.250/0001-20";"QIAGEN BIOTECNOLOGIA BRASIL LTDA.";"00005";"Manutenção e Reparo em Equipamento - Uso Médico - Manutenção e Reparo em Equipamento - Uso Médico";"6";"6";"4.780,00";"28.680,00";"Tem por objeto o registro de preços para aquisição de apetrechos táticos e de campanha, para atender demanda da Diretoria da Força Nacional de Segurança Pública e demais órgão participantes, conforme condições, quantidades e exigências estabelecidas neste Edital e seus anexos."
"00003/2025";"200331 - SECRETARIA NACIONAL DE SEGURANCA PUBLICA - SENASP";"90030/2024";"26/02/2025";"06/03/2025";"06/03/2027";"01.334.250/0001-20";"QIAGEN BIOTECNOLOGIA BRASIL LTDA.";"00002";"Manutenção e Reparo em Equipamento - Uso Médico - Manutenção e Reparo em Equipamento - Uso Médico";"16";"16";"34.130,00";"546.080,00";"Tem por objeto o registro de preços para aquisição de apetrechos táticos e de campanha, para atender demanda da Diretoria da Força Nacional de Segurança Pública e demais órgão participantes, conforme condições, quantidades e exigências estabelecidas neste Edital e seus anexos."
"00003/2025";"200331 - SECRETARIA NACIONAL DE SEGURANCA PUBLICA - SENASP";"90030/2024";"26/02/2025";"06/03/2025";"06/03/2027";"01.334.250/0001-20";"QIAGEN BIOTECNOLOGIA BRASIL LTDA.";"00004";"Manutenção e Reparo em Equipamento - Uso Médico - Manutenção e Reparo em Equipamento - Uso Médico";"6";"6";"12.840,00";"77.040,00";"Tem por objeto o registro de preços para aquisição de apetrechos táticos e de campanha, para atender demanda da Diretoria da Força Nacional de Segurança Pública e demais órgão participantes, conforme condições, quantidades e exigências estabelecidas neste Edital e seus anexos."
"00001/2025";"200331 - SECRETARIA NACIONAL DE SEGURANCA PUBLICA - SENASP";"90030/2024";"20/02/2025";"21/02/2025";"21/02/2027";"32.216.668/0001-67";"MIGUEL HERNANDEZ INDUSTRIA, COMERCIO DE EQUIPAMENTOS DE SEGURANCA LTDA";"00011";"CANTIL, MATERIAL PLÁSTICO, CAPACIDADE 1.000 ML, CARACTERÍSTICAS ADICIONAIS COM TAMPA";"12952";"12952";"42,07";"544.890,64";"A presente Ata tem por objeto o registro de preços para aquisição de apetrechos táticos e de campanha, para atender demanda da Diretoria da Força Nacional de Segurança Pública e demais órgão participantes, conforme condições, quantidades e exigências estabelecidas neste Edital e seus anexos."
"00001/2025";"200331 - SECRETARIA NACIONAL DE SEGURANCA PUBLICA - SENASP";"90030/2024";"20/02/2025";"21/02/2025";"21/02/2027";"10.261.106/0001-00";"RSTECH REPAROS E SOLUCOES TECNOLOGICAS LTDA";"00002";"Peça Equipamento Laboratório - Peça Equipamento Laboratório Tipo 1: Conector, Aplicação 1: P/ Cromatografia Iônica/Líquida, Material 1: Peek, Componentes 1: Anel Para Vedação De Capilares, Características Adicionais 1: Compatível C/ Conexão M6 E Capilares Unf 10/32";"19";"19";"17.893,18";"339.970,42";"A presente Ata tem por objeto o registro de preços para aquisição de apetrechos táticos e de campanha, para atender demanda da Diretoria da Força Nacional de Segurança Pública e demais órgão participantes, conforme condições, quantidades e exigências estabelecidas neste Edital e seus anexos."
"00001/2025";"200331 - SECRETARIA NACIONAL DE SEGURANCA PUBLICA - SENASP";"90030/2024";"20/02/2025";"21/02/2025";"21/02/2027";"10.261.106/0001-00";"RSTECH REPAROS E SOLUCOES TECNOLOGICAS LTDA";"00004";"Peça Equipamento Laboratório - Peça Equipamento Laboratório Tipo 1: Conector, Aplicação 1: P/ Cromatografia Iônica/Líquida, Material 1: Peek, Componentes 1: Anel Para Vedação De Capilares, Características Adicionais 1: Compatível C/ Conexão M6 E Capilares Unf 10/32";"1";"1";"17.893,18";"17.893,18";"A presente Ata tem por objeto o registro de preços para aquisição de apetrechos táticos e de campanha, para atender demanda da Diretoria da Força Nacional de Segurança Pública e demais órgão participantes, conforme condições, quantidades e exigências estabelecidas neste Edital e seus anexos."
"00001/2025";"200331 - SECRETARIA NACIONAL DE SEGURANCA PUBLICA - SENASP";"90030/2024";"20/02/2025";"21/02/2025";"21/02/2027";"10.261.106/0001-00";"RSTECH REPAROS E SOLUCOES TECNOLOGICAS LTDA";"00006";"Peça Equipamento Laboratório - Peça Equipamento Laboratório Tipo 1: Conector, Aplicação 1: P/ Cromatografia Iônica/Líquida, Material 1: Peek, Componentes 1: Anel Para Vedação De Capilares, Características Adicionais 1: Compatível C/ Conexão M6 E Capilares Unf 10/32";"6";"6";"90.925,10";"545.550,60";"A presente Ata tem por objeto o registro de preços para aquisição de apetrechos táticos e de campanha, para atender demanda da Diretoria da Força Nacional de Segurança Pública e demais órgão participantes, conforme condições, quantidades e exigências estabelecidas neste Edital e seus anexos."
"00001/2025";"200331 - SECRETARIA NACIONAL DE SEGURANCA PUBLICA - SENASP";"90030/2024";"20/02/2025";"21/02/2025";"21/02/2027";"10.261.106/0001-00";"RSTECH REPAROS E SOLUCOES TECNOLOGICAS LTDA";"00001";"Manutenção e Reparo em Equipamento - Uso Médico - Manutenção preventiva e corretiva equipamento Maxwell RSC";"456";"456";"2.356,00";"1.074.336,00";"A presente Ata tem por objeto o registro de preços para aquisição de apetrechos táticos e de campanha, para atender demanda da Diretoria da Força Nacional de Segurança Pública e demais órgão participantes, conforme condições, quantidades e exigências estabelecidas neste Edital e seus anexos."
"00001/2025";"200331 - SECRETARIA NACIONAL DE SEGURANCA PUBLICA - SENASP";"90030/2024";"20/02/2025";"21/02/2025";"21/02/2027";"10.261.106/0001-00";"RSTECH REPAROS E SOLUCOES TECNOLOGICAS LTDA";"00003";"Manutenção e Reparo em Equipamento - Uso Médico - Manutenção preventiva e corretiva equipamento Maxwell RSC 48";"24";"24";"2.700,00";"64.800,00";"A presente Ata tem por objeto o registro de preços para aquisição de apetrechos táticos e de campanha, para atender demanda da Diretoria da Força Nacional de Segurança Pública e demais órgão participantes, conforme condições, quantidades e exigências estabelecidas neste Edital e seus anexos."
"00001/2025";"200331 - SECRETARIA NACIONAL DE SEGURANCA PUBLICA - SENASP";"90030/2024";"20/02/2025";"21/02/2025";"21/02/2027";"10.261.106/0001-00";"RSTECH REPAROS E SOLUCOES TECNOLOGICAS LTDA";"00005";"Manutenção e Reparo em Equipamento - Uso Médico - Manutenção preventiva e corretiva equipamento Spectrum";"144";"144";"3.209,00";"462.096,00";"A presente Ata tem por objeto o registro de preços para aquisição de apetrechos táticos e de campanha, para atender demanda da Diretoria da Força Nacional de Segurança Pública e demais órgão participantes, conforme condições, quantidades e exigências estabelecidas neste Edital e seus anexos."
"00072/2025";"200331 - SECRETARIA NACIONAL DE SEGURANCA PUBLICA - SENASP";"90023/2025";"05/02/2026";"20/02/2026";"20/02/2027";"15.838.111/0001-49";"MARYLEIDE FONSECA ALMEIDA LTDA";"00028";"CAPUZ USO SALVAMENTO E SEGURANÇA, MATERIAL NEOPRENE 5MM, USO EM CUNJUNTO COM ROUPA DE MERGULHO, TAMANHO SOB MEDIDA, COR PRETO, CARACTERÍSTICAS ADICIONAIS SELADOR FACIAL, FORRAÇÃO EM NYLON, EMENDAS COSTUR A";"1690";"1690";"111,00";"187.590,00";"registro de preços para a eventual aquisição de equipamentos de Controle de Distúrbio Civil - CDC, especificado no item 01 constante da tabela anexa ao item 1.1 do Termo de Referência (32168732), anexo do Edital do Pregão Eletrônico nº 23/2025 (32171870)"
"00072/2025";"200331 - SECRETARIA NACIONAL DE SEGURANCA PUBLICA - SENASP";"90023/2025";"05/02/2026";"20/02/2026";"20/02/2027";"48.245.360/0001-80";"MILITAR PROFISSIONAIS, LAZER E AVENTURA LTDA";"00002";"BOLSA TRANSPORTE, APLICAÇÃO TRANSPORTE MATERIAL EMERGÊNCIA, DIMENSÕES 60 X 28 X 27 CM, CARACTERÍSTICAS ADICIONAIS CONFECCIONADA EM CORDURA 500 DE ALTA RESISTÊNCIA ,";"3644";"3644";"95,00";"346.180,00";"registro de preços para a eventual aquisição de equipamentos de Controle de Distúrbio Civil - CDC, especificado no item 01 constante da tabela anexa ao item 1.1 do Termo de Referência (32168732), anexo do Edital do Pregão Eletrônico nº 23/2025 (32171870)"
"00004/2025";"200331 - SECRETARIA NACIONAL DE SEGURANCA PUBLICA - SENASP";"90030/2024";"12/02/2025";"17/02/2025";"17/02/2027";"08.763.888/0001-26";"VERTICE COMERCIO DE ROUPAS E ACESSORIOS LTDA";"00010";"CAPA CHUVA, MATERIAL NÁILON, TRANSMITÂNCIA OPACA, COR PRETO, GELO E CINZA, CARACTERÍSTICAS ADICIONAIS PADRÃO CAMUFLADO URBANO, COM CAPUZ TIPO PONCHO, TAMANHO REFERÊNCIA GRANDE";"8824";"8824";"205,09";"1.809.714,16";"Retificar o Prazo de vigência da ata."
"00006/2025";"200331 - SECRETARIA NACIONAL DE SEGURANCA PUBLICA - SENASP";"90047/2024";"12/02/2025";"13/02/2025";"12/02/2027";"15.690.857/0002-39";"APURA COMERCIO DE SOFTWARES E ASSESSORIA EM TECNOLOGIA DA INFORMACAO S.A.";"00001";"Contratação de Solução para Investigação em Dark Web  com atualização e suport e por no mínimo 36 meses.";"19";"19";"310.902,90";"5.907.155,07";"A presente Ata tem por objeto o registro de preços para eventual contratação de solução para investigação em dark web, especificados no item do Termo de Referência nº 102/2024 (29862158), anexo I do Edital de Licitação PE 90047/2024 (30169410), que é parte integrante desta Ata, assim como as propostas cujos preços tenham sido registrados (30168414), independentemente de transcrição."
"00006/2025";"200331 - SECRETARIA NACIONAL DE SEGURANCA PUBLICA - SENASP";"90047/2024";"12/02/2025";"13/02/2025";"12/02/2027";"08.299.803/0001-09";"BEM ESTAR HOSPITALAR COMERCIO DE EQUIPAMENTOS HOSPITALAR E MATERIAIS PARA SAUDE ";"00004";"ESTETOSCÓPIO USO EM SAÚDE, TIPO BIAURICULAR, ACESSÓRIOS OLIVAS ANATÔMICAS SILICONE, HASTE HASTE AÇO INOX, TUBO TUBO ""Y"" PVC, AUSCULTADOR AUSCULTADOR DUPLO AÇO INOX C/ ANEL DE BORRACHA, TAMANHO ADULTO";"1895";"1895";"19,63";"37.198,85";"A presente Ata tem por objeto o registro de preços para eventual contratação de solução para investigação em dark web, especificados no item do Termo de Referência nº 102/2024 (29862158), anexo I do Edital de Licitação PE 90047/2024 (30169410), que é parte integrante desta Ata, assim como as propostas cujos preços tenham sido registrados (30168414), independentemente de transcrição."
"00002/2025";"200331 - SECRETARIA NACIONAL DE SEGURANCA PUBLICA - SENASP";"90030/2024";"07/02/2025";"11/02/2025";"11/02/2027";"04.730.121/0001-40";"ARBJI COMERCIO DE ELETRONICOS E COMPONENTES LTDA";"00012";"BARRACA / BARRACA ACAMPAMENTO, MATERIAL LONA PVC, TRATAMENTO SUPERFICIAL IMPERMEABILIZADO, MATERIAL ARMAÇÃO METALON GALVANIZADO, APLICAÇÃO ABRIGO/ COBERTURA DE EVENTOS, CARACTERÍSTICAS ADICIONAIS CONFORME MODELO, TIPO TENDA, COMPRIMENTO 2 M, LARGURA 2 M";"4352";"4352";"839,27";"3.652.503,04";"Registro de preços para aquisição de apetrechos táticos e de campanha, para atender demanda da Diretoria da Força Nacional de Segurança Pública e demais órgão participantes, conforme condições, quantidades e exigências estabelecidas no Edital nº 30/2024 (SEI 29509339) e seus anexos."
"00002/2025";"200331 - SECRETARIA NACIONAL DE SEGURANCA PUBLICA - SENASP";"90030/2024";"07/02/2025";"11/02/2025";"11/02/2027";"97.541.831/0001-02";"GRM MAQUINAS E LOCACOES LTDA";"-";"GERADOR ENERGIA";"255";"255";"3.749,99";"956.247,45";"Registro de preços para aquisição de apetrechos táticos e de campanha, para atender demanda da Diretoria da Força Nacional de Segurança Pública e demais órgão participantes, conforme condições, quantidades e exigências estabelecidas no Edital nº 30/2024 (SEI 29509339) e seus anexos."
"00003/2026";"200331 - SECRETARIA NACIONAL DE SEGURANCA PUBLICA - SENASP";"00187/2025";"11/02/2026";"12/02/2026";"11/02/2027";"13.145.422/0001-05";"LWS TENDAS IND. E COMERCIO LTDA";"00015";"BARRACA / BARRACA ACAMPAMENTO, MATERIAL LONA PVC, TRATAMENTO SUPERFICIAL IMPERMEABILIZADO, MATERIAL ARMAÇÃO METALON GALVANIZADO, APLICAÇÃO ABRIGO/ COBERTURA DE EVENTOS, CARACTERÍSTICAS ADICIONAIS CONFORME MODELO, TIPO TENDA, COMPRIMENTO 2 M, LARGURA 2 M";"3696";"3696";"999,14";"3.692.821,44";"registro de preços para contratação de serviços contínuos de manutenção dos equipamentos QIAgility, EZ1 Advanced XL, QIAcube e Tissue Lyser, a serem executados SEM dedicação de mão de obra exclusiva, conforme, especificado no item 01 do Termo de Referência (33711591),"
"00003/2026";"200331 - SECRETARIA NACIONAL DE SEGURANCA PUBLICA - SENASP";"00187/2025";"11/02/2026";"12/02/2026";"11/02/2027";"01.334.250/0001-20";"QIAGEN BIOTECNOLOGIA BRASIL LTDA.";"00001";"Manutenção e Reparo em Equipamento - Uso Médico - Manutenção e Reparo em Equipamento - Uso Médico";"30";"30";"46.042,00";"1.381.260,00";"registro de preços para contratação de serviços contínuos de manutenção dos equipamentos QIAgility, EZ1 Advanced XL, QIAcube e Tissue Lyser, a serem executados SEM dedicação de mão de obra exclusiva, conforme, especificado no item 01 do Termo de Referência (33711591),"
"00003/2026";"200331 - SECRETARIA NACIONAL DE SEGURANCA PUBLICA - SENASP";"00187/2025";"11/02/2026";"12/02/2026";"11/02/2027";"01.334.250/0001-20";"QIAGEN BIOTECNOLOGIA BRASIL LTDA.";"00003";"Manutenção e Reparo em Equipamento - Uso Médico - Manutenção e Reparo em Equipamento - Uso Médico";"5";"5";"20.430,00";"102.150,00";"registro de preços para contratação de serviços contínuos de manutenção dos equipamentos QIAgility, EZ1 Advanced XL, QIAcube e Tissue Lyser, a serem executados SEM dedicação de mão de obra exclusiva, conforme, especificado no item 01 do Termo de Referência (33711591),"
"00003/2026";"200331 - SECRETARIA NACIONAL DE SEGURANCA PUBLICA - SENASP";"00187/2025";"11/02/2026";"12/02/2026";"11/02/2027";"01.334.250/0001-20";"QIAGEN BIOTECNOLOGIA BRASIL LTDA.";"00005";"Manutenção e Reparo em Equipamento - Uso Médico - Manutenção e Reparo em Equipamento - Uso Médico";"6";"6";"4.780,00";"28.680,00";"registro de preços para contratação de serviços contínuos de manutenção dos equipamentos QIAgility, EZ1 Advanced XL, QIAcube e Tissue Lyser, a serem executados SEM dedicação de mão de obra exclusiva, conforme, especificado no item 01 do Termo de Referência (33711591),"
"00003/2026";"200331 - SECRETARIA NACIONAL DE SEGURANCA PUBLICA - SENASP";"00187/2025";"11/02/2026";"12/02/2026";"11/02/2027";"01.334.250/0001-20";"QIAGEN BIOTECNOLOGIA BRASIL LTDA.";"00002";"Manutenção e Reparo em Equipamento - Uso Médico - Manutenção e Reparo em Equipamento - Uso Médico";"16";"16";"34.130,00";"546.080,00";"registro de preços para contratação de serviços contínuos de manutenção dos equipamentos QIAgility, EZ1 Advanced XL, QIAcube e Tissue Lyser, a serem executados SEM dedicação de mão de obra exclusiva, conforme, especificado no item 01 do Termo de Referência (33711591),"
"00003/2026";"200331 - SECRETARIA NACIONAL DE SEGURANCA PUBLICA - SENASP";"00187/2025";"11/02/2026";"12/02/2026";"11/02/2027";"01.334.250/0001-20";"QIAGEN BIOTECNOLOGIA BRASIL LTDA.";"00004";"Manutenção e Reparo em Equipamento - Uso Médico - Manutenção e Reparo em Equipamento - Uso Médico";"6";"6";"12.840,00";"77.040,00";"registro de preços para contratação de serviços contínuos de manutenção dos equipamentos QIAgility, EZ1 Advanced XL, QIAcube e Tissue Lyser, a serem executados SEM dedicação de mão de obra exclusiva, conforme, especificado no item 01 do Termo de Referência (33711591),"
"00005/2025";"200331 - SECRETARIA NACIONAL DE SEGURANCA PUBLICA - SENASP";"90053/2024";"30/01/2025";"31/01/2025";"31/01/2027";"00.158.141/0001-37";"WATERS TECHNOLOGIES DO BRASIL LTDA.";"00001";"CROMATÓGRAFO, TIPO LÍQUIDO DE ALTA EFICIÊNCIA, AJUSTE AJUSTE DIGITAL,PROGRAMÁVEL, TIPO DE ANÁLISE C/ DETECTOR ESPECTRÔMETRO DE MASSA, COMPONENTES C/ BOMBA SOLVENTE SECUNDÁRIA, OUTROS COMPONENTES AMOSTRADOR AUTOMÁTICO ATÉ 90 POSIÇÕES, ADICIONAL C/ SISTEMA SEGURANÇA, ALARMES";"47";"47";"1.051.438,15";"49.417.593,05";"registro de preços para aquisição de sistema de cromatografia líquida de alta eficiência acoplada à espectrometria de massas, nos termos da tabela abaixo, conforme condições e exigências estabelecidas neste instrumento."
"00005/2025";"200331 - SECRETARIA NACIONAL DE SEGURANCA PUBLICA - SENASP";"90053/2024";"30/01/2025";"31/01/2025";"31/01/2027";"63.067.904/0002-35";"LIFE TECHNOLOGIES BRASIL COMERCIO E INDUSTRIA DE PRODUTOS PARA BIOTECNOLOGIA LTD";"00001";"Manutenção e Reparo em Equipamento - Uso Médico - Manutenção e Reparo em Equipamento - Uso Médico";"96";"96";"5.040,09";"483.848,64";"registro de preços para aquisição de sistema de cromatografia líquida de alta eficiência acoplada à espectrometria de massas, nos termos da tabela abaixo, conforme condições e exigências estabelecidas neste instrumento."
"00005/2025";"200331 - SECRETARIA NACIONAL DE SEGURANCA PUBLICA - SENASP";"90053/2024";"30/01/2025";"31/01/2025";"31/01/2027";"63.067.904/0002-35";"LIFE TECHNOLOGIES BRASIL COMERCIO E INDUSTRIA DE PRODUTOS PARA BIOTECNOLOGIA LTD";"00003";"Manutenção e Reparo em Equipamento - Uso Médico - Manutenção e Reparo em Equipamento - Uso Médico";"240";"240";"8.359,67";"2.006.320,80";"registro de preços para aquisição de sistema de cromatografia líquida de alta eficiência acoplada à espectrometria de massas, nos termos da tabela abaixo, conforme condições e exigências estabelecidas neste instrumento."
"00005/2025";"200331 - SECRETARIA NACIONAL DE SEGURANCA PUBLICA - SENASP";"90053/2024";"30/01/2025";"31/01/2025";"31/01/2027";"63.067.904/0002-35";"LIFE TECHNOLOGIES BRASIL COMERCIO E INDUSTRIA DE PRODUTOS PARA BIOTECNOLOGIA LTD";"00005";"Manutenção e Reparo em Equipamento - Uso Médico - Manutenção e Reparo em Equipamento - Uso Médico";"168";"168";"8.481,87";"1.424.954,16";"registro de preços para aquisição de sistema de cromatografia líquida de alta eficiência acoplada à espectrometria de massas, nos termos da tabela abaixo, conforme condições e exigências estabelecidas neste instrumento."
"00005/2025";"200331 - SECRETARIA NACIONAL DE SEGURANCA PUBLICA - SENASP";"90053/2024";"30/01/2025";"31/01/2025";"31/01/2027";"63.067.904/0002-35";"LIFE TECHNOLOGIES BRASIL COMERCIO E INDUSTRIA DE PRODUTOS PARA BIOTECNOLOGIA LTD";"00007";"Manutenção e Reparo em Equipamento - Uso Médico - Manutenção e Reparo em Equipamento - Uso Médico";"336";"336";"8.179,94";"2.748.459,84";"registro de preços para aquisição de sistema de cromatografia líquida de alta eficiência acoplada à espectrometria de massas, nos termos da tabela abaixo, conforme condições e exigências estabelecidas neste instrumento."
"00005/2025";"200331 - SECRETARIA NACIONAL DE SEGURANCA PUBLICA - SENASP";"90053/2024";"30/01/2025";"31/01/2025";"31/01/2027";"63.067.904/0002-35";"LIFE TECHNOLOGIES BRASIL COMERCIO E INDUSTRIA DE PRODUTOS PARA BIOTECNOLOGIA LTD";"00009";"Manutenção e Reparo em Equipamento - Uso Médico - Manutenção e Reparo em Equipamento - Uso Médico";"168";"168";"2.122,80";"356.630,40";"registro de preços para aquisição de sistema de cromatografia líquida de alta eficiência acoplada à espectrometria de massas, nos termos da tabela abaixo, conforme condições e exigências estabelecidas neste instrumento."
"00005/2025";"200331 - SECRETARIA NACIONAL DE SEGURANCA PUBLICA - SENASP";"90053/2024";"30/01/2025";"31/01/2025";"31/01/2027";"63.067.904/0002-35";"LIFE TECHNOLOGIES BRASIL COMERCIO E INDUSTRIA DE PRODUTOS PARA BIOTECNOLOGIA LTD";"00002";"Manutenção e Reparo em Equipamento - Uso Médico - Manutenção e Reparo em Equipamento - Uso Médico";"168";"168";"8.791,08";"1.476.901,44";"registro de preços para aquisição de sistema de cromatografia líquida de alta eficiência acoplada à espectrometria de massas, nos termos da tabela abaixo, conforme condições e exigências estabelecidas neste instrumento."
"00005/2025";"200331 - SECRETARIA NACIONAL DE SEGURANCA PUBLICA - SENASP";"90053/2024";"30/01/2025";"31/01/2025";"31/01/2027";"63.067.904/0002-35";"LIFE TECHNOLOGIES BRASIL COMERCIO E INDUSTRIA DE PRODUTOS PARA BIOTECNOLOGIA LTD";"00004";"Manutenção e Reparo em Equipamento - Uso Médico - Manutenção e Reparo em Equipamento - Uso Médico";"48";"48";"8.330,91";"399.883,68";"registro de preços para aquisição de sistema de cromatografia líquida de alta eficiência acoplada à espectrometria de massas, nos termos da tabela abaixo, conforme condições e exigências estabelecidas neste instrumento."
"00005/2025";"200331 - SECRETARIA NACIONAL DE SEGURANCA PUBLICA - SENASP";"90053/2024";"30/01/2025";"31/01/2025";"31/01/2027";"63.067.904/0002-35";"LIFE TECHNOLOGIES BRASIL COMERCIO E INDUSTRIA DE PRODUTOS PARA BIOTECNOLOGIA LTD";"00006";"Manutenção e Reparo em Equipamento - Uso Médico - Manutenção e Reparo em Equipamento - Uso Médico";"72";"72";"8.632,91";"621.569,52";"registro de preços para aquisição de sistema de cromatografia líquida de alta eficiência acoplada à espectrometria de massas, nos termos da tabela abaixo, conforme condições e exigências estabelecidas neste instrumento."
"00005/2025";"200331 - SECRETARIA NACIONAL DE SEGURANCA PUBLICA - SENASP";"90053/2024";"30/01/2025";"31/01/2025";"31/01/2027";"63.067.904/0002-35";"LIFE TECHNOLOGIES BRASIL COMERCIO E INDUSTRIA DE PRODUTOS PARA BIOTECNOLOGIA LTD";"00008";"Manutenção e Reparo em Equipamento - Uso Médico - Manutenção e Reparo em Equipamento - Uso Médico";"24";"24";"13.370,62";"320.894,88";"registro de preços para aquisição de sistema de cromatografia líquida de alta eficiência acoplada à espectrometria de massas, nos termos da tabela abaixo, conforme condições e exigências estabelecidas neste instrumento."
"00005/2025";"200331 - SECRETARIA NACIONAL DE SEGURANCA PUBLICA - SENASP";"90053/2024";"30/01/2025";"31/01/2025";"31/01/2027";"63.067.904/0002-35";"LIFE TECHNOLOGIES BRASIL COMERCIO E INDUSTRIA DE PRODUTOS PARA BIOTECNOLOGIA LTD";"00010";"Manutenção e Reparo em Equipamento - Uso Médico - Manutenção e Reparo em Equipamento - Uso Médico";"456";"456";"1.691,40";"771.278,40";"registro de preços para aquisição de sistema de cromatografia líquida de alta eficiência acoplada à espectrometria de massas, nos termos da tabela abaixo, conforme condições e exigências estabelecidas neste instrumento."
"00002/2026";"200331 - SECRETARIA NACIONAL DE SEGURANCA PUBLICA - SENASP";"90050/2025";"22/01/2026";"23/01/2026";"23/01/2027";"04.730.121/0001-40";"ARBJI COMERCIO DE ELETRONICOS E COMPONENTES LTDA";"00012";"BARRACA / BARRACA ACAMPAMENTO, MATERIAL LONA PVC, TRATAMENTO SUPERFICIAL IMPERMEABILIZADO, MATERIAL ARMAÇÃO METALON GALVANIZADO, APLICAÇÃO ABRIGO/ COBERTURA DE EVENTOS, CARACTERÍSTICAS ADICIONAIS CONFORME MODELO, TIPO TENDA, COMPRIMENTO 2 M, LARGURA 2 M";"4352";"4352";"839,27";"3.652.503,04";"A presente Ata tem por objeto o registro de preços para a eventual aquisição de motogerador de energia, especificado(s) no(s) item(ns) 1 do Termo de Referência, anexo do Edital do Pregão Eletrônico nº 90050/2025, que é parte integrante desta Ata, assim como as propostas cujos preços tenham sido registrados, independentemente de transcrição."
"00002/2026";"200331 - SECRETARIA NACIONAL DE SEGURANCA PUBLICA - SENASP";"90050/2025";"22/01/2026";"23/01/2026";"23/01/2027";"97.541.831/0001-02";"GRM MAQUINAS E LOCACOES LTDA";"-";"GERADOR ENERGIA";"255";"255";"3.749,99";"956.247,45";"A presente Ata tem por objeto o registro de preços para a eventual aquisição de motogerador de energia, especificado(s) no(s) item(ns) 1 do Termo de Referência, anexo do Edital do Pregão Eletrônico nº 90050/2025, que é parte integrante desta Ata, assim como as propostas cujos preços tenham sido registrados, independentemente de transcrição."
"00103/2024";"200331 - SECRETARIA NACIONAL DE SEGURANCA PUBLICA - SENASP";"90017/2024";"16/01/2025";"20/01/2025";"20/01/2027";"94.622.230/0001-36";"ROAL INDUSTRIA METALURGICA LTDA";"00002";"ESTAÇÃO TRABALHO, TIPO PLATAFORMA, COMPONENTES MESA 4 LUGARES, TAMPO FRONTAL, COMPRIMENTO 2800 MM, LARGURA 1400 MM, ALTURA 850 MM, CARACTERÍSTICAS ADICIONAIS CALHA E CAIXA DE TOMADA, COM 12 PONTOS (2P+T) E 0 8, REVESTIMENTO LAMINADO MELAMÍNICO DE BAIXA PRESSÃO, MATERIAL PERFIL MADEIRA MDF, ESPESSURA TAMPO 25 MM";"1383";"1383";"2.524,13";"3.490.871,79";"Aquisição de mobiliário diversos, especificado no item  02 do Termo de Referência (29279724), anexo do Edital do Pregão Eletrônico nº 17/2024 (29445453)."
"00102/2024";"200331 - SECRETARIA NACIONAL DE SEGURANCA PUBLICA - SENASP";"90017/2024";"16/01/2025";"20/01/2025";"20/01/2027";"14.193.613/0001-05";"KADOSHI COMERCIO E REPRESENTACOES LTDA";"00001";"CADEIRA ESCRITÓRIO, MATERIAL ESTRUTURA POLIPROPILENO/ TUBO AÇO, MATERIAL REVESTIMENTO ASSENTO E ENCOSTO COURO ECOLÓGICO, MATERIAL ENCOSTO COMPENSADO/ ESPUMA INJETADA, MATERIAL ASSENTO COMPENSADO/ESPUMA INJETADA, TIPO BASE GIRATÓRIA COM 5 RODÍZIOS DUPLOS, TIPO ENCOSTO ALTO/ REGULÁVEL/ ANATÔMICO, APOIO BRAÇO COM BRAÇOS REGULÁVEIS EM FORMA DE ""T"", TIPO SISTEMA REGULAGEM VERTICAL A GÁS, CARACTERÍSTICAS ADICIONAIS MECANISMO SINCRONIZADO, QUANTIDADE PÉS 5 UN, DIMENSÕES ASSENTO 450 X 460 MM, DIMENSÕES ENCOSTO 450 X 520 MM";"7338";"7338";"751,98";"5.518.029,24";"Aquisição de mobiliário diversos, especificado no item 01 do Termo de Referência (29279724), anexo do Edital do Pregão Eletrônico nº 17/2024 (29445453)."
"00096/2024";"200331 - SECRETARIA NACIONAL DE SEGURANCA PUBLICA - SENASP";"90024/2024";"16/01/2025";"17/01/2025";"17/01/2027";"09.135.430/0001-95";"DELVA FABRICACAO DE PECAS EM METAIS LTDA";"00061";"PROTETOR CONTRA SURTO DE TENSÃO, TENSÃO DISPARO 275 V, CORRENTE MÁXIMA SURTO 15 KA, GRAU PROTEÇÃO IP20";"564";"564";"2.119,18";"1.195.217,52";"Aquisição de Equipamentos de Atividade Física, para atender demanda da Secretaria Nacional de Segurança Púbica e demais órgão participantes, especificados nos itens 59 e 61 do Termo de Referência (29290108), anexo do Edital do Pregão Eletrônico nº 90024/2024."
"00096/2024";"200331 - SECRETARIA NACIONAL DE SEGURANCA PUBLICA - SENASP";"90024/2024";"16/01/2025";"17/01/2025";"17/01/2027";"09.135.430/0001-95";"DELVA FABRICACAO DE PECAS EM METAIS LTDA";"00059";"ESTANTE MATERIAL ESPORTIVO, MATERIAL METAL REVESTIDO, TIPO MATERIAL ESPORTIVO HIDROGINÁSTICA, TIPO MÓDULO BÁSICO MISTO";"592";"592";"2.765,97";"1.637.454,24";"Aquisição de Equipamentos de Atividade Física, para atender demanda da Secretaria Nacional de Segurança Púbica e demais órgão participantes, especificados nos itens 59 e 61 do Termo de Referência (29290108), anexo do Edital do Pregão Eletrônico nº 90024/2024."
"00100/2024";"200331 - SECRETARIA NACIONAL DE SEGURANCA PUBLICA - SENASP";"90024/2024";"16/01/2025";"17/01/2025";"17/01/2027";"94.684.099/0001-31";"BIKE SUL COMERCIO E SERVICOS LTDA";"00062";"EQUIPAMENTO / ACESSÓRIOS DESPORTO, MATERIAL AÇO CARBONO, TIPO PRESILHA, USO BARRAS DE MUSCULAÇÃO, CARACTERÍSTICAS ADICIONAIS COM 3 VOLTAS. TAMANHO DA CIRCUNFERêNCIA 28,50MM.";"5039";"5039";"46,74";"235.522,86";"Aquisição de Equipamentos de Atividade Física, para atender demanda da Secretaria Nacional de Segurança Púbica e demais órgão participantes, especificados no item 62 do Termo de Referência (29290108), anexo do Edital do Pregão Eletrônico nº 90024/2024."
"00083/2024";"200331 - SECRETARIA NACIONAL DE SEGURANCA PUBLICA - SENASP";"90030/2024";"15/01/2025";"16/01/2025";"16/01/2027";"53.169.506/0001-95";"A M M CORREA";"00008";"BASTÃO ANTITUMULTO, MATERIAL AÇO E BORRACHA NATURAL, COMPRIMENTO 90 CM, FORMATO ANATÔMICO, CARACTERÍSTICAS ADICIONAIS DIÂMETRO 50MM NA EMPUNHADURA E 40MM NO CORPO";"6568";"6568";"38,90";"255.495,20";"O registro de preços para aquisição de apetrechos táticos e de campanha, para atender demanda da Diretoria da Força Nacional de Segurança Pública e demais órgão participantes, conforme condições, quantidades e exigências estabelecidas neste Edital e seus anexos."
"00104/2024";"200331 - SECRETARIA NACIONAL DE SEGURANCA PUBLICA - SENASP";"90017/2024";"13/01/2025";"15/01/2025";"15/01/2027";"62.413.869/0001-15";"GIGANTE RECEM NASCIDO LTDA.";"00003";"MESA GINECOLÓGICA, ESTRUTURA TUBO AÇO, ACABAMENTO SUPERFICIAL ESTRUTURA ESMALTADO, MATERIAL LEITO CHAPA AÇO, ACABAMENTO SUPERFICIAL MATERIAL LEITO ESMALTADO, TIPO MOVIMENTO ANTERIOR, POSTERIOR, CENTRAL E TRENDELEMBURG, ACABAMENTO PÉS PONTERIA PLÁSTICA, MATERIAL GAVETA ESCOAMENTO LÍQUIDOS CHAPA AÇO, ACABAMENTO SUPERFICIAL GAVETA ESCOAMENTO ESMALTADO, CARACTERÍSTICAS ADICIONAIS ACOLCHOADO PARA MESA";"330";"330";"14.216,13";"4.691.322,90";"Aquisição de mobiliário diversos, especificado no item 03 do Termo de Referência, anexo I do edital de Licitação nº 17/2024."
"00105/2024";"200331 - SECRETARIA NACIONAL DE SEGURANCA PUBLICA - SENASP";"90017/2024";"13/01/2025";"15/01/2025";"15/01/2027";"11.232.743/0001-03";"SOLAB CIENTIFICA EQUIPAMENTOS PARA LABORATORIOS LTDA";"00004";"EQUIPAMENTO / MOBILIÁRIO PARA NECRÓPSIA, TIPO MESA DE PROCEDIMENTOS, MATERIAL AÇO INOXIDÁVEL, COMPONENTES PIA COM TRITURADOR PARA TRABALHO PESADO, COMPONENTE ADICIONAL BALANÇA DIGITAL COM SUPORTE, OUTROS COMPONENTES MANGUEIRA COM DUCHA ÁGUA QUENTE E FRIA, COMPONENTES* ASPIRADOR DE LÍQUIDOS, SISTEMA DE EXAUSTÃO";"440";"440";"72.347,99";"31.833.115,60";"Aquisição de mobiliário diversos, especificado no item 04 do Termo de Referência, anexo I do Edital de Licitação nº 17/2024,"
"00082/2024";"200331 - SECRETARIA NACIONAL DE SEGURANCA PUBLICA - SENASP";"90030/2024";"13/01/2025";"14/01/2025";"14/01/2027";"27.495.602/0001-13";"GRIFO QAP COMERCIO VAREJISTA DE ROUPAS E ARTIGOS ESPORTIVOS LTDA";"00007";"BASTÃO ANTITUMULTO, MATERIAL TERMOPLÁSTICO EXTRUDADO, COMPRIMENTO 60 CM, FORMATO CILINDRICO, CARACTERÍSTICAS ADICIONAIS DIÂMETRO DE 30MM";"8376";"8376";"29,42";"246.421,92";"O registro de preços para aquisição de apetrechos táticos e de campanha, para atender demanda da Diretoria da Força Nacional de Segurança Pública e demais órgão participantes, conforme condições, quantidades e exigências estabelecidas no Edital nº 30/2024 (SEI 29509339) e seus anexos."
"00084/2024";"200331 - SECRETARIA NACIONAL DE SEGURANCA PUBLICA - SENASP";"90030/2024";"08/01/2025";"10/01/2025";"10/01/2027";"13.992.333/0001-96";"R.BRANDS LTDA";"00009";"ALGEMA, MATERIAL AÇO CARBONO AISI 1020, TRATAMENTO SUPERFICIAL NIQUELADO, APLICAÇÃO PULSO, CARACTERÍSTICAS ADICIONAIS COM DOBRADIÇA, TRAVA E PORTA ALGEMAS";"12459";"12459";"83,09";"1.035.218,31";"aquisição de apetrechos táticos e de campanha, para atender demanda da Diretoria da Força Nacional de Segurança Pública e demais órgão participantes, conforme condições, quantidades e exigências estabelecidas neste Edital e seus anexos."
"00081/2024";"200331 - SECRETARIA NACIONAL DE SEGURANCA PUBLICA - SENASP";"90030/2024";"07/01/2025";"10/01/2025";"10/01/2027";"45.296.313/0001-77";"CENTRO DE DISTRIBUICAO E LOGISTICA MAYNARDES LTDA";"00006";"CINTO SEGURANÇA, MATERIAL NÁILON, REVESTIMENTO INTERNO NÁILON, CARACTERÍSTICAS ADICIONAIS PORTA-CARREGADOR DUPLO, PORTA-LANTERNA, COLDRE DE, COR PRETA";"13427";"13427";"679,10";"9.118.275,70";"aquisição de apetrechos táticos e de campanha, para atender demanda da Diretoria da Força Nacional de Segurança Pública e demais órgão participantes, conforme condições, quantidades e exigências estabelecidas neste Edital e seus anexos."
"00094/2024";"200331 - SECRETARIA NACIONAL DE SEGURANCA PUBLICA - SENASP";"90024/2024";"08/01/2025";"09/01/2025";"09/01/2027";"51.414.411/0001-64";"BRUMO ESPORTES LTDA";"00047";"ESTANTE METÁLICA, MATERIAL AÇO, ALTURA 1,20 M, LARGURA 0,60 M, PROFUNDIDADE 0,30 M, TIPO PRATELEIRAS REGULÁVEIS, QUANTIDADE PRATELEIRAS 3 UN, TRATAMENTO SUPERFICIAL ANTICORROSIVO, ACABAMENTO SUPERFICIAL PINTURA ESMALTADA, COR CINZA";"482";"482";"2.050,80";"988.485,60";"Aquisição de Equipamentos de Atividade Física, para atender demanda da Secretaria Nacional de Segurança Púbica e demais Órgãos Participantes, especificados nos itens 32, 47, 48 e 51 do Termo de Referência (29290108), anexo do Edital do Pregão Eletrônico nº 90024/2024."
"00094/2024";"200331 - SECRETARIA NACIONAL DE SEGURANCA PUBLICA - SENASP";"90024/2024";"08/01/2025";"09/01/2025";"09/01/2027";"51.414.411/0001-64";"BRUMO ESPORTES LTDA";"00051";"HALTERE, MATERIAL FERRO, REVESTIMENTO BORRACHA PVC- CLORETO DE POLIVINILA, FORMA GEOMÉTRICA REDONDA NAS EXTREMIDADES, PESO 8 KG";"1629";"1629";"179,84";"292.959,36";"Aquisição de Equipamentos de Atividade Física, para atender demanda da Secretaria Nacional de Segurança Púbica e demais Órgãos Participantes, especificados nos itens 32, 47, 48 e 51 do Termo de Referência (29290108), anexo do Edital do Pregão Eletrônico nº 90024/2024."
"00094/2024";"200331 - SECRETARIA NACIONAL DE SEGURANCA PUBLICA - SENASP";"90024/2024";"08/01/2025";"09/01/2025";"09/01/2027";"51.414.411/0001-64";"BRUMO ESPORTES LTDA";"00032";"APARELHO / EQUIPAMENTO PARA CONDICIONAMENTO FÍSICO, TIPO BARRA, MATERIAL AÇO, APLICAÇÃO CONDICIONAMENTO FÍSICO, CARACTERISTICAS ADICIONAIS COM 2 PRESILHAS, DIMENSÕES 2,20 M";"1161";"1161";"1.145,21";"1.329.588,81";"Aquisição de Equipamentos de Atividade Física, para atender demanda da Secretaria Nacional de Segurança Púbica e demais Órgãos Participantes, especificados nos itens 32, 47, 48 e 51 do Termo de Referência (29290108), anexo do Edital do Pregão Eletrônico nº 90024/2024."
"00094/2024";"200331 - SECRETARIA NACIONAL DE SEGURANCA PUBLICA - SENASP";"90024/2024";"08/01/2025";"09/01/2025";"09/01/2027";"51.414.411/0001-64";"BRUMO ESPORTES LTDA";"00048";"HALTERE, MATERIAL FERRO, TIPO MACIÇO, REVESTIMENTO BORRACHA PVC- CLORETO DE POLIVINILA, FORMA BOLAS NAS LATERAIS, PESO 2 KG, COR AZUL";"1444";"1444";"46,79";"67.564,76";"Aquisição de Equipamentos de Atividade Física, para atender demanda da Secretaria Nacional de Segurança Púbica e demais Órgãos Participantes, especificados nos itens 32, 47, 48 e 51 do Termo de Referência (29290108), anexo do Edital do Pregão Eletrônico nº 90024/2024."
"00090/2024";"200331 - SECRETARIA NACIONAL DE SEGURANCA PUBLICA - SENASP";"90024/2024";"08/01/2025";"09/01/2025";"09/01/2027";"50.937.669/0001-82";"SIGMETAL INDUSTRIA DE EQUIPAMENTOS EM ACOS LTDA";"00008";"APARELHO / EQUIPAMENTO PARA CONDICIONAMENTO FÍSICO, TIPO CADEIRA ABDUTORA, MATERIAL AÇO, AÇO CARBONO, ALUMÍNIO, POLIETILENO, POLIAMID A, APLICAÇÃO CONDICIONAMENTO FÍSICO, CARACTERISTICAS ADICIONAIS ASSENTO INCLINADO REGULÁVEL, REGULAGEM DE ABERTUR A";"458";"458";"7.992,92";"3.660.757,36";"Aquisição de Equipamentos de Atividade Física, para atender demanda da Secretaria Nacional de Segurança Púbica e demais órgão participantes, especificados nos itens 07 ao 23 do Termo de Referência (29290108), anexo do Edital do Pregão Eletrônico nº 90024/2024."
"00090/2024";"200331 - SECRETARIA NACIONAL DE SEGURANCA PUBLICA - SENASP";"90024/2024";"08/01/2025";"09/01/2025";"09/01/2027";"50.937.669/0001-82";"SIGMETAL INDUSTRIA DE EQUIPAMENTOS EM ACOS LTDA";"00010";"APARELHO GINÁSTICA, ESTRUTURA METÁLICA, FORMATO RETO, BANCO RETANGULAR, REVESTIMENTO COURVIM NÁUTICO, TIPO LEG PRESS, APLICAÇÃO CONDICIONAMENTO FÍSICO";"502";"502";"8.087,57";"4.059.960,14";"Aquisição de Equipamentos de Atividade Física, para atender demanda da Secretaria Nacional de Segurança Púbica e demais órgão participantes, especificados nos itens 07 ao 23 do Termo de Referência (29290108), anexo do Edital do Pregão Eletrônico nº 90024/2024."
"00090/2024";"200331 - SECRETARIA NACIONAL DE SEGURANCA PUBLICA - SENASP";"90024/2024";"08/01/2025";"09/01/2025";"09/01/2027";"50.937.669/0001-82";"SIGMETAL INDUSTRIA DE EQUIPAMENTOS EM ACOS LTDA";"00012";"APARELHO / EQUIPAMENTO PARA CONDICIONAMENTO FÍSICO, TIPO BANCO PANTURRILHA SOLEAR, MATERIAL AÇO, AÇO CARBONO, ALUMÍNIO, POLIETILENO, POLIAMID A, APLICAÇÃO CONDICIONAMENTO FÍSICO, CARACTERISTICAS ADICIONAIS REGULAGEM DE ALTURA APOIO COXAS";"424";"424";"3.786,12";"1.605.314,88";"Aquisição de Equipamentos de Atividade Física, para atender demanda da Secretaria Nacional de Segurança Púbica e demais órgão participantes, especificados nos itens 07 ao 23 do Termo de Referência (29290108), anexo do Edital do Pregão Eletrônico nº 90024/2024."
"00090/2024";"200331 - SECRETARIA NACIONAL DE SEGURANCA PUBLICA - SENASP";"90024/2024";"08/01/2025";"09/01/2025";"09/01/2027";"50.937.669/0001-82";"SIGMETAL INDUSTRIA DE EQUIPAMENTOS EM ACOS LTDA";"00014";"APARELHO / EQUIPAMENTO PARA CONDICIONAMENTO FÍSICO, TIPO PUXADA ALTA DUPLA, MATERIAL AÇO CARBONO, APLICAÇÃO TRAPÉZIO, BÍCEPS, OMBROS";"594";"594";"8.203,26";"4.872.736,44";"Aquisição de Equipamentos de Atividade Física, para atender demanda da Secretaria Nacional de Segurança Púbica e demais órgão participantes, especificados nos itens 07 ao 23 do Termo de Referência (29290108), anexo do Edital do Pregão Eletrônico nº 90024/2024."
"00090/2024";"200331 - SECRETARIA NACIONAL DE SEGURANCA PUBLICA - SENASP";"90024/2024";"08/01/2025";"09/01/2025";"09/01/2027";"50.937.669/0001-82";"SIGMETAL INDUSTRIA DE EQUIPAMENTOS EM ACOS LTDA";"00016";"APARELHO / EQUIPAMENTO PARA CONDICIONAMENTO FÍSICO, TIPO ARTICULADO, MATERIAL AÇO TEMPERADO, APLICAÇÃO PARA BICEPS, PEITORAL, CARACTERISTICAS ADICIONAIS CADEIRA-REMO, BANCO: ESTOFADO REGULáVEL COM SUPOR-, DIMENSÕES 99 X 142 X 114 CM";"496";"496";"8.413,60";"4.173.145,60";"Aquisição de Equipamentos de Atividade Física, para atender demanda da Secretaria Nacional de Segurança Púbica e demais órgão participantes, especificados nos itens 07 ao 23 do Termo de Referência (29290108), anexo do Edital do Pregão Eletrônico nº 90024/2024."
"00090/2024";"200331 - SECRETARIA NACIONAL DE SEGURANCA PUBLICA - SENASP";"90024/2024";"08/01/2025";"09/01/2025";"09/01/2027";"50.937.669/0001-82";"SIGMETAL INDUSTRIA DE EQUIPAMENTOS EM ACOS LTDA";"00018";"APARELHO / EQUIPAMENTO PARA CONDICIONAMENTO FÍSICO, TIPO BÍCEPS, MATERIAL AÇO CARBONO, APLICAÇÃO CONDICIONAMENTO FÍSICO, CARACTERISTICAS ADICIONAIS ASSENTO REGULÁVEL, REGULAGEM DE CARGA";"452";"452";"8.518,77";"3.850.484,04";"Aquisição de Equipamentos de Atividade Física, para atender demanda da Secretaria Nacional de Segurança Púbica e demais órgão participantes, especificados nos itens 07 ao 23 do Termo de Referência (29290108), anexo do Edital do Pregão Eletrônico nº 90024/2024."
"00090/2024";"200331 - SECRETARIA NACIONAL DE SEGURANCA PUBLICA - SENASP";"90024/2024";"08/01/2025";"09/01/2025";"09/01/2027";"50.937.669/0001-82";"SIGMETAL INDUSTRIA DE EQUIPAMENTOS EM ACOS LTDA";"00020";"APARELHO / EQUIPAMENTO PARA CONDICIONAMENTO FÍSICO, TIPO BANCO REGULÁVEL, MATERIAL AÇO, AÇO CARBONO, ALUMÍNIO, POLIETILENO, POLIAMID A, APLICAÇÃO CONDICIONAMENTO FÍSICO, CARACTERISTICAS ADICIONAIS SUPINO INCLINADO";"464";"464";"3.260,27";"1.512.765,28";"Aquisição de Equipamentos de Atividade Física, para atender demanda da Secretaria Nacional de Segurança Púbica e demais órgão participantes, especificados nos itens 07 ao 23 do Termo de Referência (29290108), anexo do Edital do Pregão Eletrônico nº 90024/2024."
"00090/2024";"200331 - SECRETARIA NACIONAL DE SEGURANCA PUBLICA - SENASP";"90024/2024";"08/01/2025";"09/01/2025";"09/01/2027";"50.937.669/0001-82";"SIGMETAL INDUSTRIA DE EQUIPAMENTOS EM ACOS LTDA";"00022";"APARELHO / EQUIPAMENTO PARA CONDICIONAMENTO FÍSICO, TIPO REMADA SENTADA, MATERIAL METAL, APLICAÇÃO COSTAS, BRAÇOS, OMBROS, CARACTERISTICAS ADICIONAIS REVESTIDO COURO SINTÉTICO";"400";"400";"3.049,93";"1.219.972,00";"Aquisição de Equipamentos de Atividade Física, para atender demanda da Secretaria Nacional de Segurança Púbica e demais órgão participantes, especificados nos itens 07 ao 23 do Termo de Referência (29290108), anexo do Edital do Pregão Eletrônico nº 90024/2024."
"00090/2024";"200331 - SECRETARIA NACIONAL DE SEGURANCA PUBLICA - SENASP";"90024/2024";"08/01/2025";"09/01/2025";"09/01/2027";"50.937.669/0001-82";"SIGMETAL INDUSTRIA DE EQUIPAMENTOS EM ACOS LTDA";"00007";"APARELHO / EQUIPAMENTO PARA CONDICIONAMENTO FÍSICO, TIPO MESA FLEXORA, MATERIAL AÇO, AÇO CARBONO, ALUMÍNIO, POLIETILENO, POLIAMID A, APLICAÇÃO CONDICIONAMENTO FÍSICO, CARACTERISTICAS ADICIONAIS REGULAGEM PERNAS, REGULAGEM DE CARGA";"487";"487";"7.361,90";"3.585.245,30";"Aquisição de Equipamentos de Atividade Física, para atender demanda da Secretaria Nacional de Segurança Púbica e demais órgão participantes, especificados nos itens 07 ao 23 do Termo de Referência (29290108), anexo do Edital do Pregão Eletrônico nº 90024/2024."
"00090/2024";"200331 - SECRETARIA NACIONAL DE SEGURANCA PUBLICA - SENASP";"90024/2024";"08/01/2025";"09/01/2025";"09/01/2027";"50.937.669/0001-82";"SIGMETAL INDUSTRIA DE EQUIPAMENTOS EM ACOS LTDA";"00009";"APARELHO / EQUIPAMENTO PARA CONDICIONAMENTO FÍSICO, TIPO BARRA, MATERIAL AÇO, APLICAÇÃO CONDICIONAMENTO FÍSICO, CARACTERISTICAS ADICIONAIS COM 2 PRESILHAS, DIMENSÕES 2,20 M";"546";"546";"4.206,80";"2.296.912,80";"Aquisição de Equipamentos de Atividade Física, para atender demanda da Secretaria Nacional de Segurança Púbica e demais órgão participantes, especificados nos itens 07 ao 23 do Termo de Referência (29290108), anexo do Edital do Pregão Eletrônico nº 90024/2024."
"00090/2024";"200331 - SECRETARIA NACIONAL DE SEGURANCA PUBLICA - SENASP";"90024/2024";"08/01/2025";"09/01/2025";"09/01/2027";"50.937.669/0001-82";"SIGMETAL INDUSTRIA DE EQUIPAMENTOS EM ACOS LTDA";"00011";"APARELHO GINÁSTICA, ESTRUTURA METÁLICA, FORMATO RETO, BANCO RETANGULAR, REVESTIMENTO COURO SINTÉTICO, TIPO LEG PRESS, APLICAÇÃO CONDICIONAMENTO FÍSICO";"440";"440";"8.518,77";"3.748.258,80";"Aquisição de Equipamentos de Atividade Física, para atender demanda da Secretaria Nacional de Segurança Púbica e demais órgão participantes, especificados nos itens 07 ao 23 do Termo de Referência (29290108), anexo do Edital do Pregão Eletrônico nº 90024/2024."
"00090/2024";"200331 - SECRETARIA NACIONAL DE SEGURANCA PUBLICA - SENASP";"90024/2024";"08/01/2025";"09/01/2025";"09/01/2027";"50.937.669/0001-82";"SIGMETAL INDUSTRIA DE EQUIPAMENTOS EM ACOS LTDA";"00013";"APARELHO GINÁSTICA, ESTRUTURA METÁLICA, FORMATO RETO, BANCO RETANGULAR, REVESTIMENTO COURO SINTÉTICO, TIPO VITA GLUTEO, APLICAÇÃO CONDICIONAMENTO FÍSICO";"460";"460";"8.413,60";"3.870.256,00";"Aquisição de Equipamentos de Atividade Física, para atender demanda da Secretaria Nacional de Segurança Púbica e demais órgão participantes, especificados nos itens 07 ao 23 do Termo de Referência (29290108), anexo do Edital do Pregão Eletrônico nº 90024/2024."
"00090/2024";"200331 - SECRETARIA NACIONAL DE SEGURANCA PUBLICA - SENASP";"90024/2024";"08/01/2025";"09/01/2025";"09/01/2027";"50.937.669/0001-82";"SIGMETAL INDUSTRIA DE EQUIPAMENTOS EM ACOS LTDA";"00015";"ESTANTE METÁLICA, MATERIAL AÇO, ALTURA 1,20 M, LARGURA 0,60 M, PROFUNDIDADE 0,30 M, TIPO PRATELEIRAS REGULÁVEIS, QUANTIDADE PRATELEIRAS 3 UN, TRATAMENTO SUPERFICIAL ANTICORROSIVO, ACABAMENTO SUPERFICIAL PINTURA ESMALTADA, COR CINZA";"624";"624";"8.413,60";"5.250.086,40";"Aquisição de Equipamentos de Atividade Física, para atender demanda da Secretaria Nacional de Segurança Púbica e demais órgão participantes, especificados nos itens 07 ao 23 do Termo de Referência (29290108), anexo do Edital do Pregão Eletrônico nº 90024/2024."
"00090/2024";"200331 - SECRETARIA NACIONAL DE SEGURANCA PUBLICA - SENASP";"90024/2024";"08/01/2025";"09/01/2025";"09/01/2027";"50.937.669/0001-82";"SIGMETAL INDUSTRIA DE EQUIPAMENTOS EM ACOS LTDA";"00017";"APARELHO / EQUIPAMENTO PARA CONDICIONAMENTO FÍSICO, TIPO REMADA SENTADA, MATERIAL METAL, APLICAÇÃO COSTAS, BRAÇOS, OMBROS, CARACTERISTICAS ADICIONAIS REVESTIDO COURO SINTÉTICO";"495";"495";"8.308,43";"4.112.672,85";"Aquisição de Equipamentos de Atividade Física, para atender demanda da Secretaria Nacional de Segurança Púbica e demais órgão participantes, especificados nos itens 07 ao 23 do Termo de Referência (29290108), anexo do Edital do Pregão Eletrônico nº 90024/2024."
"00090/2024";"200331 - SECRETARIA NACIONAL DE SEGURANCA PUBLICA - SENASP";"90024/2024";"08/01/2025";"09/01/2025";"09/01/2027";"50.937.669/0001-82";"SIGMETAL INDUSTRIA DE EQUIPAMENTOS EM ACOS LTDA";"00019";"APARELHO / EQUIPAMENTO PARA CONDICIONAMENTO FÍSICO, TIPO BANCO REGULÁVEL, MATERIAL AÇO, AÇO CARBONO, ALUMÍNIO, POLIETILENO, POLIAMID A, APLICAÇÃO CONDICIONAMENTO FÍSICO, CARACTERISTICAS ADICIONAIS SUPINO INCLINADO";"532";"532";"3.680,95";"1.958.265,40";"Aquisição de Equipamentos de Atividade Física, para atender demanda da Secretaria Nacional de Segurança Púbica e demais órgão participantes, especificados nos itens 07 ao 23 do Termo de Referência (29290108), anexo do Edital do Pregão Eletrônico nº 90024/2024."
"00090/2024";"200331 - SECRETARIA NACIONAL DE SEGURANCA PUBLICA - SENASP";"90024/2024";"08/01/2025";"09/01/2025";"09/01/2027";"50.937.669/0001-82";"SIGMETAL INDUSTRIA DE EQUIPAMENTOS EM ACOS LTDA";"00021";"APARELHO / EQUIPAMENTO PARA CONDICIONAMENTO FÍSICO, TIPO BANCO REGULÁVEL, MATERIAL METAL, APLICAÇÃO PARA ABDOMEN, TORAX, BRAÇOS E PERNAS, CARACTERISTICAS ADICIONAIS SUPINO DECLINADO";"400";"400";"3.134,07";"1.253.628,00";"Aquisição de Equipamentos de Atividade Física, para atender demanda da Secretaria Nacional de Segurança Púbica e demais órgão participantes, especificados nos itens 07 ao 23 do Termo de Referência (29290108), anexo do Edital do Pregão Eletrônico nº 90024/2024."
"00090/2024";"200331 - SECRETARIA NACIONAL DE SEGURANCA PUBLICA - SENASP";"90024/2024";"08/01/2025";"09/01/2025";"09/01/2027";"50.937.669/0001-82";"SIGMETAL INDUSTRIA DE EQUIPAMENTOS EM ACOS LTDA";"00023";"APARELHO / EQUIPAMENTO PARA CONDICIONAMENTO FÍSICO, TIPO BANCO ROSCA SCOTT, MATERIAL AÇO CARBONO, APLICAÇÃO BICEPS, CARACTERISTICAS ADICIONAIS ASSENTO REGULÁVEL, SUPORTES PARA BARRA";"453";"453";"3.123,55";"1.414.968,15";"Aquisição de Equipamentos de Atividade Física, para atender demanda da Secretaria Nacional de Segurança Púbica e demais órgão participantes, especificados nos itens 07 ao 23 do Termo de Referência (29290108), anexo do Edital do Pregão Eletrônico nº 90024/2024."
"00099/2024";"200331 - SECRETARIA NACIONAL DE SEGURANCA PUBLICA - SENASP";"90024/2024";"07/01/2025";"08/01/2025";"08/01/2027";"50.032.992/0001-07";"CA COMERCIO DE PRODUTOS LTDA";"00060";"COLCHONETE GINÁSTICA, MATERIAL PLÁSTICO EMBORRACHADO, COMPRIMENTO 0,95 M, LARGURA 0,50 M, ESPESSURA 0,03 M, DENSIDADE 23";"7638";"7638";"52,00";"397.176,00";"Aquisição de Equipamentos de Atividade Física, para atender demanda da Secretaria Nacional de Segurança Púbica e demais órgão participantes, especificados no item 60 do Termo de Referência (29290108), anexo do Edital do Pregão Eletrônico nº 90024/2024."
"00093/2024";"200331 - SECRETARIA NACIONAL DE SEGURANCA PUBLICA - SENASP";"90024/2024";"07/01/2025";"08/01/2025";"08/01/2027";"34.414.691/0001-91";"SUD COMERCIO E IMPORTACAO LTDA";"00001";"ESTEIRA ERGOMÉTRICA PARA EXERCÍCIOS DE REABILITAÇÃO FÍSICA, CAPACIDADE MÍNIMO 120 KG, TIPO MOTOR MÍNIMO 2 HP, PARÂMETROS TEMPO, DISTÂNCIA, VELOCIDADE, CALORIAS E BC, ELEVAÇÃO MANUAL, VELOCIDADE MÍNIMA 12 KM/H, CARACTERÍSTICAS ADICIONAIS AJUSTE DE VELOCIDADE E INCLINAÇÃO, OUTROS COMPONENTES RODÍZIOS";"1087";"1087";"15.454,73";"16.799.291,51";"Aquisição de Equipamentos de Atividade Física, para atender demanda da Secretaria Nacional de Segurança Púbica e demais órgão participantes, especificados nos itens 1, 2, 54, 55 e 57 do Termo de Referência (29290108), anexo do Edital do Pregão Eletrônico nº 90024/2024."
"00093/2024";"200331 - SECRETARIA NACIONAL DE SEGURANCA PUBLICA - SENASP";"90024/2024";"07/01/2025";"08/01/2025";"08/01/2027";"34.414.691/0001-91";"SUD COMERCIO E IMPORTACAO LTDA";"00054";"HALTERE, MATERIAL FERRO, TIPO MACIÇO, REVESTIMENTO BORRACHA PVC- CLORETO DE POLIVINILA, PESO 14 KG, APLICAÇÃO MUSCULAÇÃO";"1339";"1339";"306,26";"410.082,14";"Aquisição de Equipamentos de Atividade Física, para atender demanda da Secretaria Nacional de Segurança Púbica e demais órgão participantes, especificados nos itens 1, 2, 54, 55 e 57 do Termo de Referência (29290108), anexo do Edital do Pregão Eletrônico nº 90024/2024."
"00093/2024";"200331 - SECRETARIA NACIONAL DE SEGURANCA PUBLICA - SENASP";"90024/2024";"07/01/2025";"08/01/2025";"08/01/2027";"34.414.691/0001-91";"SUD COMERCIO E IMPORTACAO LTDA";"00057";"HALTERE, MATERIAL FERRO, TIPO MACIÇO, REVESTIMENTO BORRACHA PVC- CLORETO DE POLIVINILA, PESO 20 KG, APLICAÇÃO MUSCULAÇÃO";"1016";"1016";"437,51";"444.510,16";"Aquisição de Equipamentos de Atividade Física, para atender demanda da Secretaria Nacional de Segurança Púbica e demais órgão participantes, especificados nos itens 1, 2, 54, 55 e 57 do Termo de Referência (29290108), anexo do Edital do Pregão Eletrônico nº 90024/2024."
"00093/2024";"200331 - SECRETARIA NACIONAL DE SEGURANCA PUBLICA - SENASP";"90024/2024";"07/01/2025";"08/01/2025";"08/01/2027";"34.414.691/0001-91";"SUD COMERCIO E IMPORTACAO LTDA";"00002";"BICICLETA ERGOMÉTRICA, TIPO MECÂNICA, MODELO PROFISSIONAL, CAPACIDADE MÁXIMA 100 KG, COR PRETA, FUNÇÕES PAINEL VELOCIDADE/DISTÂNCIA/TEMPO/CALORIAS E BATIMENTOS, TIPO GUIDON COM APOIO PARA ANTEBRAÇOS, CARACTERÍSTICAS ADICIONAIS PEDAIS COM CINTO SEGURANÇA, MATERIAL ESTRUTURA AÇO, ACABAMENTO ESTRUTURA PINTURA ELETROSTÁTICA, CARENAGEM EM POLIETILENO, ROTAÇÃO MÁXIMA 110 RPM";"966";"966";"7.360,85";"7.110.581,10";"Aquisição de Equipamentos de Atividade Física, para atender demanda da Secretaria Nacional de Segurança Púbica e demais órgão participantes, especificados nos itens 1, 2, 54, 55 e 57 do Termo de Referência (29290108), anexo do Edital do Pregão Eletrônico nº 90024/2024."
"00093/2024";"200331 - SECRETARIA NACIONAL DE SEGURANCA PUBLICA - SENASP";"90024/2024";"07/01/2025";"08/01/2025";"08/01/2027";"34.414.691/0001-91";"SUD COMERCIO E IMPORTACAO LTDA";"00055";"HALTERE, MATERIAL FERRO, TIPO MACIÇO, REVESTIMENTO BORRACHA PVC- CLORETO DE POLIVINILA, PESO 16 KG, APLICAÇÃO MUSCULAÇÃO";"1107";"1107";"350,01";"387.461,07";"Aquisição de Equipamentos de Atividade Física, para atender demanda da Secretaria Nacional de Segurança Púbica e demais órgão participantes, especificados nos itens 1, 2, 54, 55 e 57 do Termo de Referência (29290108), anexo do Edital do Pregão Eletrônico nº 90024/2024."
"00108/2024";"200331 - SECRETARIA NACIONAL DE SEGURANCA PUBLICA - SENASP";"90027/2024";"07/01/2025";"08/01/2025";"07/01/2027";"18.476.349/0001-60";"GP TRADE COMPANY ELETRONICOS IMPORTACAO E EXPORTACAO LTDA";"00001";"ESTABILIZADOR TENSÃO, TENSÃO ALIMENTAÇÃO ENTRADA BIVOLT V, TIPO NOBREAK, QUANTIDADE TOMADAS SAÍDA 8, CAPACIDADE NOMINAL 1.500 VA";"9326";"9326";"699,11";"6.519.899,86";"O registro de preços para a eventual aquisição de nobreaks 1500 VA, para atender demanda da Secretaria Nacional de Segurança Púbica e demais órgão participantes, especificados no item do  Termo de Referência (29192381), anexo do Edital do Pregão Eletrônico nº 90027/2024, que é parte integrante desta Ata, assim como as propostas cujos preços tenham sido registrados, independentemente de transcrição."
"00092/2024";"200331 - SECRETARIA NACIONAL DE SEGURANCA PUBLICA - SENASP";"90024/2024";"03/01/2025";"07/01/2025";"07/01/2027";"55.095.768/0001-88";"FONTHORA DISTRIBUIDORA LTDA";"00025";"ANILHA, MATERIAL FERRO, ACABAMENTO SUPERFICIAL EMBORRACHADO, COR PRETA, PESO 3,0 KG";"3754";"3754";"41,54";"155.941,16";"Aquisição de Equipamentos de Atividade Física, para atender demanda da Secretaria Nacional de Segurança Púbica e demais órgão participantes, especificados nos itens 24 ao 31 do Termo de Referência (29290108), anexo do Edital do Pregão Eletrônico nº 90024/2024."
"00092/2024";"200331 - SECRETARIA NACIONAL DE SEGURANCA PUBLICA - SENASP";"90024/2024";"03/01/2025";"07/01/2025";"07/01/2027";"55.095.768/0001-88";"FONTHORA DISTRIBUIDORA LTDA";"00024";"ANILHA, MATERIAL FERRO, ACABAMENTO SUPERFICIAL EMBORRACHADO, COR PRETA, PESO 2,0 KG";"4394";"4394";"27,24";"119.692,56";"Aquisição de Equipamentos de Atividade Física, para atender demanda da Secretaria Nacional de Segurança Púbica e demais órgão participantes, especificados nos itens 24 ao 31 do Termo de Referência (29290108), anexo do Edital do Pregão Eletrônico nº 90024/2024."
"00092/2024";"200331 - SECRETARIA NACIONAL DE SEGURANCA PUBLICA - SENASP";"90024/2024";"03/01/2025";"07/01/2025";"07/01/2027";"55.095.768/0001-88";"FONTHORA DISTRIBUIDORA LTDA";"00026";"ANILHA, MATERIAL FERRO, ACABAMENTO SUPERFICIAL EMBORRACHADO, COR PRETA, PESO 5,0 KG";"4829";"4829";"69,31";"334.697,99";"Aquisição de Equipamentos de Atividade Física, para atender demanda da Secretaria Nacional de Segurança Púbica e demais órgão participantes, especificados nos itens 24 ao 31 do Termo de Referência (29290108), anexo do Edital do Pregão Eletrônico nº 90024/2024."
"00092/2024";"200331 - SECRETARIA NACIONAL DE SEGURANCA PUBLICA - SENASP";"90024/2024";"03/01/2025";"07/01/2025";"07/01/2027";"55.095.768/0001-88";"FONTHORA DISTRIBUIDORA LTDA";"00028";"ANILHA, MATERIAL FERRO, ACABAMENTO SUPERFICIAL EMBORRACHADO, COR PRETA, PESO 15 KG";"4316";"4316";"210,34";"907.827,44";"Aquisição de Equipamentos de Atividade Física, para atender demanda da Secretaria Nacional de Segurança Púbica e demais órgão participantes, especificados nos itens 24 ao 31 do Termo de Referência (29290108), anexo do Edital do Pregão Eletrônico nº 90024/2024."
"00092/2024";"200331 - SECRETARIA NACIONAL DE SEGURANCA PUBLICA - SENASP";"90024/2024";"03/01/2025";"07/01/2025";"07/01/2027";"55.095.768/0001-88";"FONTHORA DISTRIBUIDORA LTDA";"00030";"ANILHA, MATERIAL FERRO, ACABAMENTO SUPERFICIAL EMBORRACHADO, COR PRETA, PESO 25 KG";"3473";"3473";"383,87";"1.333.180,51";"Aquisição de Equipamentos de Atividade Física, para atender demanda da Secretaria Nacional de Segurança Púbica e demais órgão participantes, especificados nos itens 24 ao 31 do Termo de Referência (29290108), anexo do Edital do Pregão Eletrônico nº 90024/2024."
"00092/2024";"200331 - SECRETARIA NACIONAL DE SEGURANCA PUBLICA - SENASP";"90024/2024";"03/01/2025";"07/01/2025";"07/01/2027";"55.095.768/0001-88";"FONTHORA DISTRIBUIDORA LTDA";"00027";"ANILHA, MATERIAL FERRO, ACABAMENTO SUPERFICIAL EMBORRACHADO, COR PRETA, PESO 10 KG";"4983";"4983";"136,72";"681.275,76";"Aquisição de Equipamentos de Atividade Física, para atender demanda da Secretaria Nacional de Segurança Púbica e demais órgão participantes, especificados nos itens 24 ao 31 do Termo de Referência (29290108), anexo do Edital do Pregão Eletrônico nº 90024/2024."
"00092/2024";"200331 - SECRETARIA NACIONAL DE SEGURANCA PUBLICA - SENASP";"90024/2024";"03/01/2025";"07/01/2025";"07/01/2027";"55.095.768/0001-88";"FONTHORA DISTRIBUIDORA LTDA";"00029";"ANILHA, MATERIAL FERRO, ACABAMENTO SUPERFICIAL EMBORRACHADO, COR PRETA, PESO 20 KG";"4432";"4432";"283,96";"1.258.510,72";"Aquisição de Equipamentos de Atividade Física, para atender demanda da Secretaria Nacional de Segurança Púbica e demais órgão participantes, especificados nos itens 24 ao 31 do Termo de Referência (29290108), anexo do Edital do Pregão Eletrônico nº 90024/2024."
"00092/2024";"200331 - SECRETARIA NACIONAL DE SEGURANCA PUBLICA - SENASP";"90024/2024";"03/01/2025";"07/01/2025";"07/01/2027";"55.095.768/0001-88";"FONTHORA DISTRIBUIDORA LTDA";"00031";"ESTANTE ANILHAS, MATERIAL AÇO CARBONO, APLICAÇÃO SUPORTE ANILHAS, CARACTERÍSTICAS ADICIONAIS FORMATO TRIANGULAR";"976";"976";"1.787,89";"1.744.980,64";"Aquisição de Equipamentos de Atividade Física, para atender demanda da Secretaria Nacional de Segurança Púbica e demais órgão participantes, especificados nos itens 24 ao 31 do Termo de Referência (29290108), anexo do Edital do Pregão Eletrônico nº 90024/2024."
"00091/2024";"200331 - SECRETARIA NACIONAL DE SEGURANCA PUBLICA - SENASP";"90024/2024";"31/12/2024";"01/01/2025";"01/01/2027";"05.252.941/0001-36";"STAR COMERCIO LTDA";"00034";"EQUIPAMENTO / ACESSÓRIOS DESPORTO, MATERIAL METAL/MADEIRA, TIPO BARRA HORIZONTAL, DIMENSÕES 150 X 200 X 150 CM, USO GINÁSTICA ARTÍSTICA, CARACTERÍSTICAS ADICIONAIS ALTURA AJUSTÁVEL";"786";"786";"468,01";"367.855,86";"Aquisição de equipamentos de atividade física, para atender demanda da Secretaria Nacional de Segurança Púbica e demais órgão participantes, especificados nos itens 34, 37, 38, 39, 40, 41, 42, 49, 50, 52, 53, 56 e 58 do Termo de Referência (29290108), anexo do Edital do Pregão Eletrônico nº 90024/2024."
"00091/2024";"200331 - SECRETARIA NACIONAL DE SEGURANCA PUBLICA - SENASP";"90024/2024";"31/12/2024";"01/01/2025";"01/01/2027";"05.252.941/0001-36";"STAR COMERCIO LTDA";"00038";"APARELHO / ACESSÓRIO - ACONDICIONAMENTO FÍSICO, TIPO PUXADOR, USO EQUIPAMENTOS DE ACADEMIA, MATERIAL BASE/HASTE AÇO/TERMOPLÁSTICO, CARACTERÍSTICAS ADICIONAIS FORMATO CURVO TIPO ""W""";"732";"732";"247,15";"180.913,80";"Aquisição de equipamentos de atividade física, para atender demanda da Secretaria Nacional de Segurança Púbica e demais órgão participantes, especificados nos itens 34, 37, 38, 39, 40, 41, 42, 49, 50, 52, 53, 56 e 58 do Termo de Referência (29290108), anexo do Edital do Pregão Eletrônico nº 90024/2024."
"00091/2024";"200331 - SECRETARIA NACIONAL DE SEGURANCA PUBLICA - SENASP";"90024/2024";"31/12/2024";"01/01/2025";"01/01/2027";"05.252.941/0001-36";"STAR COMERCIO LTDA";"00040";"APARELHO / ACESSÓRIO - ACONDICIONAMENTO FÍSICO, TIPO PUXADOR, USO EQUIPAMENTOS DE ACADEMIA, MATERIAL BASE/HASTE AÇO/TERMOPLÁSTICO, CARACTERÍSTICAS ADICIONAIS FORMATO RETO CURVO";"788";"788";"220,86";"174.037,68";"Aquisição de equipamentos de atividade física, para atender demanda da Secretaria Nacional de Segurança Púbica e demais órgão participantes, especificados nos itens 34, 37, 38, 39, 40, 41, 42, 49, 50, 52, 53, 56 e 58 do Termo de Referência (29290108), anexo do Edital do Pregão Eletrônico nº 90024/2024."
"00091/2024";"200331 - SECRETARIA NACIONAL DE SEGURANCA PUBLICA - SENASP";"90024/2024";"31/12/2024";"01/01/2025";"01/01/2027";"05.252.941/0001-36";"STAR COMERCIO LTDA";"00042";"APARELHO / EQUIPAMENTO PARA CONDICIONAMENTO FÍSICO, TIPO PUXADOR TRÍCEPS CORDA , MATERIAL POLIETILENO, APLICAÇÃO CONDICIONAMENTO FÍSICO, CARACTERISTICAS ADICIONAIS PRESILHA DE AÇO E PEGADAS DE PVC";"1009";"1009";"97,81";"98.690,29";"Aquisição de equipamentos de atividade física, para atender demanda da Secretaria Nacional de Segurança Púbica e demais órgão participantes, especificados nos itens 34, 37, 38, 39, 40, 41, 42, 49, 50, 52, 53, 56 e 58 do Termo de Referência (29290108), anexo do Edital do Pregão Eletrônico nº 90024/2024."
"00091/2024";"200331 - SECRETARIA NACIONAL DE SEGURANCA PUBLICA - SENASP";"90024/2024";"31/12/2024";"01/01/2025";"01/01/2027";"05.252.941/0001-36";"STAR COMERCIO LTDA";"00050";"HALTERE, MATERIAL FERRO, TIPO MACIÇO, REVESTIMENTO BORRACHA PVC- CLORETO DE POLIVINILA, FORMA BOLAS NAS LATERAIS, PESO 6 KG, COR AZUL";"1656";"1656";"138,82";"229.885,92";"Aquisição de equipamentos de atividade física, para atender demanda da Secretaria Nacional de Segurança Púbica e demais órgão participantes, especificados nos itens 34, 37, 38, 39, 40, 41, 42, 49, 50, 52, 53, 56 e 58 do Termo de Referência (29290108), anexo do Edital do Pregão Eletrônico nº 90024/2024."
"00091/2024";"200331 - SECRETARIA NACIONAL DE SEGURANCA PUBLICA - SENASP";"90024/2024";"31/12/2024";"01/01/2025";"01/01/2027";"05.252.941/0001-36";"STAR COMERCIO LTDA";"00053";"HALTERE, MATERIAL FERRO, TIPO MACIÇO, REVESTIMENTO BORRACHA PVC- CLORETO DE POLIVINILA, FORMA BOLAS NAS LATERAIS, PESO 12 KG, COR AZUL";"1383";"1383";"269,24";"372.358,92";"Aquisição de equipamentos de atividade física, para atender demanda da Secretaria Nacional de Segurança Púbica e demais órgão participantes, especificados nos itens 34, 37, 38, 39, 40, 41, 42, 49, 50, 52, 53, 56 e 58 do Termo de Referência (29290108), anexo do Edital do Pregão Eletrônico nº 90024/2024."
"00091/2024";"200331 - SECRETARIA NACIONAL DE SEGURANCA PUBLICA - SENASP";"90024/2024";"31/12/2024";"01/01/2025";"01/01/2027";"05.252.941/0001-36";"STAR COMERCIO LTDA";"00058";"HALTERE, MATERIAL FERRO, TIPO MACIÇO, REVESTIMENTO BORRACHA PVC- CLORETO DE POLIVINILA, FORMA CHALEIRA, PESO 22 KG, COR PRETA, APLICAÇÃO GINÁSTICA E TREINAMENTO DESPORTIVO";"1174";"1174";"458,02";"537.715,48";"Aquisição de equipamentos de atividade física, para atender demanda da Secretaria Nacional de Segurança Púbica e demais órgão participantes, especificados nos itens 34, 37, 38, 39, 40, 41, 42, 49, 50, 52, 53, 56 e 58 do Termo de Referência (29290108), anexo do Edital do Pregão Eletrônico nº 90024/2024."
"00091/2024";"200331 - SECRETARIA NACIONAL DE SEGURANCA PUBLICA - SENASP";"90024/2024";"31/12/2024";"01/01/2025";"01/01/2027";"05.252.941/0001-36";"STAR COMERCIO LTDA";"00037";"APARELHO / ACESSÓRIO - ACONDICIONAMENTO FÍSICO, TIPO PUXADOR, USO EQUIPAMENTOS DE ACADEMIA, MATERIAL BASE/HASTE AÇO/TERMOPLÁSTICO, CARACTERÍSTICAS ADICIONAIS FORMATO CURVO TIPO ""V""";"770";"770";"247,15";"190.305,50";"Aquisição de equipamentos de atividade física, para atender demanda da Secretaria Nacional de Segurança Púbica e demais órgão participantes, especificados nos itens 34, 37, 38, 39, 40, 41, 42, 49, 50, 52, 53, 56 e 58 do Termo de Referência (29290108), anexo do Edital do Pregão Eletrônico nº 90024/2024."
"00091/2024";"200331 - SECRETARIA NACIONAL DE SEGURANCA PUBLICA - SENASP";"90024/2024";"31/12/2024";"01/01/2025";"01/01/2027";"05.252.941/0001-36";"STAR COMERCIO LTDA";"00039";"APARELHO / ACESSÓRIO - ACONDICIONAMENTO FÍSICO, TIPO PUXADOR, USO EQUIPAMENTOS DE ACADEMIA, MATERIAL BASE/HASTE AÇO/TERMOPLÁSTICO, CARACTERÍSTICAS ADICIONAIS FORMATO RETO";"812";"812";"187,20";"152.006,40";"Aquisição de equipamentos de atividade física, para atender demanda da Secretaria Nacional de Segurança Púbica e demais órgão participantes, especificados nos itens 34, 37, 38, 39, 40, 41, 42, 49, 50, 52, 53, 56 e 58 do Termo de Referência (29290108), anexo do Edital do Pregão Eletrônico nº 90024/2024."
"00091/2024";"200331 - SECRETARIA NACIONAL DE SEGURANCA PUBLICA - SENASP";"90024/2024";"31/12/2024";"01/01/2025";"01/01/2027";"05.252.941/0001-36";"STAR COMERCIO LTDA";"00041";"APARELHO / ACESSÓRIO - ACONDICIONAMENTO FÍSICO, TIPO PUXADOR, USO EQUIPAMENTOS DE ACADEMIA, MATERIAL BASE/HASTE AÇO/TERMOPLÁSTICO, CARACTERÍSTICAS ADICIONAIS FORMATO TRIÂNGULO";"830";"830";"205,08";"170.216,40";"Aquisição de equipamentos de atividade física, para atender demanda da Secretaria Nacional de Segurança Púbica e demais órgão participantes, especificados nos itens 34, 37, 38, 39, 40, 41, 42, 49, 50, 52, 53, 56 e 58 do Termo de Referência (29290108), anexo do Edital do Pregão Eletrônico nº 90024/2024."
"00091/2024";"200331 - SECRETARIA NACIONAL DE SEGURANCA PUBLICA - SENASP";"90024/2024";"31/12/2024";"01/01/2025";"01/01/2027";"05.252.941/0001-36";"STAR COMERCIO LTDA";"00049";"HALTERE, MATERIAL FERRO, TIPO MACIÇO, REVESTIMENTO BORRACHA PVC- CLORETO DE POLIVINILA, FORMA BOLAS NAS LATERAIS, PESO 4 KG";"1495";"1495";"88,87";"132.860,65";"Aquisição de equipamentos de atividade física, para atender demanda da Secretaria Nacional de Segurança Púbica e demais órgão participantes, especificados nos itens 34, 37, 38, 39, 40, 41, 42, 49, 50, 52, 53, 56 e 58 do Termo de Referência (29290108), anexo do Edital do Pregão Eletrônico nº 90024/2024."
"00091/2024";"200331 - SECRETARIA NACIONAL DE SEGURANCA PUBLICA - SENASP";"90024/2024";"31/12/2024";"01/01/2025";"01/01/2027";"05.252.941/0001-36";"STAR COMERCIO LTDA";"00052";"HALTERE, MATERIAL FERRO, TIPO MACIÇO, REVESTIMENTO BORRACHA PVC- CLORETO DE POLIVINILA, FORMA BOLAS NAS LATERAIS, PESO 10 KG, COR AZUL";"1431";"1431";"219,81";"314.548,11";"Aquisição de equipamentos de atividade física, para atender demanda da Secretaria Nacional de Segurança Púbica e demais órgão participantes, especificados nos itens 34, 37, 38, 39, 40, 41, 42, 49, 50, 52, 53, 56 e 58 do Termo de Referência (29290108), anexo do Edital do Pregão Eletrônico nº 90024/2024."
"00091/2024";"200331 - SECRETARIA NACIONAL DE SEGURANCA PUBLICA - SENASP";"90024/2024";"31/12/2024";"01/01/2025";"01/01/2027";"05.252.941/0001-36";"STAR COMERCIO LTDA";"00056";"HALTERE, MATERIAL FERRO, TIPO MACIÇO, REVESTIMENTO BORRACHA PVC- CLORETO DE POLIVINILA, PESO 18 KG, APLICAÇÃO MUSCULAÇÃO";"1086";"1086";"374,64";"406.859,04";"Aquisição de equipamentos de atividade física, para atender demanda da Secretaria Nacional de Segurança Púbica e demais órgão participantes, especificados nos itens 34, 37, 38, 39, 40, 41, 42, 49, 50, 52, 53, 56 e 58 do Termo de Referência (29290108), anexo do Edital do Pregão Eletrônico nº 90024/2024."
"00075/2024";"200331 - SECRETARIA NACIONAL DE SEGURANCA PUBLICA - SENASP";"90022/2024";"30/12/2024";"31/01/2024";"31/12/2026";"07.065.479/0001-93";"DIMORVAN DAVI MENEGUSSO LTDA";"00002";"SOPRADOR, TIPO PORTÁTIL, ACIONAMENTO GASOLINA, POTÊNCIA 1.1 HP";"2242";"2242";"3.041,01";"6.817.944,42";"A presente Ata tem por objeto o registro de preços para a eventual aquisição de equipamentos de combate a incêndios florestais, especificado no item 02 do Termo de Referência (29251066), anexo I do edital de Licitação nº 22/2024 (29283387), que é parte integrante desta Ata, assim como as propostas cujos preços tenham sido registrados, independentemente de transcrição."
"00075/2024";"200331 - SECRETARIA NACIONAL DE SEGURANCA PUBLICA - SENASP";"90022/2024";"30/12/2024";"31/01/2024";"31/12/2026";"42.224.229/0001-50";"INSPECT INTELIGENCIA E TECNOLOGIA LTDA";"00001";"Solução para Reconhecimento de Padrões em Bases Abertas Básica, com suporte e atualização de 24 meses";"81";"81";"160.000,00";"12.960.000,00";"A presente Ata tem por objeto o registro de preços para a eventual aquisição de equipamentos de combate a incêndios florestais, especificado no item 02 do Termo de Referência (29251066), anexo I do edital de Licitação nº 22/2024 (29283387), que é parte integrante desta Ata, assim como as propostas cujos preços tenham sido registrados, independentemente de transcrição."
"00075/2024";"200331 - SECRETARIA NACIONAL DE SEGURANCA PUBLICA - SENASP";"90022/2024";"30/12/2024";"31/01/2024";"31/12/2026";"42.224.229/0001-50";"INSPECT INTELIGENCIA E TECNOLOGIA LTDA";"00002";"Solução para Reconhecimento de Padrões em Bases Abertas Avançada, com suporte e atualização de 24 meses";"186";"186";"270.000,00";"50.220.000,00";"A presente Ata tem por objeto o registro de preços para a eventual aquisição de equipamentos de combate a incêndios florestais, especificado no item 02 do Termo de Referência (29251066), anexo I do edital de Licitação nº 22/2024 (29283387), que é parte integrante desta Ata, assim como as propostas cujos preços tenham sido registrados, independentemente de transcrição."
"00079/2024";"200331 - SECRETARIA NACIONAL DE SEGURANCA PUBLICA - SENASP";"90038/2024";"30/12/2024";"31/12/2024";"31/12/2026";"3";"3M Global Channel Services, Inc.";"00001";"RESPIRADOR, MATERIAL CILINDRO DE COMPOSITE/SUPORTE EM FIBRA DE CARBONO, MATERIAL VISOR SILICONE COM VISOR ACRÍLICO, APLICAÇÃO GASES/VAPORES E PARTÍCULAS, CARACTERÍSTICAS ADICIONAIS CILINDRO 9 LITROS, PRESSÃO 300 BAR, AUTONOMIA 45 M, TIPO EPR-EQUIPAMENTO DE RESPIRAÇÃO AUTÔNOMA, NORMAS TÉCNICAS NBR13716, AIR-PAK 75I- EPR";"3528";"3528";"34.062,25";"120.171.618,00";"Aquisição de Equipamento Autônomo de Proteção Respiratória, para atender demanda da Secretaria Nacional de Segurança Pública e demais órgão participantes, conforme especificado no Termo de Referência (29263985), anexo I do Edital de Licitação nº 38/2024 (29260963)."
"00071/2025";"200331 - SECRETARIA NACIONAL DE SEGURANCA PUBLICA - SENASP";"90023/2025";"23/12/2025";"30/12/2025";"30/12/2026";"81.571.010/0001-89";"ULTRAMAR IMPORTACAO LTDA";"00027";"LUVA SEGURANÇA, MATERIAL NEOPRENE, TAMANHO G, APLICAÇÃO PRÁTICA DE MERGULHO/ NATAÇÃO, CARACTERÍSTICAS ADICIONAIS PALMA CONFECCIONADA EM COURO SINTÉTICO, ESPESSURA 2 MM, MODELO PUNHO EM NEOPRENE E FEIXO EM VELCRO";"2563";"2563";"117,00";"299.871,00";"A presente Ata tem por objeto o registro de preços para a eventual aquisição de equipamentos de Controle de Distúrbio Civil - CDC, especificado no item 01 constante da tabela anexa ao item 1.1 do Termo de Referência (32168732), anexo do Edital do Pregão Eletrônico nº 23/2025 (32171870), que é parte integrante desta Ata, assim como as propostas cujos preços tenham sido registrados, independentemente de transcrição."
"00071/2025";"200331 - SECRETARIA NACIONAL DE SEGURANCA PUBLICA - SENASP";"90023/2025";"23/12/2025";"30/12/2025";"30/12/2026";"81.571.010/0001-89";"ULTRAMAR IMPORTACAO LTDA";"00024";"EQUIPAMENTO / ACESSÓRIOS DESPORTO, MATERIAL TERMOPLÁSTICO, TIPO NADADEIRA PÉ DE PATO, USO HIDROTERAPIA";"3569";"3569";"159,00";"567.471,00";"A presente Ata tem por objeto o registro de preços para a eventual aquisição de equipamentos de Controle de Distúrbio Civil - CDC, especificado no item 01 constante da tabela anexa ao item 1.1 do Termo de Referência (32168732), anexo do Edital do Pregão Eletrônico nº 23/2025 (32171870), que é parte integrante desta Ata, assim como as propostas cujos preços tenham sido registrados, independentemente de transcrição."
"00071/2025";"200331 - SECRETARIA NACIONAL DE SEGURANCA PUBLICA - SENASP";"90023/2025";"23/12/2025";"30/12/2025";"30/12/2026";"37.483.573/0001-23";"EQUIPAMENTOS TATICOS DO SUL DO BRASIL LTDA";"00001";"MÁSCARA CONTRA GASES, MATERIAL NEOPRENE, TIPO FILTRO REMOVÍVEL/ SUBSTITUÍVEL, TIPO FACIAL COM VISOR EM POLICARBONATO, TAMANHO UNIVERSAL, CARACTERÍSTICAS ADICIONAIS DUPLA VEDAÇÃO LABIAL, MASCARILHA INTERNA, VÁLVULA";"5537";"5537";"4.298,95";"23.803.286,15";"A presente Ata tem por objeto o registro de preços para a eventual aquisição de equipamentos de Controle de Distúrbio Civil - CDC, especificado no item 01 constante da tabela anexa ao item 1.1 do Termo de Referência (32168732), anexo do Edital do Pregão Eletrônico nº 23/2025 (32171870), que é parte integrante desta Ata, assim como as propostas cujos preços tenham sido registrados, independentemente de transcrição."
"00073/2025";"200331 - SECRETARIA NACIONAL DE SEGURANCA PUBLICA - SENASP";"00241/2025";"24/12/2025";"26/12/2025";"29/12/2026";"00.202.188/0001-50";"DELTA COMERCIO DE EQUIPAMENTOS LTDA";"00030";"BOTE INFLÁVEL, MATERIAL TECIDO POLIÉSTER EMBORRACHADO, COMPRIMENTO 4,70 M, LARGURA EXTERNA 1,90 M, CAPACIDADE PASSAGEIRO 9, MATERIAL FUNDO TECIDO, POTÊNCIA MOTOR 20 A 50 HP HP, CARACTERÍSTICAS ADICIONAIS QUILHA INFLÁVEL, CAPACIDADE CARGA 1200 KG, ACESSÓRIOS PAR DE REMOS, KIT REPARO E FOLE DE ENCHIMENTO";"362";"362";"42.336,05";"15.325.650,10";"A presente Ata tem por objeto o registro de preços para a eventual aquisição de Cartuchos de extração para Plataformas Maxwell, especificados no item 1 do Termo de Referência n° 81/2025 (33911430) que é parte integrante desta Ata, assim como as propostas cujos preços tenham sido registrados, independentemente de transcrição."
"00073/2025";"200331 - SECRETARIA NACIONAL DE SEGURANCA PUBLICA - SENASP";"00241/2025";"24/12/2025";"26/12/2025";"29/12/2026";"11.909.227/0001-70";"PROMEGA BIOTECNOLOGIA DO BRASIL LTDA.";"-";"REAGENTE ANALÍTICO 4";"114";"114";"4.330,00";"493.620,00";"A presente Ata tem por objeto o registro de preços para a eventual aquisição de Cartuchos de extração para Plataformas Maxwell, especificados no item 1 do Termo de Referência n° 81/2025 (33911430) que é parte integrante desta Ata, assim como as propostas cujos preços tenham sido registrados, independentemente de transcrição."
"00073/2025";"200331 - SECRETARIA NACIONAL DE SEGURANCA PUBLICA - SENASP";"00241/2025";"24/12/2025";"26/12/2025";"29/12/2026";"11.909.227/0001-70";"PROMEGA BIOTECNOLOGIA DO BRASIL LTDA.";"-";"CONJUNTO PARA ANÁLISE";"663";"663";"1.979,50";"1.312.408,50";"A presente Ata tem por objeto o registro de preços para a eventual aquisição de Cartuchos de extração para Plataformas Maxwell, especificados no item 1 do Termo de Referência n° 81/2025 (33911430) que é parte integrante desta Ata, assim como as propostas cujos preços tenham sido registrados, independentemente de transcrição."
"00077/2025";"200331 - SECRETARIA NACIONAL DE SEGURANCA PUBLICA - SENASP";"90033/2025";"24/12/2025";"29/12/2025";"29/12/2026";"61.089.835/0001-54";"GUARANY INDUSTRIA E COMERCIO LTDA";"00008";"SISTEMA COMBATE INCÊNDIO, TIPO CONJUNTO DE COMBATE INCÊNDIO MÓVEL VEÍCULAR, COMPONENTES TANQUE RÍGIDO, MOTO-BOMBA, MANGUEIRAS, PRÉ-FILTRO ,, TIPO MOTOR 4 TEMPOS, CAPACIDADE TANQUE 400 L, OUTROS COMPONENTES CARRETEL, CINTAS DE FIXAÇÃO";"31";"31";"26.000,00";"806.000,00";"A presente Ata tem por objeto o registro de preços para a eventual contratação de Solução de Frameworks Osint para reconhecimento pessoal e organizacional, especificado no item 1 do Termo de Referência, anexo do edital de licitação n.º 90033/2025, que é parte integrante desta Ata, assim como as propostas cujos preços tenham sido registrados, independentemente de transcrição."
"00077/2025";"200331 - SECRETARIA NACIONAL DE SEGURANCA PUBLICA - SENASP";"90033/2025";"24/12/2025";"29/12/2025";"29/12/2026";"05.757.597/0002-18";"TECHBIZ FORENSE DIGITAL LTDA";"00001";"Solução de Frameworks Osint";"52";"52";"153.000,00";"7.956.000,00";"A presente Ata tem por objeto o registro de preços para a eventual contratação de Solução de Frameworks Osint para reconhecimento pessoal e organizacional, especificado no item 1 do Termo de Referência, anexo do edital de licitação n.º 90033/2025, que é parte integrante desta Ata, assim como as propostas cujos preços tenham sido registrados, independentemente de transcrição."
"00076/2024";"200331 - SECRETARIA NACIONAL DE SEGURANCA PUBLICA - SENASP";"90022/2024";"27/12/2024";"28/12/2024";"28/12/2026";"15.453.449/0004-25";"RESGATECNICA COMERCIO DE EQUIPAMENTOS DE RESGATE LTDA";"00003";"SISTEMA COMBATE INCÊNDIO, TIPO CONJUNTO DE COMBATE INCÊNDIO MÓVEL VEÍCULAR, COMPONENTES TANQUE RÍGIDO, MOTO-BOMBA, MANGUEIRAS, PRÉ-FILTRO ,, TIPO MOTOR 4 TEMPOS, CAPACIDADE TANQUE 400 L, OUTROS COMPONENTES CARRETEL, CINTAS DE FIXAÇÃO";"391";"391";"22.500,00";"8.797.500,00";"Aquisição de Equipamentos de Combate a Incêndios Florestais, especificado no item 02 do Termo de Referência (29251066), anexo I do edital de Licitação nº 22/2024 (29283387)."
"00068/2024";"200331 - SECRETARIA NACIONAL DE SEGURANCA PUBLICA - SENASP";"90023/2024";"27/12/2024";"28/12/2024";"27/12/2026";"11.031.398/0001-40";"RBF DISTRIBUIDORA E SERVICOS LTDA";"00011";"ACESSÓRIO / PEÇA MERGULHO, TIPO BOCAL, MATERIAL SILICONE, CARACTERíSTICAS ADICIONAIS TAMANHO PADRÃO COM ENCAIXE UNIVERSAL, USO PARA SNORKEL REGULADOR DE MERGULHO, APLICAÇÃO EQUIPAMENTO DE MERGULHO";"3299";"3299";"39,95";"131.793,73";"A presente Ata tem por objeto o registro de preços para a eventual aquisição de equipamentos de mergulho, busca e salvamento, especificado(s) no(s) item(ns) 11 e 12 do Termo de Referência, anexo I do edital de Licitação nº 23/2024 que é parte integrante desta Ata, assim como as propostas cujos preços tenham sido registrados, independentemente de transcrição."
"00068/2024";"200331 - SECRETARIA NACIONAL DE SEGURANCA PUBLICA - SENASP";"90023/2024";"27/12/2024";"28/12/2024";"27/12/2026";"11.031.398/0001-40";"RBF DISTRIBUIDORA E SERVICOS LTDA";"00012";"ACESSÓRIO / PEÇA MERGULHO, TIPO CINTO LASTRO, MATERIAL NYLON, COR PRETO, DIMENSÕES 50MM X 1,6M, CARACTERíSTICAS ADICIONAIS COM FIVELA DE AÇO, APLICAÇÃO EQUIPAMENTO DE MERGULHO";"1940";"1940";"27,00";"52.380,00";"A presente Ata tem por objeto o registro de preços para a eventual aquisição de equipamentos de mergulho, busca e salvamento, especificado(s) no(s) item(ns) 11 e 12 do Termo de Referência, anexo I do edital de Licitação nº 23/2024 que é parte integrante desta Ata, assim como as propostas cujos preços tenham sido registrados, independentemente de transcrição."
"00068/2024";"200331 - SECRETARIA NACIONAL DE SEGURANCA PUBLICA - SENASP";"90023/2024";"27/12/2024";"28/12/2024";"27/12/2026";"11.031.398/0001-40";"RBF DISTRIBUIDORA E SERVICOS LTDA";"00011";"ACESSÓRIO / PEÇA MERGULHO, TIPO BOCAL, MATERIAL SILICONE, CARACTERíSTICAS ADICIONAIS TAMANHO PADRÃO COM ENCAIXE UNIVERSAL, USO PARA SNORKEL REGULADOR DE MERGULHO, APLICAÇÃO EQUIPAMENTO DE MERGULHO";"3299";"3299";"39,95";"131.793,73";"A presente Ata tem por objeto o registro de preços para a eventual aquisição de equipamentos de mergulho, busca e salvamento, especificado(s) no(s) item(ns) 11 e 12 do Termo de Referência, anexo I do edital de Licitação nº 23/2024 que é parte integrante desta Ata, assim como as propostas cujos preços tenham sido registrados, independentemente de transcrição."
"00068/2024";"200331 - SECRETARIA NACIONAL DE SEGURANCA PUBLICA - SENASP";"90023/2024";"27/12/2024";"28/12/2024";"27/12/2026";"11.031.398/0001-40";"RBF DISTRIBUIDORA E SERVICOS LTDA";"00012";"ACESSÓRIO / PEÇA MERGULHO, TIPO CINTO LASTRO, MATERIAL NYLON, COR PRETO, DIMENSÕES 50MM X 1,6M, CARACTERíSTICAS ADICIONAIS COM FIVELA DE AÇO, APLICAÇÃO EQUIPAMENTO DE MERGULHO";"1940";"1940";"27,00";"52.380,00";"A presente Ata tem por objeto o registro de preços para a eventual aquisição de equipamentos de mergulho, busca e salvamento, especificado(s) no(s) item(ns) 11 e 12 do Termo de Referência, anexo I do edital de Licitação nº 23/2024 que é parte integrante desta Ata, assim como as propostas cujos preços tenham sido registrados, independentemente de transcrição."
"00068/2024";"200331 - SECRETARIA NACIONAL DE SEGURANCA PUBLICA - SENASP";"90023/2024";"27/12/2024";"28/12/2024";"27/12/2026";"54.305.743/0011-70";"HPE AUTOMOTORES DO BRASIL LTDA";"00001";"VEÍCULO PICK-UP, TIPO MOTOR TURBO DIESEL, TIPO DIREÇÃO HIDRÁULICA, CARGA ÚTIL 1000 KG, CAPACIDADE PASSAGEIRO 5, TIPO REFRIGERAÇÃO AR QUENTE E AR FRIO, TIPO FREIO SISTEMA ABS NAS QUATRO RODAS, TIPO TRAÇÃO 4X4, CARACTERÍSTICAS ADICIONAIS CABINE DUPLA/AIR BAG/ALARME/ACIONAMENTO ELÉTRICO";"2481";"2481";"348.990,00";"865.844.190,00";"A presente Ata tem por objeto o registro de preços para a eventual aquisição de equipamentos de mergulho, busca e salvamento, especificado(s) no(s) item(ns) 11 e 12 do Termo de Referência, anexo I do edital de Licitação nº 23/2024 que é parte integrante desta Ata, assim como as propostas cujos preços tenham sido registrados, independentemente de transcrição."
"00064/2024";"200331 - SECRETARIA NACIONAL DE SEGURANCA PUBLICA - SENASP";"90023/2024";"27/12/2024";"28/12/2024";"27/12/2026";"15.453.449/0001-82";"RESGATECNICA COMERCIO DE EQUIPAMENTOS DE RESGATE LTDA";"00002";"FONE OUVIDO, TIPO HEADSET, COR PRETA, APLICAÇÃO TRANSCEPTOR PORTÁTIL, TRANSDUTOR CONDUÇÃO ÓSSEA, PESO(SEM CABO) 120 G, CONECTOR FISCHER";"1191";"1191";"10.513,05";"12.521.042,55";"A presente Ata tem por objeto o registro de preços para a eventual aquisição de equipamentos de mergulho, busca e salvamento, especificado(s) no(s) item(ns) 1 a 4 do grupo 1 e 16, 23, 29 e 36 do Termo de Referência, anexo I do edital de Licitação nº 23/2024 que é parte integrante desta Ata, assim como as propostas cujos preços tenham sido registrados, independentemente de transcrição."
"00064/2024";"200331 - SECRETARIA NACIONAL DE SEGURANCA PUBLICA - SENASP";"90023/2024";"27/12/2024";"28/12/2024";"27/12/2026";"15.453.449/0001-82";"RESGATECNICA COMERCIO DE EQUIPAMENTOS DE RESGATE LTDA";"00004";"MÁSCARA MERGULHADOR, MATERIAL SILICONE, TIPO FULL FACE, TAMANHO PADRÃO, CARACTERÍSTICAS ADICIONAIS FONIA, CONJUNTO RECEPTOR/TRANSMISSOR ACOPLADO, MA N";"1373";"1373";"10.513,05";"14.434.417,65";"A presente Ata tem por objeto o registro de preços para a eventual aquisição de equipamentos de mergulho, busca e salvamento, especificado(s) no(s) item(ns) 1 a 4 do grupo 1 e 16, 23, 29 e 36 do Termo de Referência, anexo I do edital de Licitação nº 23/2024 que é parte integrante desta Ata, assim como as propostas cujos preços tenham sido registrados, independentemente de transcrição."
"00064/2024";"200331 - SECRETARIA NACIONAL DE SEGURANCA PUBLICA - SENASP";"90023/2024";"27/12/2024";"28/12/2024";"27/12/2026";"15.453.449/0001-82";"RESGATECNICA COMERCIO DE EQUIPAMENTOS DE RESGATE LTDA";"00023";"ACESSÓRIO / PEÇA MERGULHO, TIPO COMPUTADOR DE MERGULHO, CARACTERíSTICAS ADICIONAIS DISPLAY LUMINOSO, 3 NÍVEIS DE CONFIGURAÇÃO, ALARM E, USO COM AR, NITROX E MODOS DE CALIBRE";"1066";"1066";"7.884,79";"8.405.183,48";"A presente Ata tem por objeto o registro de preços para a eventual aquisição de equipamentos de mergulho, busca e salvamento, especificado(s) no(s) item(ns) 1 a 4 do grupo 1 e 16, 23, 29 e 36 do Termo de Referência, anexo I do edital de Licitação nº 23/2024 que é parte integrante desta Ata, assim como as propostas cujos preços tenham sido registrados, independentemente de transcrição."
"00064/2024";"200331 - SECRETARIA NACIONAL DE SEGURANCA PUBLICA - SENASP";"90023/2024";"27/12/2024";"28/12/2024";"27/12/2026";"15.453.449/0001-82";"RESGATECNICA COMERCIO DE EQUIPAMENTOS DE RESGATE LTDA";"00036";"COMPRESSOR DE AR, PRESSÃO MÁXIMA 330 BAR., VAZÃO 100 L/MIN, TENSÃO 220/380/ 440 V, APLICAÇÃO SISTEMA DE PURIFICAÇÃO DO AR, CARACTERÍSTICAS ADICIONAIS MOTOR TRIFÁSICO, QUATRO ESTÁGIOS DE COMPRESSÃO, S, TIPO RADIAL PORTÁTIL";"361";"361";"20.605,58";"7.438.613,66";"A presente Ata tem por objeto o registro de preços para a eventual aquisição de equipamentos de mergulho, busca e salvamento, especificado(s) no(s) item(ns) 1 a 4 do grupo 1 e 16, 23, 29 e 36 do Termo de Referência, anexo I do edital de Licitação nº 23/2024 que é parte integrante desta Ata, assim como as propostas cujos preços tenham sido registrados, independentemente de transcrição."
"00064/2024";"200331 - SECRETARIA NACIONAL DE SEGURANCA PUBLICA - SENASP";"90023/2024";"27/12/2024";"28/12/2024";"27/12/2026";"15.453.449/0001-82";"RESGATECNICA COMERCIO DE EQUIPAMENTOS DE RESGATE LTDA";"00001";"TRANSCEPTOR, TIPO TRANSMISSOR-RECEPTOR UHF, FREQÜÊNCIA COMUNICAÇÃO 68 CANAIS E 38 SUBTONS, ALCANCE COMUNICAÇÃO EM CAMPO ABERTO ATÉ 2 KM, COR PRETA, USO LIVRE , POTÊNCIA 10 MW, TIPO ANTENA ROTATIVA, TIPO TELA COM MICROPULSAÇÃO, UTILIZAÇÃO INTERCOMUNICAÇÃO PESSOAL, ACESSÓRIOS AURICULAR-MICROFONE/BATERIAS E CARREGADOR";"863";"863";"22.603,06";"19.506.438,62";"A presente Ata tem por objeto o registro de preços para a eventual aquisição de equipamentos de mergulho, busca e salvamento, especificado(s) no(s) item(ns) 1 a 4 do grupo 1 e 16, 23, 29 e 36 do Termo de Referência, anexo I do edital de Licitação nº 23/2024 que é parte integrante desta Ata, assim como as propostas cujos preços tenham sido registrados, independentemente de transcrição."
"00064/2024";"200331 - SECRETARIA NACIONAL DE SEGURANCA PUBLICA - SENASP";"90023/2024";"27/12/2024";"28/12/2024";"27/12/2026";"15.453.449/0001-82";"RESGATECNICA COMERCIO DE EQUIPAMENTOS DE RESGATE LTDA";"00003";"TRANSCEPTOR, TIPO TRANSMISSOR-RECEPTOR UHF, FREQÜÊNCIA COMUNICAÇÃO 68 CANAIS E 38 SUBTONS, ALCANCE COMUNICAÇÃO EM CAMPO ABERTO ATÉ 2 KM, COR PRETA, USO LIVRE , POTÊNCIA 10 MW, TIPO ANTENA ROTATIVA, TIPO TELA COM MICROPULSAÇÃO, UTILIZAÇÃO INTERCOMUNICAÇÃO PESSOAL, ACESSÓRIOS AURICULAR-MICROFONE/BATERIAS E CARREGADOR";"759";"759";"35.744,37";"27.129.976,83";"A presente Ata tem por objeto o registro de preços para a eventual aquisição de equipamentos de mergulho, busca e salvamento, especificado(s) no(s) item(ns) 1 a 4 do grupo 1 e 16, 23, 29 e 36 do Termo de Referência, anexo I do edital de Licitação nº 23/2024 que é parte integrante desta Ata, assim como as propostas cujos preços tenham sido registrados, independentemente de transcrição."
"00064/2024";"200331 - SECRETARIA NACIONAL DE SEGURANCA PUBLICA - SENASP";"90023/2024";"27/12/2024";"28/12/2024";"27/12/2026";"15.453.449/0001-82";"RESGATECNICA COMERCIO DE EQUIPAMENTOS DE RESGATE LTDA";"00016";"CILINDRO GÁS, MATERIAL ALUMÍNIO, CAPACIDADE ARMAZENAGEM 2 KG, TIPO GÁS DIÓXIDO DE CARBONO, VOLUME 2,68 L, CARACTERÍSTICAS ADICIONAIS MODELO MD/1503";"1272";"1272";"2.343,36";"2.980.752,39";"A presente Ata tem por objeto o registro de preços para a eventual aquisição de equipamentos de mergulho, busca e salvamento, especificado(s) no(s) item(ns) 1 a 4 do grupo 1 e 16, 23, 29 e 36 do Termo de Referência, anexo I do edital de Licitação nº 23/2024 que é parte integrante desta Ata, assim como as propostas cujos preços tenham sido registrados, independentemente de transcrição."
"00064/2024";"200331 - SECRETARIA NACIONAL DE SEGURANCA PUBLICA - SENASP";"90023/2024";"27/12/2024";"28/12/2024";"27/12/2026";"15.453.449/0001-82";"RESGATECNICA COMERCIO DE EQUIPAMENTOS DE RESGATE LTDA";"00029";"ROUPA MERGULHADOR, TIPO PROFISSIONAL, COR PRETA, TAMANHO G, APLICAÇÃO ÁGUA POLUÍDA, CARACTERÍSTICAS ADICIONAIS SECA, TRILAMINADA, CAPUZ, REFORÇADA NOS JOELHOS E";"1104";"1104";"27.785,99";"30.675.734,28";"A presente Ata tem por objeto o registro de preços para a eventual aquisição de equipamentos de mergulho, busca e salvamento, especificado(s) no(s) item(ns) 1 a 4 do grupo 1 e 16, 23, 29 e 36 do Termo de Referência, anexo I do edital de Licitação nº 23/2024 que é parte integrante desta Ata, assim como as propostas cujos preços tenham sido registrados, independentemente de transcrição."
"00064/2024";"200331 - SECRETARIA NACIONAL DE SEGURANCA PUBLICA - SENASP";"90023/2024";"27/12/2024";"28/12/2024";"27/12/2026";"03.928.511/0001-66";"S.O.S SUL RESGATE - COMERCIO E SERVICOS DE SEGURANCA E SINALIZACAO LTDA";"00006";"CAPACETE SEGURANÇA, MATERIAL ACRILONITRILA-BUTADIENO-ESTIRENO (ABS), APLICAÇÃO GRUPO DE SALVAMENTO, CARACTERÍSTICAS ADICIONAIS TIPO III, CLASSE.A SEM ABA, SUPORTE PARA LANTERNA";"3424";"3424";"1.175,00";"4.023.200,00";"A presente Ata tem por objeto o registro de preços para a eventual aquisição de equipamentos de mergulho, busca e salvamento, especificado(s) no(s) item(ns) 1 a 4 do grupo 1 e 16, 23, 29 e 36 do Termo de Referência, anexo I do edital de Licitação nº 23/2024 que é parte integrante desta Ata, assim como as propostas cujos preços tenham sido registrados, independentemente de transcrição."
"00069/2024";"200331 - SECRETARIA NACIONAL DE SEGURANCA PUBLICA - SENASP";"90023/2024";"26/12/2024";"27/12/2024";"26/12/2026";"10.907.265/0001-21";"SUPORTE COMERCIAL ATACADISTA LTDA";"00013";"ACESSÓRIO / PEÇA MERGULHO, TIPO LASTRO, MATERIAL CHUMBO REVESTIDO COM PLÁSTICO , CARACTERíSTICAS ADICIONAIS PESO 2KG, USO CINTO DE MERGULHO, APLICAÇÃO EQUIPAMENTO DE MERGULHO";"5954";"5954";"119,07";"708.942,78";"A presente Ata tem por objeto o registro de preços para a eventual aquisição de equipamentos de mergulho, busca e salvamento, especificado(s) no(s) item(ns) 13 do Termo de Referência, anexo I do edital de Licitação nº 23/2024 que é parte integrante desta Ata, assim como as propostas cujos preços tenham sido registrados, independentemente de transcrição."
"00069/2024";"200331 - SECRETARIA NACIONAL DE SEGURANCA PUBLICA - SENASP";"90023/2024";"26/12/2024";"27/12/2024";"26/12/2026";"32.316.475/0001-88";"H2G COMERCIAL DE ETIQUETAS E PAPEIS LTDA";"00002";"ALVO DE TIRO, MATERIAL PAPEL CARTÃO, TIPO SILHUETA, TAMANHO 90 X 60 CM, CARACTERÍSTICAS ADICIONAIS FOTO, HOMEM MASCARADO, DENTRO DE UM AUTOMÓVEL, GRAMATURA 120 G/M2";"84500";"84500";"1,58";"133.510,00";"A presente Ata tem por objeto o registro de preços para a eventual aquisição de equipamentos de mergulho, busca e salvamento, especificado(s) no(s) item(ns) 13 do Termo de Referência, anexo I do edital de Licitação nº 23/2024 que é parte integrante desta Ata, assim como as propostas cujos preços tenham sido registrados, independentemente de transcrição."
"00069/2024";"200331 - SECRETARIA NACIONAL DE SEGURANCA PUBLICA - SENASP";"90023/2024";"26/12/2024";"27/12/2024";"26/12/2026";"32.316.475/0001-88";"H2G COMERCIAL DE ETIQUETAS E PAPEIS LTDA";"00001";"ALVO DE TIRO, MATERIAL PAPEL CARTÃO, TIPO SILHUETA, TAMANHO 90 X 60 CM, CARACTERÍSTICAS ADICIONAIS FOTO, HOMEM MASCARADO, DENTRO DE UM AUTOMÓVEL, GRAMATURA 120 G/M2";"80000";"80000";"1,68";"134.400,00";"A presente Ata tem por objeto o registro de preços para a eventual aquisição de equipamentos de mergulho, busca e salvamento, especificado(s) no(s) item(ns) 13 do Termo de Referência, anexo I do edital de Licitação nº 23/2024 que é parte integrante desta Ata, assim como as propostas cujos preços tenham sido registrados, independentemente de transcrição."
"00069/2024";"200331 - SECRETARIA NACIONAL DE SEGURANCA PUBLICA - SENASP";"90023/2024";"26/12/2024";"27/12/2024";"26/12/2026";"32.316.475/0001-88";"H2G COMERCIAL DE ETIQUETAS E PAPEIS LTDA";"00003";"ALVO DE TIRO, MATERIAL PAPEL CARTÃO, TIPO SILHUETA, TAMANHO 90 X 60 CM, CARACTERÍSTICAS ADICIONAIS FOTO, HOMEM MASCARADO, DENTRO DE UM AUTOMÓVEL, GRAMATURA 120 G/M2";"82500";"82500";"1,65";"136.125,00";"A presente Ata tem por objeto o registro de preços para a eventual aquisição de equipamentos de mergulho, busca e salvamento, especificado(s) no(s) item(ns) 13 do Termo de Referência, anexo I do edital de Licitação nº 23/2024 que é parte integrante desta Ata, assim como as propostas cujos preços tenham sido registrados, independentemente de transcrição."
"00069/2024";"200331 - SECRETARIA NACIONAL DE SEGURANCA PUBLICA - SENASP";"90023/2024";"26/12/2024";"27/12/2024";"26/12/2026";"32.316.475/0001-88";"H2G COMERCIAL DE ETIQUETAS E PAPEIS LTDA";"00005";"OBRÉIA, MATERIAL PAPEL CELULOSE VEGETAL, FORMATO CIRCULAR, APRESENTAÇÃO AUTO ADESIVA, COR PRETA, TAMANHO PADRÃO, APLICAÇÃO COBRIR FUROS CAUSADOS POR PROJÉTEIS NOS ALVOS.";"2358";"2358";"4,65";"10.964,70";"A presente Ata tem por objeto o registro de preços para a eventual aquisição de equipamentos de mergulho, busca e salvamento, especificado(s) no(s) item(ns) 13 do Termo de Referência, anexo I do edital de Licitação nº 23/2024 que é parte integrante desta Ata, assim como as propostas cujos preços tenham sido registrados, independentemente de transcrição."
"00069/2024";"200331 - SECRETARIA NACIONAL DE SEGURANCA PUBLICA - SENASP";"90023/2024";"26/12/2024";"27/12/2024";"26/12/2026";"32.316.475/0001-88";"H2G COMERCIAL DE ETIQUETAS E PAPEIS LTDA";"00004";"ALVO DE TIRO, MATERIAL PAPEL CARTÃO, TIPO SILHUETA, TAMANHO 90 X 60 CM, CARACTERÍSTICAS ADICIONAIS FOTO, HOMEM MASCARADO, DENTRO DE UM AUTOMÓVEL, GRAMATURA 120 G/M2";"139500";"139500";"1,08";"150.660,00";"A presente Ata tem por objeto o registro de preços para a eventual aquisição de equipamentos de mergulho, busca e salvamento, especificado(s) no(s) item(ns) 13 do Termo de Referência, anexo I do edital de Licitação nº 23/2024 que é parte integrante desta Ata, assim como as propostas cujos preços tenham sido registrados, independentemente de transcrição."
"00069/2024";"200331 - SECRETARIA NACIONAL DE SEGURANCA PUBLICA - SENASP";"90023/2024";"26/12/2024";"27/12/2024";"26/12/2026";"32.316.475/0001-88";"H2G COMERCIAL DE ETIQUETAS E PAPEIS LTDA";"00006";"OBRÉIA, MATERIAL PAPEL CELULOSE VEGETAL, FORMATO CIRCULAR, APRESENTAÇÃO AUTO ADESIVA, COR DIVERSAS, APLICAÇÃO COBRIR FUROS CAUSADOS POR PROJÉTEIS NOS ALVOS.";"2345";"2345";"4,49";"10.529,05";"A presente Ata tem por objeto o registro de preços para a eventual aquisição de equipamentos de mergulho, busca e salvamento, especificado(s) no(s) item(ns) 13 do Termo de Referência, anexo I do edital de Licitação nº 23/2024 que é parte integrante desta Ata, assim como as propostas cujos preços tenham sido registrados, independentemente de transcrição."
"00069/2024";"200331 - SECRETARIA NACIONAL DE SEGURANCA PUBLICA - SENASP";"90023/2024";"26/12/2024";"27/12/2024";"26/12/2026";"32.316.475/0001-88";"H2G COMERCIAL DE ETIQUETAS E PAPEIS LTDA";"00001";"Alvo de tiro";"80000";"80000";"1,68";"134.400,00";"A presente Ata tem por objeto o registro de preços para a eventual aquisição de equipamentos de mergulho, busca e salvamento, especificado(s) no(s) item(ns) 13 do Termo de Referência, anexo I do edital de Licitação nº 23/2024 que é parte integrante desta Ata, assim como as propostas cujos preços tenham sido registrados, independentemente de transcrição."
"00069/2024";"200331 - SECRETARIA NACIONAL DE SEGURANCA PUBLICA - SENASP";"90023/2024";"26/12/2024";"27/12/2024";"26/12/2026";"32.316.475/0001-88";"H2G COMERCIAL DE ETIQUETAS E PAPEIS LTDA";"00002";"Alvo de tiro";"84500";"84500";"1,58";"133.510,00";"A presente Ata tem por objeto o registro de preços para a eventual aquisição de equipamentos de mergulho, busca e salvamento, especificado(s) no(s) item(ns) 13 do Termo de Referência, anexo I do edital de Licitação nº 23/2024 que é parte integrante desta Ata, assim como as propostas cujos preços tenham sido registrados, independentemente de transcrição."
"00069/2024";"200331 - SECRETARIA NACIONAL DE SEGURANCA PUBLICA - SENASP";"90023/2024";"26/12/2024";"27/12/2024";"26/12/2026";"32.316.475/0001-88";"H2G COMERCIAL DE ETIQUETAS E PAPEIS LTDA";"00003";"Alvo de tiro";"82500";"82500";"1,65";"136.125,00";"A presente Ata tem por objeto o registro de preços para a eventual aquisição de equipamentos de mergulho, busca e salvamento, especificado(s) no(s) item(ns) 13 do Termo de Referência, anexo I do edital de Licitação nº 23/2024 que é parte integrante desta Ata, assim como as propostas cujos preços tenham sido registrados, independentemente de transcrição."
"00069/2024";"200331 - SECRETARIA NACIONAL DE SEGURANCA PUBLICA - SENASP";"90023/2024";"26/12/2024";"27/12/2024";"26/12/2026";"32.316.475/0001-88";"H2G COMERCIAL DE ETIQUETAS E PAPEIS LTDA";"00004";"Alvo de tiro";"139500";"139500";"1,08";"150.660,00";"A presente Ata tem por objeto o registro de preços para a eventual aquisição de equipamentos de mergulho, busca e salvamento, especificado(s) no(s) item(ns) 13 do Termo de Referência, anexo I do edital de Licitação nº 23/2024 que é parte integrante desta Ata, assim como as propostas cujos preços tenham sido registrados, independentemente de transcrição."
"00069/2024";"200331 - SECRETARIA NACIONAL DE SEGURANCA PUBLICA - SENASP";"90023/2024";"26/12/2024";"27/12/2024";"26/12/2026";"32.316.475/0001-88";"H2G COMERCIAL DE ETIQUETAS E PAPEIS LTDA";"00005";"Obréia";"2358";"2358";"4,65";"10.964,70";"A presente Ata tem por objeto o registro de preços para a eventual aquisição de equipamentos de mergulho, busca e salvamento, especificado(s) no(s) item(ns) 13 do Termo de Referência, anexo I do edital de Licitação nº 23/2024 que é parte integrante desta Ata, assim como as propostas cujos preços tenham sido registrados, independentemente de transcrição."
"00069/2024";"200331 - SECRETARIA NACIONAL DE SEGURANCA PUBLICA - SENASP";"90023/2024";"26/12/2024";"27/12/2024";"26/12/2026";"32.316.475/0001-88";"H2G COMERCIAL DE ETIQUETAS E PAPEIS LTDA";"00006";"Obréia";"2345";"2345";"4,49";"10.529,05";"A presente Ata tem por objeto o registro de preços para a eventual aquisição de equipamentos de mergulho, busca e salvamento, especificado(s) no(s) item(ns) 13 do Termo de Referência, anexo I do edital de Licitação nº 23/2024 que é parte integrante desta Ata, assim como as propostas cujos preços tenham sido registrados, independentemente de transcrição."
"00070/2024";"200331 - SECRETARIA NACIONAL DE SEGURANCA PUBLICA - SENASP";"90023/2024";"26/12/2024";"27/12/2024";"26/12/2026";"44.542.555/0001-30";"INOVA EQUIPAMENTOS DE RESGATE LTDA.";"00015";"CILINDRO GÁS, MATERIAL ALUMÍNIO, CAPACIDADE ARMAZENAGEM 11,1 L, TIPO GÁS AR COMPRIMIDO, ALTURA 662 MM, DIÂMETRO 184 MM, PRESSÃO TESTE 207 BAR., CARACTERÍSTICAS ADICIONAIS CONEXÕES DIN/YOKE, COM VÁLVULA DE SEGURANÇA";"1954";"1954";"1.661,06";"3.245.711,24";"A presente Ata tem por objeto o registro de preços para a eventual aquisição de equipamentos de mergulho, busca e salvamento, especificado(s) no(s) item(ns) 15 do Termo de Referência, anexo I do edital de Licitação nº 23/2024 que é parte integrante desta Ata, assim como as propostas cujos preços tenham sido registrados, independentemente de transcrição."
"00070/2024";"200331 - SECRETARIA NACIONAL DE SEGURANCA PUBLICA - SENASP";"90023/2024";"26/12/2024";"27/12/2024";"26/12/2026";"01.334.250/0003-92";"QIAGEN BIOTECNOLOGIA BRASIL LTDA.";"-";"PONTEIRA LABORATÓRIO";"118";"118";"1.682,00";"198.476,00";"A presente Ata tem por objeto o registro de preços para a eventual aquisição de equipamentos de mergulho, busca e salvamento, especificado(s) no(s) item(ns) 15 do Termo de Referência, anexo I do edital de Licitação nº 23/2024 que é parte integrante desta Ata, assim como as propostas cujos preços tenham sido registrados, independentemente de transcrição."
"00070/2024";"200331 - SECRETARIA NACIONAL DE SEGURANCA PUBLICA - SENASP";"90023/2024";"26/12/2024";"27/12/2024";"26/12/2026";"01.334.250/0003-92";"QIAGEN BIOTECNOLOGIA BRASIL LTDA.";"-";"PONTEIRA LABORATÓRIO";"377";"377";"1.696,00";"639.392,00";"A presente Ata tem por objeto o registro de preços para a eventual aquisição de equipamentos de mergulho, busca e salvamento, especificado(s) no(s) item(ns) 15 do Termo de Referência, anexo I do edital de Licitação nº 23/2024 que é parte integrante desta Ata, assim como as propostas cujos preços tenham sido registrados, independentemente de transcrição."
"00070/2024";"200331 - SECRETARIA NACIONAL DE SEGURANCA PUBLICA - SENASP";"90023/2024";"26/12/2024";"27/12/2024";"26/12/2026";"01.334.250/0003-92";"QIAGEN BIOTECNOLOGIA BRASIL LTDA.";"-";"POTE VIDRO";"531";"531";"3.042,00";"1.615.302,00";"A presente Ata tem por objeto o registro de preços para a eventual aquisição de equipamentos de mergulho, busca e salvamento, especificado(s) no(s) item(ns) 15 do Termo de Referência, anexo I do edital de Licitação nº 23/2024 que é parte integrante desta Ata, assim como as propostas cujos preços tenham sido registrados, independentemente de transcrição."
"00060/2024";"200331 - SECRETARIA NACIONAL DE SEGURANCA PUBLICA - SENASP";"00348/2024";"23/12/2024";"26/12/2024";"26/12/2026";"05.757.597/0002-18";"TECHBIZ FORENSE DIGITAL LTDA";"00001";"Cessão Temporária de Direitos Sobre Programas de Computador Locação de Software";"27";"27";"1.245.165,58";"33.619.470,66";"A presente Ata tem por objeto o registro de preços para a eventual contratação de solução para extração e análise de dados de dispositivos móveis, especificado nos itens 1 a 3 do Termo de Referência (30081561) que é parte integrante desta Ata, assim como as propostas cujos preços tenham sido registrados (30027738), independentemente de transcrição."
"00060/2024";"200331 - SECRETARIA NACIONAL DE SEGURANCA PUBLICA - SENASP";"00348/2024";"23/12/2024";"26/12/2024";"26/12/2026";"05.757.597/0002-18";"TECHBIZ FORENSE DIGITAL LTDA";"00003";"Cessão Temporária de Direitos Sobre Programas de Computador Locação de Software";"27";"27";"1.245.165,58";"33.619.470,66";"A presente Ata tem por objeto o registro de preços para a eventual contratação de solução para extração e análise de dados de dispositivos móveis, especificado nos itens 1 a 3 do Termo de Referência (30081561) que é parte integrante desta Ata, assim como as propostas cujos preços tenham sido registrados (30027738), independentemente de transcrição."
"00060/2024";"200331 - SECRETARIA NACIONAL DE SEGURANCA PUBLICA - SENASP";"00348/2024";"23/12/2024";"26/12/2024";"26/12/2026";"05.757.597/0002-18";"TECHBIZ FORENSE DIGITAL LTDA";"00002";"Adaptador Conector Tipo Conectores: Interface Usb 3.0, Aplicação: Notebook E Pendrive";"27";"27";"39.321,20";"1.061.672,40";"A presente Ata tem por objeto o registro de preços para a eventual contratação de solução para extração e análise de dados de dispositivos móveis, especificado nos itens 1 a 3 do Termo de Referência (30081561) que é parte integrante desta Ata, assim como as propostas cujos preços tenham sido registrados (30027738), independentemente de transcrição."
"00060/2024";"200331 - SECRETARIA NACIONAL DE SEGURANCA PUBLICA - SENASP";"00348/2024";"23/12/2024";"26/12/2024";"26/12/2026";"";"Haix - Schuhe - Produktions- und Vertriebs- GmbH";"00002";"COTURNO COMBATE INCÊNDIO, MATERIAL COURO, MATERIAL SOLA BORRACHA, ACABAMENTO SUPERFICIAL COURO CURTIDO AO CROMO, FORMATO ANATÔMICO, ESPESSURA SOLADO 15 A 17 MM, RESISTÊNCIA TEMPERATURA 300 °C, MATERIAL BIQUEIRA TERMOPLÁSTICO/ POLIÉSTER E RESINA VINÍCULA, ESPESSURA BIQUEIRA 1 MM, MATERIAL PALMILHA POLIÉSTER COM ALMA DE AÇO";"21668";"21668";"1.561,91";"33.843.465,88";"A presente Ata tem por objeto o registro de preços para a eventual contratação de solução para extração e análise de dados de dispositivos móveis, especificado nos itens 1 a 3 do Termo de Referência (30081561) que é parte integrante desta Ata, assim como as propostas cujos preços tenham sido registrados (30027738), independentemente de transcrição."
"00033/2025";"200331 - SECRETARIA NACIONAL DE SEGURANCA PUBLICA - SENASP";"90003/2025";"27/06/2025";"28/06/2025";"26/12/2026";"00.913.443/0001-73";"RENAULT DO BRASIL S.A.";"00003";"AUTOMÓVEL, TIPO MOTOR 1.8 L, QUANTIDADE PORTAS 4, TIPO COMBUSTÍVEL BI- COMBUSTÍVEL, POTÊNCIA 106 CV, CAPACIDADE TANQUE COMBUSTÍVEL 50 L, QUANTIDADE PASSAGEIRO 7, TIPO CÂMBIO AUTOMÁTICO, OPCIONAIS AR CONDICIONADO, DIREÇÃO ELÉTRICA";"2204";"2204";"191.811,62";"422.752.810,48";"A presente Ata tem por objeto o registro de preços para a eventual aquisição de veículos especiais caracterizados, para atender demanda da Secretaria Nacional de Segurança Púbica e demais órgão participantes, especificado no item 3 do Termo de Referência (30672344), anexo do Edital do Pregão Eletrônico nº 90003/2025, que é parte integrante desta Ata, assim como as propostas cujos preços tenham sido registrados, independentemente de transcrição."
"00033/2025";"200331 - SECRETARIA NACIONAL DE SEGURANCA PUBLICA - SENASP";"90003/2025";"27/06/2025";"28/06/2025";"26/12/2026";"32.282.397/0001-48";"PONIX DISTRIBUIDORA DE PRODUTOS LTDA";"00030";"TOALHA MESA, MATERIAL JACQUARD, FORMATO QUADRADA, COMPRIMENTO 1,60 M, LARGURA 1,60 M, COR VARIADA";"1334";"1334";"36,33";"48.464,22";"A presente Ata tem por objeto o registro de preços para a eventual aquisição de veículos especiais caracterizados, para atender demanda da Secretaria Nacional de Segurança Púbica e demais órgão participantes, especificado no item 3 do Termo de Referência (30672344), anexo do Edital do Pregão Eletrônico nº 90003/2025, que é parte integrante desta Ata, assim como as propostas cujos preços tenham sido registrados, independentemente de transcrição."
"00075/2025";"200331 - SECRETARIA NACIONAL DE SEGURANCA PUBLICA - SENASP";"90046/2025";"24/12/2025";"26/12/2025";"26/12/2026";"07.065.479/0001-93";"DIMORVAN DAVI MENEGUSSO LTDA";"00002";"SOPRADOR, TIPO PORTÁTIL, ACIONAMENTO GASOLINA, POTÊNCIA 1.1 HP";"2242";"2242";"3.041,01";"6.817.944,42";"A presente Ata tem por objeto o registro de preços para a eventual contratação de solução para reconhecimento de padrões em bases abertas para atender demanda Secretaria Nacional de Segurança Pública (SENASP/MJSP) e demais órgãos participantes, elencados na tabela constante do item 1.1 do Termo de Referência e especificados no Anexo do Termo de Referência I - Especificações Técnicas, anexo do Edital do Pregão Eletrônico nº90046/2025, que é parte integrante desta Ata, assim como as propostas cujos preços tenham sido registrados, independentemente de transcrição."
"00075/2025";"200331 - SECRETARIA NACIONAL DE SEGURANCA PUBLICA - SENASP";"90046/2025";"24/12/2025";"26/12/2025";"26/12/2026";"42.224.229/0001-50";"INSPECT INTELIGENCIA E TECNOLOGIA LTDA";"00001";"Solução para Reconhecimento de Padrões em Bases Abertas Básica, com suporte e atualização de 24 meses";"81";"81";"160.000,00";"12.960.000,00";"A presente Ata tem por objeto o registro de preços para a eventual contratação de solução para reconhecimento de padrões em bases abertas para atender demanda Secretaria Nacional de Segurança Pública (SENASP/MJSP) e demais órgãos participantes, elencados na tabela constante do item 1.1 do Termo de Referência e especificados no Anexo do Termo de Referência I - Especificações Técnicas, anexo do Edital do Pregão Eletrônico nº90046/2025, que é parte integrante desta Ata, assim como as propostas cujos preços tenham sido registrados, independentemente de transcrição."
"00075/2025";"200331 - SECRETARIA NACIONAL DE SEGURANCA PUBLICA - SENASP";"90046/2025";"24/12/2025";"26/12/2025";"26/12/2026";"42.224.229/0001-50";"INSPECT INTELIGENCIA E TECNOLOGIA LTDA";"00002";"Solução para Reconhecimento de Padrões em Bases Abertas Avançada, com suporte e atualização de 24 meses";"186";"186";"270.000,00";"50.220.000,00";"A presente Ata tem por objeto o registro de preços para a eventual contratação de solução para reconhecimento de padrões em bases abertas para atender demanda Secretaria Nacional de Segurança Pública (SENASP/MJSP) e demais órgãos participantes, elencados na tabela constante do item 1.1 do Termo de Referência e especificados no Anexo do Termo de Referência I - Especificações Técnicas, anexo do Edital do Pregão Eletrônico nº90046/2025, que é parte integrante desta Ata, assim como as propostas cujos preços tenham sido registrados, independentemente de transcrição."
"00070/2025";"200331 - SECRETARIA NACIONAL DE SEGURANCA PUBLICA - SENASP";"00243/2025";"09/12/2025";"26/12/2025";"26/12/2026";"44.542.555/0001-30";"INOVA EQUIPAMENTOS DE RESGATE LTDA.";"00015";"CILINDRO GÁS, MATERIAL ALUMÍNIO, CAPACIDADE ARMAZENAGEM 11,1 L, TIPO GÁS AR COMPRIMIDO, ALTURA 662 MM, DIÂMETRO 184 MM, PRESSÃO TESTE 207 BAR., CARACTERÍSTICAS ADICIONAIS CONEXÕES DIN/YOKE, COM VÁLVULA DE SEGURANÇA";"1954";"1954";"1.661,06";"3.245.711,24";"A presente Ata tem por objeto o registro de preços para a eventual aquisição de insumos para as plataformas de extração EZ1 e pipetadora automática QIAgility dos Laboratórios da Rede Integrada de Bancos de Perfis Genéticos (RIBPG), especificados nos itens 1 a 3 do Termo de Referência, que é parte integrante desta Ata, assim como as propostas cujos preços tenham sido registrados, independentemente de transcrição."
"00070/2025";"200331 - SECRETARIA NACIONAL DE SEGURANCA PUBLICA - SENASP";"00243/2025";"09/12/2025";"26/12/2025";"26/12/2026";"01.334.250/0003-92";"QIAGEN BIOTECNOLOGIA BRASIL LTDA.";"-";"PONTEIRA LABORATÓRIO";"118";"118";"1.682,00";"198.476,00";"A presente Ata tem por objeto o registro de preços para a eventual aquisição de insumos para as plataformas de extração EZ1 e pipetadora automática QIAgility dos Laboratórios da Rede Integrada de Bancos de Perfis Genéticos (RIBPG), especificados nos itens 1 a 3 do Termo de Referência, que é parte integrante desta Ata, assim como as propostas cujos preços tenham sido registrados, independentemente de transcrição."
"00070/2025";"200331 - SECRETARIA NACIONAL DE SEGURANCA PUBLICA - SENASP";"00243/2025";"09/12/2025";"26/12/2025";"26/12/2026";"01.334.250/0003-92";"QIAGEN BIOTECNOLOGIA BRASIL LTDA.";"-";"PONTEIRA LABORATÓRIO";"377";"377";"1.696,00";"639.392,00";"A presente Ata tem por objeto o registro de preços para a eventual aquisição de insumos para as plataformas de extração EZ1 e pipetadora automática QIAgility dos Laboratórios da Rede Integrada de Bancos de Perfis Genéticos (RIBPG), especificados nos itens 1 a 3 do Termo de Referência, que é parte integrante desta Ata, assim como as propostas cujos preços tenham sido registrados, independentemente de transcrição."
"00070/2025";"200331 - SECRETARIA NACIONAL DE SEGURANCA PUBLICA - SENASP";"00243/2025";"09/12/2025";"26/12/2025";"26/12/2026";"01.334.250/0003-92";"QIAGEN BIOTECNOLOGIA BRASIL LTDA.";"-";"POTE VIDRO";"531";"531";"3.042,00";"1.615.302,00";"A presente Ata tem por objeto o registro de preços para a eventual aquisição de insumos para as plataformas de extração EZ1 e pipetadora automática QIAgility dos Laboratórios da Rede Integrada de Bancos de Perfis Genéticos (RIBPG), especificados nos itens 1 a 3 do Termo de Referência, que é parte integrante desta Ata, assim como as propostas cujos preços tenham sido registrados, independentemente de transcrição."
"00069/2025";"200331 - SECRETARIA NACIONAL DE SEGURANCA PUBLICA";"1102/2025";"22/12/2025";"26/12/2025";"26/12/2026";"10.907.265/0001-21";"SUPORTE COMERCIAL ATACADISTA LTDA";"00013";"ACESSÓRIO / PEÇA MERGULHO, TIPO LASTRO, MATERIAL CHUMBO REVESTIDO COM PLÁSTICO , CARACTERíSTICAS ADICIONAIS PESO 2KG, USO CINTO DE MERGULHO, APLICAÇÃO EQUIPAMENTO DE MERGULHO";"5954";"5954";"119,07";"708.942,78";"Aquisição dos alvos de tiro defensivo, método Giraldi (silhueta humana), alvos de tiro defensivo, método Giraldi em folha 60x90 cm, e alvos de refém, complementada pela aquisição de obreias de alvo. "
"00069/2025";"200331 - SECRETARIA NACIONAL DE SEGURANCA PUBLICA";"1102/2025";"22/12/2025";"26/12/2025";"26/12/2026";"32.316.475/0001-88";"H2G COMERCIAL DE ETIQUETAS E PAPEIS LTDA";"00002";"ALVO DE TIRO, MATERIAL PAPEL CARTÃO, TIPO SILHUETA, TAMANHO 90 X 60 CM, CARACTERÍSTICAS ADICIONAIS FOTO, HOMEM MASCARADO, DENTRO DE UM AUTOMÓVEL, GRAMATURA 120 G/M2";"84500";"84500";"1,58";"133.510,00";"Aquisição dos alvos de tiro defensivo, método Giraldi (silhueta humana), alvos de tiro defensivo, método Giraldi em folha 60x90 cm, e alvos de refém, complementada pela aquisição de obreias de alvo. "
"00069/2025";"200331 - SECRETARIA NACIONAL DE SEGURANCA PUBLICA";"1102/2025";"22/12/2025";"26/12/2025";"26/12/2026";"32.316.475/0001-88";"H2G COMERCIAL DE ETIQUETAS E PAPEIS LTDA";"00001";"ALVO DE TIRO, MATERIAL PAPEL CARTÃO, TIPO SILHUETA, TAMANHO 90 X 60 CM, CARACTERÍSTICAS ADICIONAIS FOTO, HOMEM MASCARADO, DENTRO DE UM AUTOMÓVEL, GRAMATURA 120 G/M2";"80000";"80000";"1,68";"134.400,00";"Aquisição dos alvos de tiro defensivo, método Giraldi (silhueta humana), alvos de tiro defensivo, método Giraldi em folha 60x90 cm, e alvos de refém, complementada pela aquisição de obreias de alvo. "
"00069/2025";"200331 - SECRETARIA NACIONAL DE SEGURANCA PUBLICA";"1102/2025";"22/12/2025";"26/12/2025";"26/12/2026";"32.316.475/0001-88";"H2G COMERCIAL DE ETIQUETAS E PAPEIS LTDA";"00003";"ALVO DE TIRO, MATERIAL PAPEL CARTÃO, TIPO SILHUETA, TAMANHO 90 X 60 CM, CARACTERÍSTICAS ADICIONAIS FOTO, HOMEM MASCARADO, DENTRO DE UM AUTOMÓVEL, GRAMATURA 120 G/M2";"82500";"82500";"1,65";"136.125,00";"Aquisição dos alvos de tiro defensivo, método Giraldi (silhueta humana), alvos de tiro defensivo, método Giraldi em folha 60x90 cm, e alvos de refém, complementada pela aquisição de obreias de alvo. "
"00069/2025";"200331 - SECRETARIA NACIONAL DE SEGURANCA PUBLICA";"1102/2025";"22/12/2025";"26/12/2025";"26/12/2026";"32.316.475/0001-88";"H2G COMERCIAL DE ETIQUETAS E PAPEIS LTDA";"00005";"OBRÉIA, MATERIAL PAPEL CELULOSE VEGETAL, FORMATO CIRCULAR, APRESENTAÇÃO AUTO ADESIVA, COR PRETA, TAMANHO PADRÃO, APLICAÇÃO COBRIR FUROS CAUSADOS POR PROJÉTEIS NOS ALVOS.";"2358";"2358";"4,65";"10.964,70";"Aquisição dos alvos de tiro defensivo, método Giraldi (silhueta humana), alvos de tiro defensivo, método Giraldi em folha 60x90 cm, e alvos de refém, complementada pela aquisição de obreias de alvo. "
"00069/2025";"200331 - SECRETARIA NACIONAL DE SEGURANCA PUBLICA";"1102/2025";"22/12/2025";"26/12/2025";"26/12/2026";"32.316.475/0001-88";"H2G COMERCIAL DE ETIQUETAS E PAPEIS LTDA";"00004";"ALVO DE TIRO, MATERIAL PAPEL CARTÃO, TIPO SILHUETA, TAMANHO 90 X 60 CM, CARACTERÍSTICAS ADICIONAIS FOTO, HOMEM MASCARADO, DENTRO DE UM AUTOMÓVEL, GRAMATURA 120 G/M2";"139500";"139500";"1,08";"150.660,00";"Aquisição dos alvos de tiro defensivo, método Giraldi (silhueta humana), alvos de tiro defensivo, método Giraldi em folha 60x90 cm, e alvos de refém, complementada pela aquisição de obreias de alvo. "
"00069/2025";"200331 - SECRETARIA NACIONAL DE SEGURANCA PUBLICA";"1102/2025";"22/12/2025";"26/12/2025";"26/12/2026";"32.316.475/0001-88";"H2G COMERCIAL DE ETIQUETAS E PAPEIS LTDA";"00006";"OBRÉIA, MATERIAL PAPEL CELULOSE VEGETAL, FORMATO CIRCULAR, APRESENTAÇÃO AUTO ADESIVA, COR DIVERSAS, APLICAÇÃO COBRIR FUROS CAUSADOS POR PROJÉTEIS NOS ALVOS.";"2345";"2345";"4,49";"10.529,05";"Aquisição dos alvos de tiro defensivo, método Giraldi (silhueta humana), alvos de tiro defensivo, método Giraldi em folha 60x90 cm, e alvos de refém, complementada pela aquisição de obreias de alvo. "
"00069/2025";"200331 - SECRETARIA NACIONAL DE SEGURANCA PUBLICA";"1102/2025";"22/12/2025";"26/12/2025";"26/12/2026";"32.316.475/0001-88";"H2G COMERCIAL DE ETIQUETAS E PAPEIS LTDA";"00001";"Alvo de tiro";"80000";"80000";"1,68";"134.400,00";"Aquisição dos alvos de tiro defensivo, método Giraldi (silhueta humana), alvos de tiro defensivo, método Giraldi em folha 60x90 cm, e alvos de refém, complementada pela aquisição de obreias de alvo. "
"00069/2025";"200331 - SECRETARIA NACIONAL DE SEGURANCA PUBLICA";"1102/2025";"22/12/2025";"26/12/2025";"26/12/2026";"32.316.475/0001-88";"H2G COMERCIAL DE ETIQUETAS E PAPEIS LTDA";"00002";"Alvo de tiro";"84500";"84500";"1,58";"133.510,00";"Aquisição dos alvos de tiro defensivo, método Giraldi (silhueta humana), alvos de tiro defensivo, método Giraldi em folha 60x90 cm, e alvos de refém, complementada pela aquisição de obreias de alvo. "
"00069/2025";"200331 - SECRETARIA NACIONAL DE SEGURANCA PUBLICA";"1102/2025";"22/12/2025";"26/12/2025";"26/12/2026";"32.316.475/0001-88";"H2G COMERCIAL DE ETIQUETAS E PAPEIS LTDA";"00003";"Alvo de tiro";"82500";"82500";"1,65";"136.125,00";"Aquisição dos alvos de tiro defensivo, método Giraldi (silhueta humana), alvos de tiro defensivo, método Giraldi em folha 60x90 cm, e alvos de refém, complementada pela aquisição de obreias de alvo. "
"00069/2025";"200331 - SECRETARIA NACIONAL DE SEGURANCA PUBLICA";"1102/2025";"22/12/2025";"26/12/2025";"26/12/2026";"32.316.475/0001-88";"H2G COMERCIAL DE ETIQUETAS E PAPEIS LTDA";"00004";"Alvo de tiro";"139500";"139500";"1,08";"150.660,00";"Aquisição dos alvos de tiro defensivo, método Giraldi (silhueta humana), alvos de tiro defensivo, método Giraldi em folha 60x90 cm, e alvos de refém, complementada pela aquisição de obreias de alvo. "
"00069/2025";"200331 - SECRETARIA NACIONAL DE SEGURANCA PUBLICA";"1102/2025";"22/12/2025";"26/12/2025";"26/12/2026";"32.316.475/0001-88";"H2G COMERCIAL DE ETIQUETAS E PAPEIS LTDA";"00005";"Obréia";"2358";"2358";"4,65";"10.964,70";"Aquisição dos alvos de tiro defensivo, método Giraldi (silhueta humana), alvos de tiro defensivo, método Giraldi em folha 60x90 cm, e alvos de refém, complementada pela aquisição de obreias de alvo. "
"00069/2025";"200331 - SECRETARIA NACIONAL DE SEGURANCA PUBLICA";"1102/2025";"22/12/2025";"26/12/2025";"26/12/2026";"32.316.475/0001-88";"H2G COMERCIAL DE ETIQUETAS E PAPEIS LTDA";"00006";"Obréia";"2345";"2345";"4,49";"10.529,05";"Aquisição dos alvos de tiro defensivo, método Giraldi (silhueta humana), alvos de tiro defensivo, método Giraldi em folha 60x90 cm, e alvos de refém, complementada pela aquisição de obreias de alvo. "
"00063/2024";"200331 - SECRETARIA NACIONAL DE SEGURANCA PUBLICA - SENASP";"90014/2024";"20/12/2024";"24/12/2024";"24/12/2026";"01.114.890/0001-25";"FORT CAR REBOQUES LTDA";"00004";"CARRETA, MATERIAL CARROCERIA CHAPA AÇO, CAPACIDADE 6 T, TIPO AGRÍCOLA, COMPRIMENTO 0,95 M, LARGURA 3,60 M, ALTURA 2 M, USO TRANSPORTE CARGA, TIPO PNEU ARO 16, QUANTIDADE PNEU 6 UN";"97";"97";"10.319,23";"1.000.965,31";"A presente Ata tem por objeto o registro de preços para a eventual aquisição de meios de transporte aquáticos, sendo estes lanchas e motos aquáticas, especificado(s) no(s) item(ns) 01 do Termo de Referência (28091756), anexo I do edital de Licitação nº 14/2024 (28707910), que é parte integrante desta Ata, assim como as propostas cujos preços tenham sido registrados, independentemente de transcrição."
"00063/2024";"200331 - SECRETARIA NACIONAL DE SEGURANCA PUBLICA - SENASP";"90014/2024";"20/12/2024";"24/12/2024";"24/12/2026";"01.114.890/0001-25";"FORT CAR REBOQUES LTDA";"00005";"CARRETA, MATERIAL CARROCERIA CHAPA AÇO, CAPACIDADE 6 T, TIPO AGRÍCOLA, COMPRIMENTO 0,95 M, LARGURA 3,60 M, ALTURA 2 M, USO TRANSPORTE CARGA, TIPO PNEU ARO 16, QUANTIDADE PNEU 6 UN";"30";"30";"10.319,23";"309.576,90";"A presente Ata tem por objeto o registro de preços para a eventual aquisição de meios de transporte aquáticos, sendo estes lanchas e motos aquáticas, especificado(s) no(s) item(ns) 01 do Termo de Referência (28091756), anexo I do edital de Licitação nº 14/2024 (28707910), que é parte integrante desta Ata, assim como as propostas cujos preços tenham sido registrados, independentemente de transcrição."
"00063/2024";"200331 - SECRETARIA NACIONAL DE SEGURANCA PUBLICA - SENASP";"90014/2024";"20/12/2024";"24/12/2024";"24/12/2026";"18.685.467/0001-88";"BGS AMERICA LTDA";"00005";"LUVA SEGURANÇA, MATERIAL COURO, APLICAÇÃO COMBATE A INCÊNDIO, CARACTERÍSTICAS ADICIONAIS REFORÇO EXTERNO NA PALMA E POLEGAR, ESPESSURA 1 MM, COMPRIMENTO 200 MM";"21709";"21709";"462,37";"10.037.590,33";"A presente Ata tem por objeto o registro de preços para a eventual aquisição de meios de transporte aquáticos, sendo estes lanchas e motos aquáticas, especificado(s) no(s) item(ns) 01 do Termo de Referência (28091756), anexo I do edital de Licitação nº 14/2024 (28707910), que é parte integrante desta Ata, assim como as propostas cujos preços tenham sido registrados, independentemente de transcrição."
"00058/2024";"200331 - SECRETARIA NACIONAL DE SEGURANCA PUBLICA - SENASP";"00328/2024";"20/12/2024";"24/12/2024";"24/12/2026";"63.067.904/0005-88";"LIFE TECHNOLOGIES BRASIL COMERCIO E INDUSTRIA DE PRODUTOS PARA BIOTECNOLOGIA LTD";"00004";"material: polipropileno, capacidade: até 1025 mcl, acessórios: com filtro hidrófobo, esterilidade*: estéril, livre de dnase e rnase, tipo uso*: descartável, adicional: condutiva";"50";"50";"6.069,62";"303.481,00";"A retificação do prazo de validade da Ata de Registro de Preços nº 58/2024 (30194582), para que passe a ser considerada, nos termos do art. 22 do Decreto nº 11.462, de 2023, do dia 24/12/2024 ao dia 24/12/2025;"
"00058/2024";"200331 - SECRETARIA NACIONAL DE SEGURANCA PUBLICA - SENASP";"00328/2024";"20/12/2024";"24/12/2024";"24/12/2026";"63.067.904/0005-88";"LIFE TECHNOLOGIES BRASIL COMERCIO E INDUSTRIA DE PRODUTOS PARA BIOTECNOLOGIA LTD";"00006";"tipo: placa 96 poços, tipo de análise: para calibração espectral, característica adicional: para sequenciador automático de dna";"233";"233";"1.208,37";"281.550,21";"A retificação do prazo de validade da Ata de Registro de Preços nº 58/2024 (30194582), para que passe a ser considerada, nos termos do art. 22 do Decreto nº 11.462, de 2023, do dia 24/12/2024 ao dia 24/12/2025;"
"00058/2024";"200331 - SECRETARIA NACIONAL DE SEGURANCA PUBLICA - SENASP";"00328/2024";"20/12/2024";"24/12/2024";"24/12/2026";"63.067.904/0005-88";"LIFE TECHNOLOGIES BRASIL COMERCIO E INDUSTRIA DE PRODUTOS PARA BIOTECNOLOGIA LTD";"00003";"material: polipropileno, capacidade: até 1025 mcl, acessórios: com filtro hidrófobo, esterilidade*: estéril, livre de dnase e rnase, tipo uso*: descartável, adicional: condutiva";"182";"182";"4.101,37";"746.449,34";"A retificação do prazo de validade da Ata de Registro de Preços nº 58/2024 (30194582), para que passe a ser considerada, nos termos do art. 22 do Decreto nº 11.462, de 2023, do dia 24/12/2024 ao dia 24/12/2025;"
"00058/2024";"200331 - SECRETARIA NACIONAL DE SEGURANCA PUBLICA - SENASP";"00328/2024";"20/12/2024";"24/12/2024";"24/12/2026";"63.067.904/0005-88";"LIFE TECHNOLOGIES BRASIL COMERCIO E INDUSTRIA DE PRODUTOS PARA BIOTECNOLOGIA LTD";"00005";"material: polipropileno, capacidade: até 50 mcl, acessórios: com filtro hidrófobo, esterilidade*: estéril, livre de dnase e rnase, tipo uso*: descartável, adicional: condutiva";"126";"126";"5.989,69";"754.700,94";"A retificação do prazo de validade da Ata de Registro de Preços nº 58/2024 (30194582), para que passe a ser considerada, nos termos do art. 22 do Decreto nº 11.462, de 2023, do dia 24/12/2024 ao dia 24/12/2025;"
"00058/2024";"200331 - SECRETARIA NACIONAL DE SEGURANCA PUBLICA - SENASP";"00328/2024";"20/12/2024";"24/12/2024";"24/12/2026";"63.067.904/0005-88";"LIFE TECHNOLOGIES BRASIL COMERCIO E INDUSTRIA DE PRODUTOS PARA BIOTECNOLOGIA LTD";"00007";"tipo: placa 96 poços, tipo de análise: para calibração espectral, característica adicional: para sequenciador automático de dna";"64";"64";"3.097,26";"198.224,64";"A retificação do prazo de validade da Ata de Registro de Preços nº 58/2024 (30194582), para que passe a ser considerada, nos termos do art. 22 do Decreto nº 11.462, de 2023, do dia 24/12/2024 ao dia 24/12/2025;"
"00058/2024";"200331 - SECRETARIA NACIONAL DE SEGURANCA PUBLICA - SENASP";"00328/2024";"20/12/2024";"24/12/2024";"24/12/2026";"10.144.013/0001-98";"PERNAMBUCO MOTOS LTDA";"00001";"VEÍCULO TRANSPORTE PESSOAL, APLICAÇÃO MILITAR, TIPO MOTOCICLETA, CAPACIDADE TRANSPORTE PASSAGEIROS 2 UN, TRAÇÃO 2 X 1, COMBUSTÍVEL GASOLINA, CAPACIDADE TANQUE COMBUSTÍVEL 12 L";"1539";"1539";"49.390,00";"76.011.210,00";"A retificação do prazo de validade da Ata de Registro de Preços nº 58/2024 (30194582), para que passe a ser considerada, nos termos do art. 22 do Decreto nº 11.462, de 2023, do dia 24/12/2024 ao dia 24/12/2025;"
"00055/2024";"200331 - SECRETARIA NACIONAL DE SEGURANCA PUBLICA - SENASP";"90014/2024";"20/12/2024";"24/12/2024";"24/12/2026";"07.560.240/0001-90";"MARINE METALURGICA LTDA";"00001";"LANCHA, MATERIAL CASCO ALUMÍNIO LIGA NAVAL, COMPRIMENTO 8 M, BOCA 2,9 M, CALADO 0,7 M, POTÊNCIA MÁXIMA MOTOR 900 HP, PESO 7 T, QUANTIDADE PASSAGEIRO 8 UN, ACESSÓRIOS SISTEMA DE MONITORAMENTO E REGISTRO DE IMAGENS, CARACTERÍSTICAS ADICIONAIS BLINDADA, TIPO MOTOR MOTOR CENTRO COM EIXO, COMBUSTÍVEL GASOLINA, CAPACIDADE TANQUE COMBUSTÍVEL 1.500 L, TIPO CAPOTA CAPOTA FIXA";"1050";"1050";"615.012,90";"645.763.545,00";"A presente Ata tem por objeto o registro de preços para a eventual aquisição de meios de transporte aquáticos, sendo estes lanchas e motos aquáticas, especificado(s) no(s) item(ns) 01 do Termo de Referência (28091756), anexo I do edital de Licitação nº 14/2024 (28707910), que é parte integrante desta Ata, assim como as propostas cujos preços tenham sido registrados, independentemente de transcrição."
"00055/2024";"200331 - SECRETARIA NACIONAL DE SEGURANCA PUBLICA - SENASP";"90014/2024";"20/12/2024";"24/12/2024";"24/12/2026";"07.204.578/0001-09";"FLIR SYSTEMS BRASIL COMERCIO DE CAMERAS INFRAVERMELHAS LTDA.";"00001";"LENTE CÂMERA TERMOGRÁFICA, CAMPO VISÃO HORIZONTAL HFOV 10 GRAUS (0,18 A 2 M), CAMPO VISÃO VERTICAL VFOV 7,50 GRAUS (0,14 A 2 M), DISTÂNCIA FOCAL MÍNIMA 2 M, COMPRIMENTO 4,80 CM, DIÂMETRO 11,70 CM, REFERÊNCIA LENTE 10 GRAU 194176";"389";"389";"17.999,00";"7.001.611,00";"A presente Ata tem por objeto o registro de preços para a eventual aquisição de meios de transporte aquáticos, sendo estes lanchas e motos aquáticas, especificado(s) no(s) item(ns) 01 do Termo de Referência (28091756), anexo I do edital de Licitação nº 14/2024 (28707910), que é parte integrante desta Ata, assim como as propostas cujos preços tenham sido registrados, independentemente de transcrição."
"00078/2024";"200331 - SECRETARIA NACIONAL DE SEGURANCA PUBLICA - SENASP";"90039/2024";"23/12/2024";"24/12/2024";"24/12/2026";"07.953.689/0001-18";"FAGUNDEZ DISTRIBUICAO LTDA";"00002";"DISCO MAGNÉTICO, MEMÓRIA 16 TB., VELOCIDADE TRANSFERÊNCIA 6.0 GB/S, APLICAÇÃO MICROCOMPUTADOR, TAMANHO 3.5 POL, MODELO NAS, INTERFACE SATA III, TIPO RÍGIDO";"135";"135";"44.661,50";"6.029.302,50";"Retificar o marco e o período da vigência da ARP."
"00078/2024";"200331 - SECRETARIA NACIONAL DE SEGURANCA PUBLICA - SENASP";"90039/2024";"23/12/2024";"24/12/2024";"24/12/2026";"07.953.689/0001-18";"FAGUNDEZ DISTRIBUICAO LTDA";"00001";"DISCO MAGNÉTICO, MEMÓRIA 16 TB., VELOCIDADE TRANSFERÊNCIA 6.0 GB/S, APLICAÇÃO MICROCOMPUTADOR, TAMANHO 3.5 POL, MODELO NAS, INTERFACE SATA III, TIPO RÍGIDO";"393";"393";"13.685,25";"5.378.303,25";"Retificar o marco e o período da vigência da ARP."
"00089/2024";"200331 - SECRETARIA NACIONAL DE SEGURANCA PUBLICA - SENASP";"00328/2024";"23/12/2024";"24/12/2024";"24/12/2026";"63.067.904/0005-88";"LIFE TECHNOLOGIES BRASIL COMERCIO E INDUSTRIA DE PRODUTOS PARA BIOTECNOLOGIA LTD";"00008";"tipo: para dna, revestimento: em matriz de dextrana, granulometria: até 80 µm, adicional: até 10 bases";"34";"34";"27.810,37";"945.552,58";"A retificação do prazo de validade da Ata de Registro de Preços nº 89/2024 (30194603), para que passe a ser considerada, nos termos do art. 22 do Decreto nº 11.462, de 2023, do dia 24/12/2024 ao dia 24/12/2025."
"00089/2024";"200331 - SECRETARIA NACIONAL DE SEGURANCA PUBLICA - SENASP";"00328/2024";"23/12/2024";"24/12/2024";"24/12/2026";"63.067.904/0005-88";"LIFE TECHNOLOGIES BRASIL COMERCIO E INDUSTRIA DE PRODUTOS PARA BIOTECNOLOGIA LTD";"00010";"tipo: p/ purificação de ácidos nucleicos, método: ensaio magnético, ajuste: ajuste digital, c/ painel de controle, programável, adicional: até 1000 µl, até 80°c, capacidade: até 15 amostras/corrida";"32";"32";"27.842,18";"890.949,76";"A retificação do prazo de validade da Ata de Registro de Preços nº 89/2024 (30194603), para que passe a ser considerada, nos termos do art. 22 do Decreto nº 11.462, de 2023, do dia 24/12/2024 ao dia 24/12/2025."
"00089/2024";"200331 - SECRETARIA NACIONAL DE SEGURANCA PUBLICA - SENASP";"00328/2024";"23/12/2024";"24/12/2024";"24/12/2026";"63.067.904/0005-88";"LIFE TECHNOLOGIES BRASIL COMERCIO E INDUSTRIA DE PRODUTOS PARA BIOTECNOLOGIA LTD";"00012";"tipo: p/ purificação de ácidos nucleicos, método: ensaio magnético, ajuste: ajuste digital, c/ painel de controle, programável, adicional: até 1000 µl, até 80°c, capacidade: até 15 amostras/corrida";"67";"67";"3.203,27";"214.619,09";"A retificação do prazo de validade da Ata de Registro de Preços nº 89/2024 (30194603), para que passe a ser considerada, nos termos do art. 22 do Decreto nº 11.462, de 2023, do dia 24/12/2024 ao dia 24/12/2025."
"00089/2024";"200331 - SECRETARIA NACIONAL DE SEGURANCA PUBLICA - SENASP";"00328/2024";"23/12/2024";"24/12/2024";"24/12/2026";"63.067.904/0005-88";"LIFE TECHNOLOGIES BRASIL COMERCIO E INDUSTRIA DE PRODUTOS PARA BIOTECNOLOGIA LTD";"00014";"tipo: placa 96 poços, tipo de análise: para calibração espectral, característica adicional: para sequenciador automático de dna";"279";"279";"1.492,23";"416.332,17";"A retificação do prazo de validade da Ata de Registro de Preços nº 89/2024 (30194603), para que passe a ser considerada, nos termos do art. 22 do Decreto nº 11.462, de 2023, do dia 24/12/2024 ao dia 24/12/2025."
"00089/2024";"200331 - SECRETARIA NACIONAL DE SEGURANCA PUBLICA - SENASP";"00328/2024";"23/12/2024";"24/12/2024";"24/12/2026";"63.067.904/0005-88";"LIFE TECHNOLOGIES BRASIL COMERCIO E INDUSTRIA DE PRODUTOS PARA BIOTECNOLOGIA LTD";"00016";"tipo: arranjo de 8 capilares, aplicação: para sequenciador automático, dimensões: 36";"149";"149";"9.544,55";"1.422.137,95";"A retificação do prazo de validade da Ata de Registro de Preços nº 89/2024 (30194603), para que passe a ser considerada, nos termos do art. 22 do Decreto nº 11.462, de 2023, do dia 24/12/2024 ao dia 24/12/2025."
"00089/2024";"200331 - SECRETARIA NACIONAL DE SEGURANCA PUBLICA - SENASP";"00328/2024";"23/12/2024";"24/12/2024";"24/12/2026";"63.067.904/0005-88";"LIFE TECHNOLOGIES BRASIL COMERCIO E INDUSTRIA DE PRODUTOS PARA BIOTECNOLOGIA LTD";"00018";"tipo: solução condicionadora, característica adicional: para sequenciador automático de dna";"1043";"1043";"207,09";"215.994,87";"A retificação do prazo de validade da Ata de Registro de Preços nº 89/2024 (30194603), para que passe a ser considerada, nos termos do art. 22 do Decreto nº 11.462, de 2023, do dia 24/12/2024 ao dia 24/12/2025."
"00089/2024";"200331 - SECRETARIA NACIONAL DE SEGURANCA PUBLICA - SENASP";"00328/2024";"23/12/2024";"24/12/2024";"24/12/2026";"63.067.904/0005-88";"LIFE TECHNOLOGIES BRASIL COMERCIO E INDUSTRIA DE PRODUTOS PARA BIOTECNOLOGIA LTD";"00020";"tipo: polímero, característica adicional: para sequenciador automático de dna";"889";"889";"1.412,64";"1.255.836,96";"A retificação do prazo de validade da Ata de Registro de Preços nº 89/2024 (30194603), para que passe a ser considerada, nos termos do art. 22 do Decreto nº 11.462, de 2023, do dia 24/12/2024 ao dia 24/12/2025."
"00089/2024";"200331 - SECRETARIA NACIONAL DE SEGURANCA PUBLICA - SENASP";"00328/2024";"23/12/2024";"24/12/2024";"24/12/2026";"63.067.904/0005-88";"LIFE TECHNOLOGIES BRASIL COMERCIO E INDUSTRIA DE PRODUTOS PARA BIOTECNOLOGIA LTD";"00022";"aplicação: para seqüenciamento automático dna, componentes: reservatório para tampão de corrida, características adicionais: para anodo, outros componentes: com solução 1x";"392";"392";"1.085,71";"425.598,32";"A retificação do prazo de validade da Ata de Registro de Preços nº 89/2024 (30194603), para que passe a ser considerada, nos termos do art. 22 do Decreto nº 11.462, de 2023, do dia 24/12/2024 ao dia 24/12/2025."
"00089/2024";"200331 - SECRETARIA NACIONAL DE SEGURANCA PUBLICA - SENASP";"00328/2024";"23/12/2024";"24/12/2024";"24/12/2026";"63.067.904/0005-88";"LIFE TECHNOLOGIES BRASIL COMERCIO E INDUSTRIA DE PRODUTOS PARA BIOTECNOLOGIA LTD";"00009";"tipo: p/ purificação de ácidos nucleicos, método: ensaio magnético, ajuste: ajuste digital, c/ painel de controle, programável, adicional: até 1000 µl, até 80°c, capacidade: até 15 amostras/corrida";"98";"98";"24.164,91";"2.368.161,18";"A retificação do prazo de validade da Ata de Registro de Preços nº 89/2024 (30194603), para que passe a ser considerada, nos termos do art. 22 do Decreto nº 11.462, de 2023, do dia 24/12/2024 ao dia 24/12/2025."
"00089/2024";"200331 - SECRETARIA NACIONAL DE SEGURANCA PUBLICA - SENASP";"00328/2024";"23/12/2024";"24/12/2024";"24/12/2026";"63.067.904/0005-88";"LIFE TECHNOLOGIES BRASIL COMERCIO E INDUSTRIA DE PRODUTOS PARA BIOTECNOLOGIA LTD";"00011";"tipo: p/ purificação de ácidos nucleicos, método: ensaio magnético, ajuste: ajuste digital, c/ painel de controle, programável, adicional: até 1000 µl, até 80°c, capacidade: até 15 amostras/corrida";"233";"233";"3.158,38";"735.902,54";"A retificação do prazo de validade da Ata de Registro de Preços nº 89/2024 (30194603), para que passe a ser considerada, nos termos do art. 22 do Decreto nº 11.462, de 2023, do dia 24/12/2024 ao dia 24/12/2025."
"00089/2024";"200331 - SECRETARIA NACIONAL DE SEGURANCA PUBLICA - SENASP";"00328/2024";"23/12/2024";"24/12/2024";"24/12/2026";"63.067.904/0005-88";"LIFE TECHNOLOGIES BRASIL COMERCIO E INDUSTRIA DE PRODUTOS PARA BIOTECNOLOGIA LTD";"00013";"adicional: adesivo óptico, aplicação: para microplaca 384 poços";"720";"720";"805,98";"580.305,60";"A retificação do prazo de validade da Ata de Registro de Preços nº 89/2024 (30194603), para que passe a ser considerada, nos termos do art. 22 do Decreto nº 11.462, de 2023, do dia 24/12/2024 ao dia 24/12/2025."
"00089/2024";"200331 - SECRETARIA NACIONAL DE SEGURANCA PUBLICA - SENASP";"00328/2024";"23/12/2024";"24/12/2024";"24/12/2026";"63.067.904/0005-88";"LIFE TECHNOLOGIES BRASIL COMERCIO E INDUSTRIA DE PRODUTOS PARA BIOTECNOLOGIA LTD";"00015";"tipo: para dna, revestimento: em matriz de dextrana, granulometria: até 80 µm, adicional: até 10 bases";"78";"78";"5.962,43";"465.069,54";"A retificação do prazo de validade da Ata de Registro de Preços nº 89/2024 (30194603), para que passe a ser considerada, nos termos do art. 22 do Decreto nº 11.462, de 2023, do dia 24/12/2024 ao dia 24/12/2025."
"00089/2024";"200331 - SECRETARIA NACIONAL DE SEGURANCA PUBLICA - SENASP";"00328/2024";"23/12/2024";"24/12/2024";"24/12/2026";"63.067.904/0005-88";"LIFE TECHNOLOGIES BRASIL COMERCIO E INDUSTRIA DE PRODUTOS PARA BIOTECNOLOGIA LTD";"00017";"tipo: arranjo de 24 capilares, aplicação: para sequenciador automático, dimensões: 50";"21";"21";"12.720,42";"267.128,82";"A retificação do prazo de validade da Ata de Registro de Preços nº 89/2024 (30194603), para que passe a ser considerada, nos termos do art. 22 do Decreto nº 11.462, de 2023, do dia 24/12/2024 ao dia 24/12/2025."
"00089/2024";"200331 - SECRETARIA NACIONAL DE SEGURANCA PUBLICA - SENASP";"00328/2024";"23/12/2024";"24/12/2024";"24/12/2026";"63.067.904/0005-88";"LIFE TECHNOLOGIES BRASIL COMERCIO E INDUSTRIA DE PRODUTOS PARA BIOTECNOLOGIA LTD";"00019";"aspecto físico: líquido límpido, incolor, odor de amônia, peso molecular: 45,04, fórmula química: hconh2, grau de pureza: pureza mínima de 99,5%, característica adicional: deionizada, reagente p/ biologia molecular, número de referência química: cas 75-12-7";"292";"292";"267,37";"78.072,04";"A retificação do prazo de validade da Ata de Registro de Preços nº 89/2024 (30194603), para que passe a ser considerada, nos termos do art. 22 do Decreto nº 11.462, de 2023, do dia 24/12/2024 ao dia 24/12/2025."
"00089/2024";"200331 - SECRETARIA NACIONAL DE SEGURANCA PUBLICA - SENASP";"00328/2024";"23/12/2024";"24/12/2024";"24/12/2026";"63.067.904/0005-88";"LIFE TECHNOLOGIES BRASIL COMERCIO E INDUSTRIA DE PRODUTOS PARA BIOTECNOLOGIA LTD";"00021";"aplicação: para seqüenciamento automático dna, componentes: reservatório para tampão de corrida, características adicionais: para catodo, outros componentes: com solução 1x";"385";"385";"815,47";"313.955,95";"A retificação do prazo de validade da Ata de Registro de Preços nº 89/2024 (30194603), para que passe a ser considerada, nos termos do art. 22 do Decreto nº 11.462, de 2023, do dia 24/12/2024 ao dia 24/12/2025."
"00073/2024";"200331 - SECRETARIA NACIONAL DE SEGURANCA PUBLICA - SENASP";"90023/2024";"24/12/2024";"25/12/2024";"24/12/2026";"00.202.188/0001-50";"DELTA COMERCIO DE EQUIPAMENTOS LTDA";"00030";"BOTE INFLÁVEL, MATERIAL TECIDO POLIÉSTER EMBORRACHADO, COMPRIMENTO 4,70 M, LARGURA EXTERNA 1,90 M, CAPACIDADE PASSAGEIRO 9, MATERIAL FUNDO TECIDO, POTÊNCIA MOTOR 20 A 50 HP HP, CARACTERÍSTICAS ADICIONAIS QUILHA INFLÁVEL, CAPACIDADE CARGA 1200 KG, ACESSÓRIOS PAR DE REMOS, KIT REPARO E FOLE DE ENCHIMENTO";"362";"362";"42.336,05";"15.325.650,10";"A presente Ata tem por objeto o registro de preços para a eventual aquisição de equipamentos de mergulho, busca e salvamento, especificado(s) no(s) item(ns) 30 do Termo de Referência, anexo I do edital de Licitação nº 23/2024 que é parte integrante desta Ata, assim como as propostas cujos preços tenham sido registrados, independentemente de transcrição."
"00073/2024";"200331 - SECRETARIA NACIONAL DE SEGURANCA PUBLICA - SENASP";"90023/2024";"24/12/2024";"25/12/2024";"24/12/2026";"11.909.227/0001-70";"PROMEGA BIOTECNOLOGIA DO BRASIL LTDA.";"-";"REAGENTE ANALÍTICO 4";"114";"114";"4.330,00";"493.620,00";"A presente Ata tem por objeto o registro de preços para a eventual aquisição de equipamentos de mergulho, busca e salvamento, especificado(s) no(s) item(ns) 30 do Termo de Referência, anexo I do edital de Licitação nº 23/2024 que é parte integrante desta Ata, assim como as propostas cujos preços tenham sido registrados, independentemente de transcrição."
"00073/2024";"200331 - SECRETARIA NACIONAL DE SEGURANCA PUBLICA - SENASP";"90023/2024";"24/12/2024";"25/12/2024";"24/12/2026";"11.909.227/0001-70";"PROMEGA BIOTECNOLOGIA DO BRASIL LTDA.";"-";"CONJUNTO PARA ANÁLISE";"663";"663";"1.979,50";"1.312.408,50";"A presente Ata tem por objeto o registro de preços para a eventual aquisição de equipamentos de mergulho, busca e salvamento, especificado(s) no(s) item(ns) 30 do Termo de Referência, anexo I do edital de Licitação nº 23/2024 que é parte integrante desta Ata, assim como as propostas cujos preços tenham sido registrados, independentemente de transcrição."
"00066/2024";"200331 - SECRETARIA NACIONAL DE SEGURANCA PUBLICA - SENASP";"90023/2024";"24/12/2024";"25/12/2024";"24/12/2026";"17.211.480/0001-32";"ENGESUB INDUSTRIA E COMERCIO LTDA";"00007";"ACESSÓRIO / PEÇA MERGULHO, TIPO CONSOLE DE MERGULHO, CARACTERíSTICAS ADICIONAIS MANÔMETRO COM AGULHA, ACOMPANHA MANGUEIRA DE 80 C M, APLICAÇÃO EQUIPAMENTO DE MERGULHO";"1656";"1656";"1.143,82";"1.894.165,59";"A presente Ata tem por objeto o registro de preços para a eventual aquisição de equipamentos de mergulho, busca e salvamento, especificado(s) no(s) item(ns) 5 do Termo de Referência, anexo I do edital de Licitação nº 23/2024 que é parte integrante desta Ata, assim como as propostas cujos preços tenham sido registrados, independentemente de transcrição."
"00066/2024";"200331 - SECRETARIA NACIONAL DE SEGURANCA PUBLICA - SENASP";"90023/2024";"24/12/2024";"25/12/2024";"24/12/2026";"17.211.480/0001-32";"ENGESUB INDUSTRIA E COMERCIO LTDA";"00018";"BASTÃO SINALIZADOR, TIPO LUMINOSO, COMPRIMENTO 6 POL, COR VERMELHA/VERDE/ BRANCA, DURAÇÃO 12 H, APLICAÇÃO SOCORRO E SALVAMENTO EMBARCAÇÕES, CARACTERÍSTICAS ADICIONAIS QUIMILUMINESCENTE, A PROVA D´ÁGUA E AUTO-CONTIDO";"1492";"1492";"626,58";"934.854,08";"A presente Ata tem por objeto o registro de preços para a eventual aquisição de equipamentos de mergulho, busca e salvamento, especificado(s) no(s) item(ns) 5 do Termo de Referência, anexo I do edital de Licitação nº 23/2024 que é parte integrante desta Ata, assim como as propostas cujos preços tenham sido registrados, independentemente de transcrição."
"00066/2024";"200331 - SECRETARIA NACIONAL DE SEGURANCA PUBLICA - SENASP";"90023/2024";"24/12/2024";"25/12/2024";"24/12/2026";"17.211.480/0001-32";"ENGESUB INDUSTRIA E COMERCIO LTDA";"00006";"MANGUEIRA AR, COMPRIMENTO 0,70 M, DIÂMETRO EXTERNO 3/8 POL, RAIO CURVATURA 180 GRA, CAPACIDADE PRESSÃO 250 A 400 PSI, CARACTERÍSTICAS ADICIONAIS CONEXÃO FÊMEA E MACHO EM AÇO INOXIDÁVEL NAS EXTRE-, APLICAÇÃO PAIOL MERGULHO";"2005";"2005";"1.629,52";"3.267.193,21";"A presente Ata tem por objeto o registro de preços para a eventual aquisição de equipamentos de mergulho, busca e salvamento, especificado(s) no(s) item(ns) 5 do Termo de Referência, anexo I do edital de Licitação nº 23/2024 que é parte integrante desta Ata, assim como as propostas cujos preços tenham sido registrados, independentemente de transcrição."
"00066/2024";"200331 - SECRETARIA NACIONAL DE SEGURANCA PUBLICA - SENASP";"90023/2024";"24/12/2024";"25/12/2024";"24/12/2026";"17.211.480/0001-32";"ENGESUB INDUSTRIA E COMERCIO LTDA";"00009";"ACESSÓRIO / PEÇA MERGULHO, TIPO KIT DE MONTAGEM RIGGING, CARACTERíSTICAS ADICIONAIS COMPOSTO DE TIRAS, ELÁSTICOS E MOSQUETÕES, USO FIXAR CILINDRO S-80, APLICAÇÃO COLETE EQUILIBRADOR SIDEMOUNT";"1147";"1147";"3.027,76";"3.472.838,88";"A presente Ata tem por objeto o registro de preços para a eventual aquisição de equipamentos de mergulho, busca e salvamento, especificado(s) no(s) item(ns) 5 do Termo de Referência, anexo I do edital de Licitação nº 23/2024 que é parte integrante desta Ata, assim como as propostas cujos preços tenham sido registrados, independentemente de transcrição."
"00066/2024";"200331 - SECRETARIA NACIONAL DE SEGURANCA PUBLICA - SENASP";"90023/2024";"24/12/2024";"25/12/2024";"24/12/2026";"29.127.216/0001-02";"AF EMPREENDIMENTOS LTDA";"00002";"CARRETA REBOQUE, MATERIAL CHAPA AÇO, TIPO REBOQUE CARGA, COMPRIMENTO 4.200 MM, LARGURA 2.200 MM, ALTURA 2.500 MM, CAPACIDADE CARGA 1.500 KG, QUANTIDADE EIXO 1 UN, TIPO CARROCERIA ABERTA";"570";"570";"10.058,82";"5.733.527,40";"A presente Ata tem por objeto o registro de preços para a eventual aquisição de equipamentos de mergulho, busca e salvamento, especificado(s) no(s) item(ns) 5 do Termo de Referência, anexo I do edital de Licitação nº 23/2024 que é parte integrante desta Ata, assim como as propostas cujos preços tenham sido registrados, independentemente de transcrição."
"00062/2024";"200331 - SECRETARIA NACIONAL DE SEGURANCA PUBLICA - SENASP";"90014/2024";"19/12/2024";"23/12/2024";"23/12/2026";"07.692.490/0001-83";"RC-FOREVER COMERCIO DE VEICULOS LTDA";"00003";"LANCHA, MATERIAL CASCO ALUMÍNIO LIGA NAVAL, COMPRIMENTO 8 M, BOCA 2,9 M, CALADO 0,7 M, POTÊNCIA MÁXIMA MOTOR 900 HP, PESO 7 T, QUANTIDADE PASSAGEIRO 8 UN, ACESSÓRIOS SISTEMA DE MONITORAMENTO E REGISTRO DE IMAGENS, CARACTERÍSTICAS ADICIONAIS BLINDADA, TIPO MOTOR MOTOR CENTRO COM EIXO, COMBUSTÍVEL GASOLINA, CAPACIDADE TANQUE COMBUSTÍVEL 1.500 L, TIPO CAPOTA CAPOTA FIXA";"127";"127";"125.750,78";"15.970.349,06";"A presente Ata tem por objeto o registro de preços para a eventual aquisição de meios de transporte aquáticos, sendo estes lanchas e motos aquáticas, especificado(s) no(s) item(ns) 03 do Termo de Referência (28091756), anexo I do edital de Licitação nº 14/2024 (28707910), que é parte integrante desta Ata, assim como as propostas cujos preços tenham sido registrados, independentemente de transcrição."
"00062/2024";"200331 - SECRETARIA NACIONAL DE SEGURANCA PUBLICA - SENASP";"90014/2024";"19/12/2024";"23/12/2024";"23/12/2026";"11.694.789/0001-44";"VECTRA WORK INDUSTRIA E COMERCIO DE UNIFORMES E EQUIPAMENTOS DE PROTECAO INDIVID";"00003";"CAPACETE SEGURANÇA, MATERIAL 100% FIBRA ARAMIDA, TIPO ABA TOTAL, TIPO COPA CRISTA LONGITUDINAL, COR VERMELHA, APLICAÇÃO COMBATE A INCÊNDIO, CARACTERÍSTICAS ADICIONAIS BRASÃO CORPO DE BOMBEIROS PARTE FRONTAL, PADRÃO E U , PESO APROXIMADO 1.510 G";"21545";"21545";"1.990,00";"42.874.550,00";"A presente Ata tem por objeto o registro de preços para a eventual aquisição de meios de transporte aquáticos, sendo estes lanchas e motos aquáticas, especificado(s) no(s) item(ns) 03 do Termo de Referência (28091756), anexo I do edital de Licitação nº 14/2024 (28707910), que é parte integrante desta Ata, assim como as propostas cujos preços tenham sido registrados, independentemente de transcrição."
"00071/2024";"200331 - SECRETARIA NACIONAL DE SEGURANCA PUBLICA - SENASP";"90023/2024";"23/12/2024";"24/12/2024";"23/12/2026";"81.571.010/0001-89";"ULTRAMAR IMPORTACAO LTDA";"00027";"LUVA SEGURANÇA, MATERIAL NEOPRENE, TAMANHO G, APLICAÇÃO PRÁTICA DE MERGULHO/ NATAÇÃO, CARACTERÍSTICAS ADICIONAIS PALMA CONFECCIONADA EM COURO SINTÉTICO, ESPESSURA 2 MM, MODELO PUNHO EM NEOPRENE E FEIXO EM VELCRO";"2563";"2563";"117,00";"299.871,00";"A presente Ata tem por objeto o registro de preços para a eventual aquisição de equipamentos de mergulho, busca e salvamento, especificado(s) no(s) item(ns) 24 e 27 do Termo de Referência, anexo I do edital de Licitação nº 23/2024 que é parte integrante desta Ata, assim como as propostas cujos preços tenham sido registrados, independentemente de transcrição."
"00071/2024";"200331 - SECRETARIA NACIONAL DE SEGURANCA PUBLICA - SENASP";"90023/2024";"23/12/2024";"24/12/2024";"23/12/2026";"81.571.010/0001-89";"ULTRAMAR IMPORTACAO LTDA";"00024";"EQUIPAMENTO / ACESSÓRIOS DESPORTO, MATERIAL TERMOPLÁSTICO, TIPO NADADEIRA PÉ DE PATO, USO HIDROTERAPIA";"3569";"3569";"159,00";"567.471,00";"A presente Ata tem por objeto o registro de preços para a eventual aquisição de equipamentos de mergulho, busca e salvamento, especificado(s) no(s) item(ns) 24 e 27 do Termo de Referência, anexo I do edital de Licitação nº 23/2024 que é parte integrante desta Ata, assim como as propostas cujos preços tenham sido registrados, independentemente de transcrição."
"00071/2024";"200331 - SECRETARIA NACIONAL DE SEGURANCA PUBLICA - SENASP";"90023/2024";"23/12/2024";"24/12/2024";"23/12/2026";"37.483.573/0001-23";"EQUIPAMENTOS TATICOS DO SUL DO BRASIL LTDA";"00001";"MÁSCARA CONTRA GASES, MATERIAL NEOPRENE, TIPO FILTRO REMOVÍVEL/ SUBSTITUÍVEL, TIPO FACIAL COM VISOR EM POLICARBONATO, TAMANHO UNIVERSAL, CARACTERÍSTICAS ADICIONAIS DUPLA VEDAÇÃO LABIAL, MASCARILHA INTERNA, VÁLVULA";"5537";"5537";"4.298,95";"23.803.286,15";"A presente Ata tem por objeto o registro de preços para a eventual aquisição de equipamentos de mergulho, busca e salvamento, especificado(s) no(s) item(ns) 24 e 27 do Termo de Referência, anexo I do edital de Licitação nº 23/2024 que é parte integrante desta Ata, assim como as propostas cujos preços tenham sido registrados, independentemente de transcrição."
"00047/2024";"200331 - SECRETARIA NACIONAL DE SEGURANCA PUBLICA - SENASP";"00257/2024";"03/12/2024";"23/12/2024";"23/12/2026";"57.494.031/0001-63";"COMPANHIA BRASILEIRA DE CARTUCHOS";"00001";"Projetil E Componentes Munição Até 30mm Nome: Projetil E Componentes Munição Até 30mm: Munição 9mm Luger Treina EOOG 124gr NTA.";"1888000";"1888000";"2,41";"4.550.080,00";"aquisição de munição comum e de treinamento a fim de atender a demanda da Diretoria da Força Nacional de Segurança Pública da SENASP (DFNSP) e da Diretoria de Operações Integradas e de Inteligência (DIOPI), especificado do Termo de Referência"
"00047/2024";"200331 - SECRETARIA NACIONAL DE SEGURANCA PUBLICA - SENASP";"00257/2024";"03/12/2024";"23/12/2024";"23/12/2026";"57.494.031/0001-63";"COMPANHIA BRASILEIRA DE CARTUCHOS";"00003";"Projetil E Componentes Munição Até 30mm Nome: Projetil E Componentes Munição Até 30mm: Munição 9mm Luger Treina EOOG 124gr NTA.";"3168000";"3168000";"2,57";"8.141.760,00";"aquisição de munição comum e de treinamento a fim de atender a demanda da Diretoria da Força Nacional de Segurança Pública da SENASP (DFNSP) e da Diretoria de Operações Integradas e de Inteligência (DIOPI), especificado do Termo de Referência"
"00047/2024";"200331 - SECRETARIA NACIONAL DE SEGURANCA PUBLICA - SENASP";"00257/2024";"03/12/2024";"23/12/2024";"23/12/2026";"57.494.031/0001-63";"COMPANHIA BRASILEIRA DE CARTUCHOS";"00005";"Projetil E Componentes Munição Até 30mm Nome: Projetil E Componentes Munição Até 30mm: Munição 9mm Luger Treina EOOG 124gr NTA.";"351000";"351000";"2,82";"989.820,00";"aquisição de munição comum e de treinamento a fim de atender a demanda da Diretoria da Força Nacional de Segurança Pública da SENASP (DFNSP) e da Diretoria de Operações Integradas e de Inteligência (DIOPI), especificado do Termo de Referência"
"00047/2024";"200331 - SECRETARIA NACIONAL DE SEGURANCA PUBLICA - SENASP";"00257/2024";"03/12/2024";"23/12/2024";"23/12/2026";"57.494.031/0001-63";"COMPANHIA BRASILEIRA DE CARTUCHOS";"00007";"Projetil E Componentes Munição Até 30mm Nome: Projetil E Componentes Munição Até 30mm: Munição 9mm Luger Treina EOOG 124gr NTA.";"670000";"670000";"3,16";"2.117.200,00";"aquisição de munição comum e de treinamento a fim de atender a demanda da Diretoria da Força Nacional de Segurança Pública da SENASP (DFNSP) e da Diretoria de Operações Integradas e de Inteligência (DIOPI), especificado do Termo de Referência"
"00047/2024";"200331 - SECRETARIA NACIONAL DE SEGURANCA PUBLICA - SENASP";"00257/2024";"03/12/2024";"23/12/2024";"23/12/2026";"57.494.031/0001-63";"COMPANHIA BRASILEIRA DE CARTUCHOS";"00009";"Projetil E Componentes Munição Até 30mm Nome: Projetil E Componentes Munição Até 30mm: Munição 9mm Luger Treina EOOG 124gr NTA.";"1403000";"1403000";"3,24";"4.545.720,00";"aquisição de munição comum e de treinamento a fim de atender a demanda da Diretoria da Força Nacional de Segurança Pública da SENASP (DFNSP) e da Diretoria de Operações Integradas e de Inteligência (DIOPI), especificado do Termo de Referência"
"00047/2024";"200331 - SECRETARIA NACIONAL DE SEGURANCA PUBLICA - SENASP";"00257/2024";"03/12/2024";"23/12/2024";"23/12/2026";"57.494.031/0001-63";"COMPANHIA BRASILEIRA DE CARTUCHOS";"00011";"Projetil E Componentes Munição Até 30mm Nome: Projetil E Componentes Munição Até 30mm: Munição 9mm Luger Treina EOOG 124gr NTA.";"612000";"612000";"3,32";"2.031.840,00";"aquisição de munição comum e de treinamento a fim de atender a demanda da Diretoria da Força Nacional de Segurança Pública da SENASP (DFNSP) e da Diretoria de Operações Integradas e de Inteligência (DIOPI), especificado do Termo de Referência"
"00047/2024";"200331 - SECRETARIA NACIONAL DE SEGURANCA PUBLICA - SENASP";"00257/2024";"03/12/2024";"23/12/2024";"23/12/2026";"57.494.031/0001-63";"COMPANHIA BRASILEIRA DE CARTUCHOS";"00013";"Projetil E Componentes Munição Até 30mm Nome: Projetil E Componentes Munição Até 30mm: Munição 9mm Luger ETOG 124gr.";"453000";"453000";"2,11";"955.830,00";"aquisição de munição comum e de treinamento a fim de atender a demanda da Diretoria da Força Nacional de Segurança Pública da SENASP (DFNSP) e da Diretoria de Operações Integradas e de Inteligência (DIOPI), especificado do Termo de Referência"
"00047/2024";"200331 - SECRETARIA NACIONAL DE SEGURANCA PUBLICA - SENASP";"00257/2024";"03/12/2024";"23/12/2024";"23/12/2026";"57.494.031/0001-63";"COMPANHIA BRASILEIRA DE CARTUCHOS";"00015";"Projetil E Componentes Munição Até 30mm Nome: Projetil E Componentes Munição Até 30mm: Munição 9mm Luger ETOG 124gr.";"694000";"694000";"2,24";"1.554.560,00";"aquisição de munição comum e de treinamento a fim de atender a demanda da Diretoria da Força Nacional de Segurança Pública da SENASP (DFNSP) e da Diretoria de Operações Integradas e de Inteligência (DIOPI), especificado do Termo de Referência"
"00047/2024";"200331 - SECRETARIA NACIONAL DE SEGURANCA PUBLICA - SENASP";"00257/2024";"03/12/2024";"23/12/2024";"23/12/2026";"57.494.031/0001-63";"COMPANHIA BRASILEIRA DE CARTUCHOS";"00017";"Projetil E Componentes Munição Até 30mm Nome: Projetil E Componentes Munição Até 30mm: Munição 9mm Luger ETOG 124gr.";"271000";"271000";"2,46";"666.660,00";"aquisição de munição comum e de treinamento a fim de atender a demanda da Diretoria da Força Nacional de Segurança Pública da SENASP (DFNSP) e da Diretoria de Operações Integradas e de Inteligência (DIOPI), especificado do Termo de Referência"
"00047/2024";"200331 - SECRETARIA NACIONAL DE SEGURANCA PUBLICA - SENASP";"00257/2024";"03/12/2024";"23/12/2024";"23/12/2026";"57.494.031/0001-63";"COMPANHIA BRASILEIRA DE CARTUCHOS";"00019";"Projetil E Componentes Munição Até 30mm Nome: Projetil E Componentes Munição Até 30mm: Munição 9mm Luger ETOG 124gr.";"446000";"446000";"2,86";"1.275.560,00";"aquisição de munição comum e de treinamento a fim de atender a demanda da Diretoria da Força Nacional de Segurança Pública da SENASP (DFNSP) e da Diretoria de Operações Integradas e de Inteligência (DIOPI), especificado do Termo de Referência"
"00047/2024";"200331 - SECRETARIA NACIONAL DE SEGURANCA PUBLICA - SENASP";"00257/2024";"03/12/2024";"23/12/2024";"23/12/2026";"57.494.031/0001-63";"COMPANHIA BRASILEIRA DE CARTUCHOS";"00021";"Projetil E Componentes Munição Até 30mm Nome: Projetil E Componentes Munição Até 30mm: Munição 9mm Luger ETOG 124gr.";"340000";"340000";"2,95";"1.003.000,00";"aquisição de munição comum e de treinamento a fim de atender a demanda da Diretoria da Força Nacional de Segurança Pública da SENASP (DFNSP) e da Diretoria de Operações Integradas e de Inteligência (DIOPI), especificado do Termo de Referência"
"00047/2024";"200331 - SECRETARIA NACIONAL DE SEGURANCA PUBLICA - SENASP";"00257/2024";"03/12/2024";"23/12/2024";"23/12/2026";"57.494.031/0001-63";"COMPANHIA BRASILEIRA DE CARTUCHOS";"00023";"Projetil E Componentes Munição Até 30mm Nome: Projetil E Componentes Munição Até 30mm: Munição Bonded 9mm Luger EXPO +P 147gr.";"1198000";"1198000";"4,05";"4.851.900,00";"aquisição de munição comum e de treinamento a fim de atender a demanda da Diretoria da Força Nacional de Segurança Pública da SENASP (DFNSP) e da Diretoria de Operações Integradas e de Inteligência (DIOPI), especificado do Termo de Referência"
"00047/2024";"200331 - SECRETARIA NACIONAL DE SEGURANCA PUBLICA - SENASP";"00257/2024";"03/12/2024";"23/12/2024";"23/12/2026";"57.494.031/0001-63";"COMPANHIA BRASILEIRA DE CARTUCHOS";"00025";"Projetil E Componentes Munição Até 30mm Nome: Projetil E Componentes Munição Até 30mm: Munição Bonded 9mm Luger EXPO +P 147gr.";"401000";"401000";"4,31";"1.728.310,00";"aquisição de munição comum e de treinamento a fim de atender a demanda da Diretoria da Força Nacional de Segurança Pública da SENASP (DFNSP) e da Diretoria de Operações Integradas e de Inteligência (DIOPI), especificado do Termo de Referência"
"00047/2024";"200331 - SECRETARIA NACIONAL DE SEGURANCA PUBLICA - SENASP";"00257/2024";"03/12/2024";"23/12/2024";"23/12/2026";"57.494.031/0001-63";"COMPANHIA BRASILEIRA DE CARTUCHOS";"00027";"Projetil E Componentes Munição Até 30mm Nome: Projetil E Componentes Munição Até 30mm: Munição Bonded 9mm Luger EXPO +P 147gr.";"2941000";"2941000";"5,04";"14.822.640,00";"aquisição de munição comum e de treinamento a fim de atender a demanda da Diretoria da Força Nacional de Segurança Pública da SENASP (DFNSP) e da Diretoria de Operações Integradas e de Inteligência (DIOPI), especificado do Termo de Referência"
"00047/2024";"200331 - SECRETARIA NACIONAL DE SEGURANCA PUBLICA - SENASP";"00257/2024";"03/12/2024";"23/12/2024";"23/12/2026";"57.494.031/0001-63";"COMPANHIA BRASILEIRA DE CARTUCHOS";"00029";"Projetil E Componentes Munição Até 30mm Nome: Projetil E Componentes Munição Até 30mm";"800000";"800000";"5,28";"4.224.000,00";"aquisição de munição comum e de treinamento a fim de atender a demanda da Diretoria da Força Nacional de Segurança Pública da SENASP (DFNSP) e da Diretoria de Operações Integradas e de Inteligência (DIOPI), especificado do Termo de Referência"
"00047/2024";"200331 - SECRETARIA NACIONAL DE SEGURANCA PUBLICA - SENASP";"00257/2024";"03/12/2024";"23/12/2024";"23/12/2026";"57.494.031/0001-63";"COMPANHIA BRASILEIRA DE CARTUCHOS";"00031";"Projetil E Componentes Munição Até 30mm Nome: Projetil E Componentes Munição Até 30mm: Munição Bonded 9mm Luger EXPO +P 147gr";"1726000";"1726000";"5,36";"9.251.360,00";"aquisição de munição comum e de treinamento a fim de atender a demanda da Diretoria da Força Nacional de Segurança Pública da SENASP (DFNSP) e da Diretoria de Operações Integradas e de Inteligência (DIOPI), especificado do Termo de Referência"
"00047/2024";"200331 - SECRETARIA NACIONAL DE SEGURANCA PUBLICA - SENASP";"00257/2024";"03/12/2024";"23/12/2024";"23/12/2026";"57.494.031/0001-63";"COMPANHIA BRASILEIRA DE CARTUCHOS";"00033";"Projetil E Componentes Munição Até 30mm Nome: Projetil E Componentes Munição Até 30mm: Munição Bonded 9mm Luger EXPO +P 147gr.";"343000";"343000";"5,54";"1.900.220,00";"aquisição de munição comum e de treinamento a fim de atender a demanda da Diretoria da Força Nacional de Segurança Pública da SENASP (DFNSP) e da Diretoria de Operações Integradas e de Inteligência (DIOPI), especificado do Termo de Referência"
"00047/2024";"200331 - SECRETARIA NACIONAL DE SEGURANCA PUBLICA - SENASP";"00257/2024";"03/12/2024";"23/12/2024";"23/12/2026";"57.494.031/0001-63";"COMPANHIA BRASILEIRA DE CARTUCHOS";"00035";"Projétil Munição Arma Fogo Material: Chumbo , Calibre: .40 , Tipo: Ogival , Peso: 180 G";"130000";"130000";"2,76";"358.800,00";"aquisição de munição comum e de treinamento a fim de atender a demanda da Diretoria da Força Nacional de Segurança Pública da SENASP (DFNSP) e da Diretoria de Operações Integradas e de Inteligência (DIOPI), especificado do Termo de Referência"
"00047/2024";"200331 - SECRETARIA NACIONAL DE SEGURANCA PUBLICA - SENASP";"00257/2024";"03/12/2024";"23/12/2024";"23/12/2026";"57.494.031/0001-63";"COMPANHIA BRASILEIRA DE CARTUCHOS";"00037";"Projétil Munição Arma Fogo Material: Chumbo , Calibre: .40 , Tipo: Ogival , Peso: 180 G";"2220000";"2220000";"2,94";"6.526.800,00";"aquisição de munição comum e de treinamento a fim de atender a demanda da Diretoria da Força Nacional de Segurança Pública da SENASP (DFNSP) e da Diretoria de Operações Integradas e de Inteligência (DIOPI), especificado do Termo de Referência"
"00047/2024";"200331 - SECRETARIA NACIONAL DE SEGURANCA PUBLICA - SENASP";"00257/2024";"03/12/2024";"23/12/2024";"23/12/2026";"57.494.031/0001-63";"COMPANHIA BRASILEIRA DE CARTUCHOS";"00039";"Projétil Munição Arma Fogo Material: Chumbo , Calibre: .40 , Tipo: Ogival , Peso: 180 G";"1583000";"1583000";"3,44";"5.445.520,00";"aquisição de munição comum e de treinamento a fim de atender a demanda da Diretoria da Força Nacional de Segurança Pública da SENASP (DFNSP) e da Diretoria de Operações Integradas e de Inteligência (DIOPI), especificado do Termo de Referência"
"00047/2024";"200331 - SECRETARIA NACIONAL DE SEGURANCA PUBLICA - SENASP";"00257/2024";"03/12/2024";"23/12/2024";"23/12/2026";"57.494.031/0001-63";"COMPANHIA BRASILEIRA DE CARTUCHOS";"00041";"Projétil Munição Arma Fogo Material: Chumbo , Calibre: .40 , Tipo: Ogival , Peso: 180 G";"115000";"115000";"3,60";"414.000,00";"aquisição de munição comum e de treinamento a fim de atender a demanda da Diretoria da Força Nacional de Segurança Pública da SENASP (DFNSP) e da Diretoria de Operações Integradas e de Inteligência (DIOPI), especificado do Termo de Referência"
"00047/2024";"200331 - SECRETARIA NACIONAL DE SEGURANCA PUBLICA - SENASP";"00257/2024";"03/12/2024";"23/12/2024";"23/12/2026";"57.494.031/0001-63";"COMPANHIA BRASILEIRA DE CARTUCHOS";"00043";"Projétil Munição Arma Fogo Material: Chumbo , Calibre: .40 , Tipo: Ogival , Peso: 180 G";"822000";"822000";"3,72";"3.057.840,00";"aquisição de munição comum e de treinamento a fim de atender a demanda da Diretoria da Força Nacional de Segurança Pública da SENASP (DFNSP) e da Diretoria de Operações Integradas e de Inteligência (DIOPI), especificado do Termo de Referência"
"00047/2024";"200331 - SECRETARIA NACIONAL DE SEGURANCA PUBLICA - SENASP";"00257/2024";"03/12/2024";"23/12/2024";"23/12/2026";"57.494.031/0001-63";"COMPANHIA BRASILEIRA DE CARTUCHOS";"00045";"Projetil E Componentes Munição Até 30mm Nome: Projetil E Componentes Munição Até 30mm: Munição Bonded .40 S&W EXPO 180gr";"802000";"802000";"4,53";"3.633.060,00";"aquisição de munição comum e de treinamento a fim de atender a demanda da Diretoria da Força Nacional de Segurança Pública da SENASP (DFNSP) e da Diretoria de Operações Integradas e de Inteligência (DIOPI), especificado do Termo de Referência"
"00047/2024";"200331 - SECRETARIA NACIONAL DE SEGURANCA PUBLICA - SENASP";"00257/2024";"03/12/2024";"23/12/2024";"23/12/2026";"57.494.031/0001-63";"COMPANHIA BRASILEIRA DE CARTUCHOS";"00047";"Projetil E Componentes Munição Até 30mm Nome: Projetil E Componentes Munição Até 30mm: Munição Bonded .40 S&W EXPO 180gr";"580000";"580000";"4,81";"2.789.800,00";"aquisição de munição comum e de treinamento a fim de atender a demanda da Diretoria da Força Nacional de Segurança Pública da SENASP (DFNSP) e da Diretoria de Operações Integradas e de Inteligência (DIOPI), especificado do Termo de Referência"
"00047/2024";"200331 - SECRETARIA NACIONAL DE SEGURANCA PUBLICA - SENASP";"00257/2024";"03/12/2024";"23/12/2024";"23/12/2026";"57.494.031/0001-63";"COMPANHIA BRASILEIRA DE CARTUCHOS";"00049";"Projetil E Componentes Munição Até 30mm Nome: Projetil E Componentes Munição Até 30mm: Munição Bonded .40 S&W EXPO 180gr.";"45000";"45000";"5,29";"238.050,00";"aquisição de munição comum e de treinamento a fim de atender a demanda da Diretoria da Força Nacional de Segurança Pública da SENASP (DFNSP) e da Diretoria de Operações Integradas e de Inteligência (DIOPI), especificado do Termo de Referência"
"00047/2024";"200331 - SECRETARIA NACIONAL DE SEGURANCA PUBLICA - SENASP";"00257/2024";"03/12/2024";"23/12/2024";"23/12/2026";"57.494.031/0001-63";"COMPANHIA BRASILEIRA DE CARTUCHOS";"00051";"Projetil E Componentes Munição Até 30mm Nome: Projetil E Componentes Munição Até 30mm: Munição Bonded .40 S&W EXPO 180gr.";"254000";"254000";"5,95";"1.511.300,00";"aquisição de munição comum e de treinamento a fim de atender a demanda da Diretoria da Força Nacional de Segurança Pública da SENASP (DFNSP) e da Diretoria de Operações Integradas e de Inteligência (DIOPI), especificado do Termo de Referência"
"00047/2024";"200331 - SECRETARIA NACIONAL DE SEGURANCA PUBLICA - SENASP";"00257/2024";"03/12/2024";"23/12/2024";"23/12/2026";"57.494.031/0001-63";"COMPANHIA BRASILEIRA DE CARTUCHOS";"00053";"Projetil E Componentes Munição Até 30mm Nome: Projetil E Componentes Munição Até 30mm: Munição Bonded .40 S&W EXPO 180gr.";"1403000";"1403000";"6,10";"8.558.300,00";"aquisição de munição comum e de treinamento a fim de atender a demanda da Diretoria da Força Nacional de Segurança Pública da SENASP (DFNSP) e da Diretoria de Operações Integradas e de Inteligência (DIOPI), especificado do Termo de Referência"
"00047/2024";"200331 - SECRETARIA NACIONAL DE SEGURANCA PUBLICA - SENASP";"00257/2024";"03/12/2024";"23/12/2024";"23/12/2026";"57.494.031/0001-63";"COMPANHIA BRASILEIRA DE CARTUCHOS";"00055";"Projetil E Componentes Munição Até 30mm Nome: Projetil E Componentes Munição Até 30mm: Munição Bonded .40 S&W EXPO 180gr.";"1204000";"1204000";"6,24";"7.512.960,00";"aquisição de munição comum e de treinamento a fim de atender a demanda da Diretoria da Força Nacional de Segurança Pública da SENASP (DFNSP) e da Diretoria de Operações Integradas e de Inteligência (DIOPI), especificado do Termo de Referência"
"00047/2024";"200331 - SECRETARIA NACIONAL DE SEGURANCA PUBLICA - SENASP";"00257/2024";"03/12/2024";"23/12/2024";"23/12/2026";"57.494.031/0001-63";"COMPANHIA BRASILEIRA DE CARTUCHOS";"00057";"Projétil Munição Arma Fogo Material: Chumbo , Calibre: 5.56 X 45 MM, Tipo: Comum , Peso: 55 GR, Aplicação: Fuzil E Metralhadora";"398000";"398000";"3,23";"1.285.540,00";"aquisição de munição comum e de treinamento a fim de atender a demanda da Diretoria da Força Nacional de Segurança Pública da SENASP (DFNSP) e da Diretoria de Operações Integradas e de Inteligência (DIOPI), especificado do Termo de Referência"
"00047/2024";"200331 - SECRETARIA NACIONAL DE SEGURANCA PUBLICA - SENASP";"00257/2024";"03/12/2024";"23/12/2024";"23/12/2026";"57.494.031/0001-63";"COMPANHIA BRASILEIRA DE CARTUCHOS";"00059";"Projétil Munição Arma Fogo Material: Chumbo , Calibre: 5.56 X 45 MM, Tipo: Comum , Peso: 55 GR, Aplicação: Fuzil E Metralhadora";"1456000";"1456000";"3,43";"4.994.080,00";"aquisição de munição comum e de treinamento a fim de atender a demanda da Diretoria da Força Nacional de Segurança Pública da SENASP (DFNSP) e da Diretoria de Operações Integradas e de Inteligência (DIOPI), especificado do Termo de Referência"
"00047/2024";"200331 - SECRETARIA NACIONAL DE SEGURANCA PUBLICA - SENASP";"00257/2024";"03/12/2024";"23/12/2024";"23/12/2026";"57.494.031/0001-63";"COMPANHIA BRASILEIRA DE CARTUCHOS";"00061";"Projétil Munição Arma Fogo Material: Chumbo , Calibre: 5.56 X 45 MM, Tipo: Comum , Peso: 55 GR, Aplicação: Fuzil E Metralhadora";"332000";"332000";"3,76";"1.248.320,00";"aquisição de munição comum e de treinamento a fim de atender a demanda da Diretoria da Força Nacional de Segurança Pública da SENASP (DFNSP) e da Diretoria de Operações Integradas e de Inteligência (DIOPI), especificado do Termo de Referência"
"00047/2024";"200331 - SECRETARIA NACIONAL DE SEGURANCA PUBLICA - SENASP";"00257/2024";"03/12/2024";"23/12/2024";"23/12/2026";"57.494.031/0001-63";"COMPANHIA BRASILEIRA DE CARTUCHOS";"00063";"Projétil Munição Arma Fogo Material: Chumbo , Calibre: 5.56 X 45 MM, Tipo: Comum , Peso: 55 GR, Aplicação: Fuzil E Metralhadora";"604000";"604000";"4,24";"2.560.960,00";"aquisição de munição comum e de treinamento a fim de atender a demanda da Diretoria da Força Nacional de Segurança Pública da SENASP (DFNSP) e da Diretoria de Operações Integradas e de Inteligência (DIOPI), especificado do Termo de Referência"
"00047/2024";"200331 - SECRETARIA NACIONAL DE SEGURANCA PUBLICA - SENASP";"00257/2024";"03/12/2024";"23/12/2024";"23/12/2026";"57.494.031/0001-63";"COMPANHIA BRASILEIRA DE CARTUCHOS";"00065";"Projétil Munição Arma Fogo Material: Chumbo , Calibre: 5.56 X 45 MM, Tipo: Comum , Peso: 55 GR, Aplicação: Fuzil E Metralhadora";"1782000";"1782000";"4,34";"7.733.880,00";"aquisição de munição comum e de treinamento a fim de atender a demanda da Diretoria da Força Nacional de Segurança Pública da SENASP (DFNSP) e da Diretoria de Operações Integradas e de Inteligência (DIOPI), especificado do Termo de Referência"
"00047/2024";"200331 - SECRETARIA NACIONAL DE SEGURANCA PUBLICA - SENASP";"00257/2024";"03/12/2024";"23/12/2024";"23/12/2026";"57.494.031/0001-63";"COMPANHIA BRASILEIRA DE CARTUCHOS";"00067";"Projétil Munição Arma Fogo Material: Chumbo , Calibre: 5.56 X 45 MM, Tipo: Comum , Peso: 55 GR, Aplicação: Fuzil E Metralhadora";"278000";"278000";"4,45";"1.237.100,00";"aquisição de munição comum e de treinamento a fim de atender a demanda da Diretoria da Força Nacional de Segurança Pública da SENASP (DFNSP) e da Diretoria de Operações Integradas e de Inteligência (DIOPI), especificado do Termo de Referência"
"00047/2024";"200331 - SECRETARIA NACIONAL DE SEGURANCA PUBLICA - SENASP";"00257/2024";"03/12/2024";"23/12/2024";"23/12/2026";"57.494.031/0001-63";"COMPANHIA BRASILEIRA DE CARTUCHOS";"00069";"Projétil Munição Arma Fogo Material: Chumbo , Calibre: 7,62 X 51 , Tipo: Comum , Aplicação: Fuzil";"235000";"235000";"4,18";"982.300,00";"aquisição de munição comum e de treinamento a fim de atender a demanda da Diretoria da Força Nacional de Segurança Pública da SENASP (DFNSP) e da Diretoria de Operações Integradas e de Inteligência (DIOPI), especificado do Termo de Referência"
"00047/2024";"200331 - SECRETARIA NACIONAL DE SEGURANCA PUBLICA - SENASP";"00257/2024";"03/12/2024";"23/12/2024";"23/12/2026";"57.494.031/0001-63";"COMPANHIA BRASILEIRA DE CARTUCHOS";"00071";"Projétil Munição Arma Fogo Material: Chumbo , Calibre: 7,62 X 51 , Tipo: Comum , Aplicação: Fuzil";"583000";"583000";"4,45";"2.594.350,00";"aquisição de munição comum e de treinamento a fim de atender a demanda da Diretoria da Força Nacional de Segurança Pública da SENASP (DFNSP) e da Diretoria de Operações Integradas e de Inteligência (DIOPI), especificado do Termo de Referência"
"00047/2024";"200331 - SECRETARIA NACIONAL DE SEGURANCA PUBLICA - SENASP";"00257/2024";"03/12/2024";"23/12/2024";"23/12/2026";"57.494.031/0001-63";"COMPANHIA BRASILEIRA DE CARTUCHOS";"00073";"Projétil Munição Arma Fogo Material: Chumbo , Calibre: 7,62 X 51 , Tipo: Comum , Aplicação: Fuzil";"271000";"271000";"4,88";"1.322.480,00";"aquisição de munição comum e de treinamento a fim de atender a demanda da Diretoria da Força Nacional de Segurança Pública da SENASP (DFNSP) e da Diretoria de Operações Integradas e de Inteligência (DIOPI), especificado do Termo de Referência"
"00047/2024";"200331 - SECRETARIA NACIONAL DE SEGURANCA PUBLICA - SENASP";"00257/2024";"03/12/2024";"23/12/2024";"23/12/2026";"57.494.031/0001-63";"COMPANHIA BRASILEIRA DE CARTUCHOS";"00002";"Projetil E Componentes Munição Até 30mm Nome: Projetil E Componentes Munição Até 30mm";"1398000";"1398000";"2,47";"3.453.060,00";"aquisição de munição comum e de treinamento a fim de atender a demanda da Diretoria da Força Nacional de Segurança Pública da SENASP (DFNSP) e da Diretoria de Operações Integradas e de Inteligência (DIOPI), especificado do Termo de Referência"
"00047/2024";"200331 - SECRETARIA NACIONAL DE SEGURANCA PUBLICA - SENASP";"00257/2024";"03/12/2024";"23/12/2024";"23/12/2026";"57.494.031/0001-63";"COMPANHIA BRASILEIRA DE CARTUCHOS";"00004";"Projetil E Componentes Munição Até 30mm Nome: Projetil E Componentes Munição Até 30mm: Munição 9mm Luger Treina EOOG 124gr NTA.";"1000";"1000";"2,63";"2.630,00";"aquisição de munição comum e de treinamento a fim de atender a demanda da Diretoria da Força Nacional de Segurança Pública da SENASP (DFNSP) e da Diretoria de Operações Integradas e de Inteligência (DIOPI), especificado do Termo de Referência"
"00047/2024";"200331 - SECRETARIA NACIONAL DE SEGURANCA PUBLICA - SENASP";"00257/2024";"03/12/2024";"23/12/2024";"23/12/2026";"57.494.031/0001-63";"COMPANHIA BRASILEIRA DE CARTUCHOS";"00006";"Projetil E Componentes Munição Até 30mm Nome: Projetil E Componentes Munição Até 30mm: Munição 9mm Luger Treina EOOG 124gr NTA.";"1978000";"1978000";"3,07";"6.072.460,00";"aquisição de munição comum e de treinamento a fim de atender a demanda da Diretoria da Força Nacional de Segurança Pública da SENASP (DFNSP) e da Diretoria de Operações Integradas e de Inteligência (DIOPI), especificado do Termo de Referência"
"00047/2024";"200331 - SECRETARIA NACIONAL DE SEGURANCA PUBLICA - SENASP";"00257/2024";"03/12/2024";"23/12/2024";"23/12/2026";"57.494.031/0001-63";"COMPANHIA BRASILEIRA DE CARTUCHOS";"00008";"Projetil E Componentes Munição Até 30mm Nome: Projetil E Componentes Munição Até 30mm: Munição 9mm Luger Treina EOOG 124gr NTA.";"60000";"60000";"3,22";"193.200,00";"aquisição de munição comum e de treinamento a fim de atender a demanda da Diretoria da Força Nacional de Segurança Pública da SENASP (DFNSP) e da Diretoria de Operações Integradas e de Inteligência (DIOPI), especificado do Termo de Referência"
"00047/2024";"200331 - SECRETARIA NACIONAL DE SEGURANCA PUBLICA - SENASP";"00257/2024";"03/12/2024";"23/12/2024";"23/12/2026";"57.494.031/0001-63";"COMPANHIA BRASILEIRA DE CARTUCHOS";"00010";"Projetil E Componentes Munição Até 30mm Nome: Projetil E Componentes Munição Até 30mm: Munição 9mm Luger Treina EOOG 124gr NTA.";"2109000";"2109000";"3,27";"6.896.430,00";"aquisição de munição comum e de treinamento a fim de atender a demanda da Diretoria da Força Nacional de Segurança Pública da SENASP (DFNSP) e da Diretoria de Operações Integradas e de Inteligência (DIOPI), especificado do Termo de Referência"
"00047/2024";"200331 - SECRETARIA NACIONAL DE SEGURANCA PUBLICA - SENASP";"00257/2024";"03/12/2024";"23/12/2024";"23/12/2026";"57.494.031/0001-63";"COMPANHIA BRASILEIRA DE CARTUCHOS";"00012";"Projetil E Componentes Munição Até 30mm Nome: Projetil E Componentes Munição Até 30mm: Munição 9mm Luger Treina EOOG 124gr NTA.";"561000";"561000";"3,37";"1.890.570,00";"aquisição de munição comum e de treinamento a fim de atender a demanda da Diretoria da Força Nacional de Segurança Pública da SENASP (DFNSP) e da Diretoria de Operações Integradas e de Inteligência (DIOPI), especificado do Termo de Referência"
"00047/2024";"200331 - SECRETARIA NACIONAL DE SEGURANCA PUBLICA - SENASP";"00257/2024";"03/12/2024";"23/12/2024";"23/12/2026";"57.494.031/0001-63";"COMPANHIA BRASILEIRA DE CARTUCHOS";"00014";"Projetil E Componentes Munição Até 30mm Nome: Projetil E Componentes Munição Até 30mm: Munição 9mm Luger ETOG 124gr.";"251000";"251000";"2,17";"544.670,00";"aquisição de munição comum e de treinamento a fim de atender a demanda da Diretoria da Força Nacional de Segurança Pública da SENASP (DFNSP) e da Diretoria de Operações Integradas e de Inteligência (DIOPI), especificado do Termo de Referência"
"00047/2024";"200331 - SECRETARIA NACIONAL DE SEGURANCA PUBLICA - SENASP";"00257/2024";"03/12/2024";"23/12/2024";"23/12/2026";"57.494.031/0001-63";"COMPANHIA BRASILEIRA DE CARTUCHOS";"00016";"Projetil E Componentes Munição Até 30mm Nome: Projetil E Componentes Munição Até 30mm: Munição 9mm Luger ETOG 124gr.";"731000";"731000";"2,30";"1.681.300,00";"aquisição de munição comum e de treinamento a fim de atender a demanda da Diretoria da Força Nacional de Segurança Pública da SENASP (DFNSP) e da Diretoria de Operações Integradas e de Inteligência (DIOPI), especificado do Termo de Referência"
"00047/2024";"200331 - SECRETARIA NACIONAL DE SEGURANCA PUBLICA - SENASP";"00257/2024";"03/12/2024";"23/12/2024";"23/12/2026";"57.494.031/0001-63";"COMPANHIA BRASILEIRA DE CARTUCHOS";"00018";"Projetil E Componentes Munição Até 30mm Nome: Projetil E Componentes Munição Até 30mm: Munição 9mm Luger ETOG 124gr.";"2476000";"2476000";"2,69";"6.660.440,00";"aquisição de munição comum e de treinamento a fim de atender a demanda da Diretoria da Força Nacional de Segurança Pública da SENASP (DFNSP) e da Diretoria de Operações Integradas e de Inteligência (DIOPI), especificado do Termo de Referência"
"00047/2024";"200331 - SECRETARIA NACIONAL DE SEGURANCA PUBLICA - SENASP";"00257/2024";"03/12/2024";"23/12/2024";"23/12/2026";"57.494.031/0001-63";"COMPANHIA BRASILEIRA DE CARTUCHOS";"00020";"Projetil E Componentes Munição Até 30mm Nome: Projetil E Componentes Munição Até 30mm: Munição 9mm Luger ETOG 124gr.";"643000";"643000";"2,91";"1.871.130,00";"aquisição de munição comum e de treinamento a fim de atender a demanda da Diretoria da Força Nacional de Segurança Pública da SENASP (DFNSP) e da Diretoria de Operações Integradas e de Inteligência (DIOPI), especificado do Termo de Referência"
"00047/2024";"200331 - SECRETARIA NACIONAL DE SEGURANCA PUBLICA - SENASP";"00257/2024";"03/12/2024";"23/12/2024";"23/12/2026";"57.494.031/0001-63";"COMPANHIA BRASILEIRA DE CARTUCHOS";"00022";"Projetil E Componentes Munição Até 30mm Nome: Projetil E Componentes Munição Até 30mm: Munição Bonded 9mm Luger EXPO +P 147gr.";"824000";"824000";"3,95";"3.254.800,00";"aquisição de munição comum e de treinamento a fim de atender a demanda da Diretoria da Força Nacional de Segurança Pública da SENASP (DFNSP) e da Diretoria de Operações Integradas e de Inteligência (DIOPI), especificado do Termo de Referência"
"00047/2024";"200331 - SECRETARIA NACIONAL DE SEGURANCA PUBLICA - SENASP";"00257/2024";"03/12/2024";"23/12/2024";"23/12/2026";"57.494.031/0001-63";"COMPANHIA BRASILEIRA DE CARTUCHOS";"00024";"Projetil E Componentes Munição Até 30mm Nome: Projetil E Componentes Munição Até 30mm: Munição Bonded 9mm Luger EXPO +P 147gr.";"1803000";"1803000";"4,21";"7.590.630,00";"aquisição de munição comum e de treinamento a fim de atender a demanda da Diretoria da Força Nacional de Segurança Pública da SENASP (DFNSP) e da Diretoria de Operações Integradas e de Inteligência (DIOPI), especificado do Termo de Referência"
"00047/2024";"200331 - SECRETARIA NACIONAL DE SEGURANCA PUBLICA - SENASP";"00257/2024";"03/12/2024";"23/12/2024";"23/12/2026";"57.494.031/0001-63";"COMPANHIA BRASILEIRA DE CARTUCHOS";"00026";"Projetil E Componentes Munição Até 30mm Nome: Projetil E Componentes Munição Até 30mm: Munição Bonded 9mm Luger EXPO +P 147gr.";"541000";"541000";"4,62";"2.499.420,00";"aquisição de munição comum e de treinamento a fim de atender a demanda da Diretoria da Força Nacional de Segurança Pública da SENASP (DFNSP) e da Diretoria de Operações Integradas e de Inteligência (DIOPI), especificado do Termo de Referência"
"00047/2024";"200331 - SECRETARIA NACIONAL DE SEGURANCA PUBLICA - SENASP";"00257/2024";"03/12/2024";"23/12/2024";"23/12/2026";"57.494.031/0001-63";"COMPANHIA BRASILEIRA DE CARTUCHOS";"00028";"Projetil E Componentes Munição Até 30mm Nome: Projetil E Componentes Munição Até 30mm: Munição Bonded 9mm Luger EXPO +P 147gr.";"320000";"320000";"5,19";"1.660.800,00";"aquisição de munição comum e de treinamento a fim de atender a demanda da Diretoria da Força Nacional de Segurança Pública da SENASP (DFNSP) e da Diretoria de Operações Integradas e de Inteligência (DIOPI), especificado do Termo de Referência"
"00047/2024";"200331 - SECRETARIA NACIONAL DE SEGURANCA PUBLICA - SENASP";"00257/2024";"03/12/2024";"23/12/2024";"23/12/2026";"57.494.031/0001-63";"COMPANHIA BRASILEIRA DE CARTUCHOS";"00030";"Projetil E Componentes Munição Até 30mm Nome: Projetil E Componentes Munição Até 30mm: Munição Bonded 9mm Luger EXPO +P 147gr.";"632000";"632000";"5,32";"3.362.240,00";"aquisição de munição comum e de treinamento a fim de atender a demanda da Diretoria da Força Nacional de Segurança Pública da SENASP (DFNSP) e da Diretoria de Operações Integradas e de Inteligência (DIOPI), especificado do Termo de Referência"
"00047/2024";"200331 - SECRETARIA NACIONAL DE SEGURANCA PUBLICA - SENASP";"00257/2024";"03/12/2024";"23/12/2024";"23/12/2026";"57.494.031/0001-63";"COMPANHIA BRASILEIRA DE CARTUCHOS";"00032";"Projetil E Componentes Munição Até 30mm Nome: Projetil E Componentes Munição Até 30mm: Munição Bonded 9mm Luger EXPO +P 147gr.";"701000";"701000";"5,46";"3.827.460,00";"aquisição de munição comum e de treinamento a fim de atender a demanda da Diretoria da Força Nacional de Segurança Pública da SENASP (DFNSP) e da Diretoria de Operações Integradas e de Inteligência (DIOPI), especificado do Termo de Referência"
"00047/2024";"200331 - SECRETARIA NACIONAL DE SEGURANCA PUBLICA - SENASP";"00257/2024";"03/12/2024";"23/12/2024";"23/12/2026";"57.494.031/0001-63";"COMPANHIA BRASILEIRA DE CARTUCHOS";"00034";"Projétil Munição Arma Fogo Material: Chumbo , Calibre: .40 , Tipo: Ogival , Peso: 180 G";"1450000";"1450000";"2,70";"3.915.000,00";"aquisição de munição comum e de treinamento a fim de atender a demanda da Diretoria da Força Nacional de Segurança Pública da SENASP (DFNSP) e da Diretoria de Operações Integradas e de Inteligência (DIOPI), especificado do Termo de Referência"
"00047/2024";"200331 - SECRETARIA NACIONAL DE SEGURANCA PUBLICA - SENASP";"00257/2024";"03/12/2024";"23/12/2024";"23/12/2026";"57.494.031/0001-63";"COMPANHIA BRASILEIRA DE CARTUCHOS";"00036";"Projétil Munição Arma Fogo Material: Chumbo , Calibre: .40 , Tipo: Ogival , Peso: 180 G";"850000";"850000";"2,87";"2.439.500,00";"aquisição de munição comum e de treinamento a fim de atender a demanda da Diretoria da Força Nacional de Segurança Pública da SENASP (DFNSP) e da Diretoria de Operações Integradas e de Inteligência (DIOPI), especificado do Termo de Referência"
"00047/2024";"200331 - SECRETARIA NACIONAL DE SEGURANCA PUBLICA - SENASP";"00257/2024";"03/12/2024";"23/12/2024";"23/12/2026";"57.494.031/0001-63";"COMPANHIA BRASILEIRA DE CARTUCHOS";"00038";"Projétil Munição Arma Fogo Material: Chumbo , Calibre: .40 , Tipo: Ogival , Peso: 180 G";"31000";"31000";"3,15";"97.650,00";"aquisição de munição comum e de treinamento a fim de atender a demanda da Diretoria da Força Nacional de Segurança Pública da SENASP (DFNSP) e da Diretoria de Operações Integradas e de Inteligência (DIOPI), especificado do Termo de Referência"
"00047/2024";"200331 - SECRETARIA NACIONAL DE SEGURANCA PUBLICA - SENASP";"00257/2024";"03/12/2024";"23/12/2024";"23/12/2026";"57.494.031/0001-63";"COMPANHIA BRASILEIRA DE CARTUCHOS";"00040";"Projétil Munição Arma Fogo Material: Chumbo , Calibre: .40 , Tipo: Ogival , Peso: 180 G";"68000";"68000";"3,54";"240.720,00";"aquisição de munição comum e de treinamento a fim de atender a demanda da Diretoria da Força Nacional de Segurança Pública da SENASP (DFNSP) e da Diretoria de Operações Integradas e de Inteligência (DIOPI), especificado do Termo de Referência"
"00047/2024";"200331 - SECRETARIA NACIONAL DE SEGURANCA PUBLICA - SENASP";"00257/2024";"03/12/2024";"23/12/2024";"23/12/2026";"57.494.031/0001-63";"COMPANHIA BRASILEIRA DE CARTUCHOS";"00042";"Projétil Munição Arma Fogo Material: Chumbo , Calibre: .40 , Tipo: Ogival , Peso: 180 G";"1403000";"1403000";"3,63";"5.092.890,00";"aquisição de munição comum e de treinamento a fim de atender a demanda da Diretoria da Força Nacional de Segurança Pública da SENASP (DFNSP) e da Diretoria de Operações Integradas e de Inteligência (DIOPI), especificado do Termo de Referência"
"00047/2024";"200331 - SECRETARIA NACIONAL DE SEGURANCA PUBLICA - SENASP";"00257/2024";"03/12/2024";"23/12/2024";"23/12/2026";"57.494.031/0001-63";"COMPANHIA BRASILEIRA DE CARTUCHOS";"00044";"Projétil Munição Arma Fogo Material: Chumbo , Calibre: .40 , Tipo: Ogival , Peso: 180 G";"520000";"520000";"3,78";"1.965.600,00";"aquisição de munição comum e de treinamento a fim de atender a demanda da Diretoria da Força Nacional de Segurança Pública da SENASP (DFNSP) e da Diretoria de Operações Integradas e de Inteligência (DIOPI), especificado do Termo de Referência"
"00047/2024";"200331 - SECRETARIA NACIONAL DE SEGURANCA PUBLICA - SENASP";"00257/2024";"03/12/2024";"23/12/2024";"23/12/2026";"57.494.031/0001-63";"COMPANHIA BRASILEIRA DE CARTUCHOS";"00046";"Projetil E Componentes Munição Até 30mm Nome: Projetil E Componentes Munição Até 30mm: Munição Bonded .40 S&W EXPO 180gr";"105000";"105000";"4,65";"488.250,00";"aquisição de munição comum e de treinamento a fim de atender a demanda da Diretoria da Força Nacional de Segurança Pública da SENASP (DFNSP) e da Diretoria de Operações Integradas e de Inteligência (DIOPI), especificado do Termo de Referência"
"00047/2024";"200331 - SECRETARIA NACIONAL DE SEGURANCA PUBLICA - SENASP";"00257/2024";"03/12/2024";"23/12/2024";"23/12/2026";"57.494.031/0001-63";"COMPANHIA BRASILEIRA DE CARTUCHOS";"00048";"Projetil E Componentes Munição Até 30mm Nome: Projetil E Componentes Munição Até 30mm: Munição Bonded .40 S&W EXPO 180gr.";"500000";"500000";"4,94";"2.470.000,00";"aquisição de munição comum e de treinamento a fim de atender a demanda da Diretoria da Força Nacional de Segurança Pública da SENASP (DFNSP) e da Diretoria de Operações Integradas e de Inteligência (DIOPI), especificado do Termo de Referência"
"00047/2024";"200331 - SECRETARIA NACIONAL DE SEGURANCA PUBLICA - SENASP";"00257/2024";"03/12/2024";"23/12/2024";"23/12/2026";"57.494.031/0001-63";"COMPANHIA BRASILEIRA DE CARTUCHOS";"00050";"Projetil E Componentes Munição Até 30mm Nome: Projetil E Componentes Munição Até 30mm: Munição Bonded .40 S&W EXPO 180gr.";"221000";"221000";"5,77";"1.275.170,00";"aquisição de munição comum e de treinamento a fim de atender a demanda da Diretoria da Força Nacional de Segurança Pública da SENASP (DFNSP) e da Diretoria de Operações Integradas e de Inteligência (DIOPI), especificado do Termo de Referência"
"00047/2024";"200331 - SECRETARIA NACIONAL DE SEGURANCA PUBLICA - SENASP";"00257/2024";"03/12/2024";"23/12/2024";"23/12/2026";"57.494.031/0001-63";"COMPANHIA BRASILEIRA DE CARTUCHOS";"00052";"Projetil E Componentes Munição Até 30mm Nome: Projetil E Componentes Munição Até 30mm: Munição Bonded .40 S&W EXPO 180gr";"15000";"15000";"6,04";"90.600,00";"aquisição de munição comum e de treinamento a fim de atender a demanda da Diretoria da Força Nacional de Segurança Pública da SENASP (DFNSP) e da Diretoria de Operações Integradas e de Inteligência (DIOPI), especificado do Termo de Referência"
"00047/2024";"200331 - SECRETARIA NACIONAL DE SEGURANCA PUBLICA - SENASP";"00257/2024";"03/12/2024";"23/12/2024";"23/12/2026";"57.494.031/0001-63";"COMPANHIA BRASILEIRA DE CARTUCHOS";"00054";"Projetil E Componentes Munição Até 30mm Nome: Projetil E Componentes Munição Até 30mm: Munição Bonded .40 S&W EXPO 180gr.";"644000";"644000";"6,15";"3.960.600,00";"aquisição de munição comum e de treinamento a fim de atender a demanda da Diretoria da Força Nacional de Segurança Pública da SENASP (DFNSP) e da Diretoria de Operações Integradas e de Inteligência (DIOPI), especificado do Termo de Referência"
"00047/2024";"200331 - SECRETARIA NACIONAL DE SEGURANCA PUBLICA - SENASP";"00257/2024";"03/12/2024";"23/12/2024";"23/12/2026";"57.494.031/0001-63";"COMPANHIA BRASILEIRA DE CARTUCHOS";"00056";"Projetil E Componentes Munição Até 30mm Nome: Projetil E Componentes Munição Até 30mm: Munição Bonded .40 S&W EXPO 180gr.";"340000";"340000";"6,35";"2.159.000,00";"aquisição de munição comum e de treinamento a fim de atender a demanda da Diretoria da Força Nacional de Segurança Pública da SENASP (DFNSP) e da Diretoria de Operações Integradas e de Inteligência (DIOPI), especificado do Termo de Referência"
"00047/2024";"200331 - SECRETARIA NACIONAL DE SEGURANCA PUBLICA - SENASP";"00257/2024";"03/12/2024";"23/12/2024";"23/12/2026";"57.494.031/0001-63";"COMPANHIA BRASILEIRA DE CARTUCHOS";"00058";"Projétil Munição Arma Fogo Material: Chumbo , Calibre: 5.56 X 45 MM, Tipo: Comum , Peso: 55 GR, Aplicação: Fuzil E Metralhadora";"486000";"486000";"3,30";"1.603.800,00";"aquisição de munição comum e de treinamento a fim de atender a demanda da Diretoria da Força Nacional de Segurança Pública da SENASP (DFNSP) e da Diretoria de Operações Integradas e de Inteligência (DIOPI), especificado do Termo de Referência"
"00047/2024";"200331 - SECRETARIA NACIONAL DE SEGURANCA PUBLICA - SENASP";"00257/2024";"03/12/2024";"23/12/2024";"23/12/2026";"57.494.031/0001-63";"COMPANHIA BRASILEIRA DE CARTUCHOS";"00060";"Projétil Munição Arma Fogo Material: Chumbo , Calibre: 5.56 X 45 MM, Tipo: Comum , Peso: 55 GR, Aplicação: Fuzil E Metralhadora";"760000";"760000";"3,70";"2.812.000,00";"aquisição de munição comum e de treinamento a fim de atender a demanda da Diretoria da Força Nacional de Segurança Pública da SENASP (DFNSP) e da Diretoria de Operações Integradas e de Inteligência (DIOPI), especificado do Termo de Referência"
"00047/2024";"200331 - SECRETARIA NACIONAL DE SEGURANCA PUBLICA - SENASP";"00257/2024";"03/12/2024";"23/12/2024";"23/12/2026";"57.494.031/0001-63";"COMPANHIA BRASILEIRA DE CARTUCHOS";"00062";"Projétil Munição Arma Fogo Material: Chumbo , Calibre: 5.56 X 45 MM, Tipo: Comum , Peso: 55 GR, Aplicação: Fuzil E Metralhadora";"1526000";"1526000";"4,11";"6.271.860,00";"aquisição de munição comum e de treinamento a fim de atender a demanda da Diretoria da Força Nacional de Segurança Pública da SENASP (DFNSP) e da Diretoria de Operações Integradas e de Inteligência (DIOPI), especificado do Termo de Referência"
"00047/2024";"200331 - SECRETARIA NACIONAL DE SEGURANCA PUBLICA - SENASP";"00257/2024";"03/12/2024";"23/12/2024";"23/12/2026";"57.494.031/0001-63";"COMPANHIA BRASILEIRA DE CARTUCHOS";"00064";"Projétil Munição Arma Fogo Material: Chumbo , Calibre: 5.56 X 45 MM, Tipo: Comum , Peso: 55 GR, Aplicação: Fuzil E Metralhadora";"270000";"270000";"4,30";"1.161.000,00";"aquisição de munição comum e de treinamento a fim de atender a demanda da Diretoria da Força Nacional de Segurança Pública da SENASP (DFNSP) e da Diretoria de Operações Integradas e de Inteligência (DIOPI), especificado do Termo de Referência"
"00047/2024";"200331 - SECRETARIA NACIONAL DE SEGURANCA PUBLICA - SENASP";"00257/2024";"03/12/2024";"23/12/2024";"23/12/2026";"57.494.031/0001-63";"COMPANHIA BRASILEIRA DE CARTUCHOS";"00066";"Projétil Munição Arma Fogo Material: Chumbo , Calibre: 5.56 X 45 MM, Tipo: Comum , Peso: 55 GR, Aplicação: Fuzil E Metralhadora";"2208000";"2208000";"4,37";"9.648.960,00";"aquisição de munição comum e de treinamento a fim de atender a demanda da Diretoria da Força Nacional de Segurança Pública da SENASP (DFNSP) e da Diretoria de Operações Integradas e de Inteligência (DIOPI), especificado do Termo de Referência"
"00047/2024";"200331 - SECRETARIA NACIONAL DE SEGURANCA PUBLICA - SENASP";"00257/2024";"03/12/2024";"23/12/2024";"23/12/2026";"57.494.031/0001-63";"COMPANHIA BRASILEIRA DE CARTUCHOS";"00068";"Projétil Munição Arma Fogo Material: Chumbo , Calibre: 5.56 X 45 MM, Tipo: Comum , Peso: 55 GR, Aplicação: Fuzil E Metralhadora";"180000";"180000";"4,52";"813.600,00";"aquisição de munição comum e de treinamento a fim de atender a demanda da Diretoria da Força Nacional de Segurança Pública da SENASP (DFNSP) e da Diretoria de Operações Integradas e de Inteligência (DIOPI), especificado do Termo de Referência"
"00047/2024";"200331 - SECRETARIA NACIONAL DE SEGURANCA PUBLICA - SENASP";"00257/2024";"03/12/2024";"23/12/2024";"23/12/2026";"57.494.031/0001-63";"COMPANHIA BRASILEIRA DE CARTUCHOS";"00070";"Projétil Munição Arma Fogo Material: Chumbo , Calibre: 7,62 X 51 , Tipo: Comum , Aplicação: Fuzil";"127000";"127000";"4,28";"543.560,00";"aquisição de munição comum e de treinamento a fim de atender a demanda da Diretoria da Força Nacional de Segurança Pública da SENASP (DFNSP) e da Diretoria de Operações Integradas e de Inteligência (DIOPI), especificado do Termo de Referência"
"00047/2024";"200331 - SECRETARIA NACIONAL DE SEGURANCA PUBLICA - SENASP";"00257/2024";"03/12/2024";"23/12/2024";"23/12/2026";"57.494.031/0001-63";"COMPANHIA BRASILEIRA DE CARTUCHOS";"00072";"Projétil Munição Arma Fogo Material: Chumbo , Calibre: 7,62 X 51 , Tipo: Comum , Aplicação: Fuzil";"390000";"390000";"4,56";"1.778.400,00";"aquisição de munição comum e de treinamento a fim de atender a demanda da Diretoria da Força Nacional de Segurança Pública da SENASP (DFNSP) e da Diretoria de Operações Integradas e de Inteligência (DIOPI), especificado do Termo de Referência"
"00047/2024";"200331 - SECRETARIA NACIONAL DE SEGURANCA PUBLICA - SENASP";"00257/2024";"03/12/2024";"23/12/2024";"23/12/2026";"57.494.031/0001-63";"COMPANHIA BRASILEIRA DE CARTUCHOS";"00075";"Projétil Munição Arma Fogo Material: Chumbo , Calibre: 7,62 X 51 , Tipo: Comum , Aplicação: Fuzil";"600000";"600000";"5,49";"3.294.000,00";"aquisição de munição comum e de treinamento a fim de atender a demanda da Diretoria da Força Nacional de Segurança Pública da SENASP (DFNSP) e da Diretoria de Operações Integradas e de Inteligência (DIOPI), especificado do Termo de Referência"
"00047/2024";"200331 - SECRETARIA NACIONAL DE SEGURANCA PUBLICA - SENASP";"00257/2024";"03/12/2024";"23/12/2024";"23/12/2026";"57.494.031/0001-63";"COMPANHIA BRASILEIRA DE CARTUCHOS";"00077";"Projétil Munição Arma Fogo Material: Chumbo , Calibre: 7,62 X 51 , Tipo: Comum , Aplicação: Fuzil";"1782000";"1782000";"5,62";"10.014.840,00";"aquisição de munição comum e de treinamento a fim de atender a demanda da Diretoria da Força Nacional de Segurança Pública da SENASP (DFNSP) e da Diretoria de Operações Integradas e de Inteligência (DIOPI), especificado do Termo de Referência"
"00047/2024";"200331 - SECRETARIA NACIONAL DE SEGURANCA PUBLICA - SENASP";"00257/2024";"03/12/2024";"23/12/2024";"23/12/2026";"57.494.031/0001-63";"COMPANHIA BRASILEIRA DE CARTUCHOS";"00079";"Projétil Munição Arma Fogo Material: Chumbo , Calibre: 7,62 X 51 , Tipo: Comum , Aplicação: Fuzil";"54000";"54000";"5,76";"311.040,00";"aquisição de munição comum e de treinamento a fim de atender a demanda da Diretoria da Força Nacional de Segurança Pública da SENASP (DFNSP) e da Diretoria de Operações Integradas e de Inteligência (DIOPI), especificado do Termo de Referência"
"00047/2024";"200331 - SECRETARIA NACIONAL DE SEGURANCA PUBLICA - SENASP";"00257/2024";"03/12/2024";"23/12/2024";"23/12/2026";"57.494.031/0001-63";"COMPANHIA BRASILEIRA DE CARTUCHOS";"00074";"Projétil Munição Arma Fogo Material: Chumbo , Calibre: 7,62 X 51 , Tipo: Comum , Aplicação: Fuzil";"571000";"571000";"5,32";"3.037.720,00";"aquisição de munição comum e de treinamento a fim de atender a demanda da Diretoria da Força Nacional de Segurança Pública da SENASP (DFNSP) e da Diretoria de Operações Integradas e de Inteligência (DIOPI), especificado do Termo de Referência"
"00047/2024";"200331 - SECRETARIA NACIONAL DE SEGURANCA PUBLICA - SENASP";"00257/2024";"03/12/2024";"23/12/2024";"23/12/2026";"57.494.031/0001-63";"COMPANHIA BRASILEIRA DE CARTUCHOS";"00076";"Projétil Munição Arma Fogo Material: Chumbo , Calibre: 7,62 X 51 , Tipo: Comum , Aplicação: Fuzil";"80000";"80000";"5,57";"445.600,00";"aquisição de munição comum e de treinamento a fim de atender a demanda da Diretoria da Força Nacional de Segurança Pública da SENASP (DFNSP) e da Diretoria de Operações Integradas e de Inteligência (DIOPI), especificado do Termo de Referência"
"00047/2024";"200331 - SECRETARIA NACIONAL DE SEGURANCA PUBLICA - SENASP";"00257/2024";"03/12/2024";"23/12/2024";"23/12/2026";"57.494.031/0001-63";"COMPANHIA BRASILEIRA DE CARTUCHOS";"00078";"Projétil Munição Arma Fogo Material: Chumbo , Calibre: 7,62 X 51 , Tipo: Comum , Aplicação: Fuzil";"1252000";"1252000";"5,67";"7.098.840,00";"aquisição de munição comum e de treinamento a fim de atender a demanda da Diretoria da Força Nacional de Segurança Pública da SENASP (DFNSP) e da Diretoria de Operações Integradas e de Inteligência (DIOPI), especificado do Termo de Referência"
"00047/2024";"200331 - SECRETARIA NACIONAL DE SEGURANCA PUBLICA - SENASP";"00257/2024";"03/12/2024";"23/12/2024";"23/12/2026";"57.494.031/0001-63";"COMPANHIA BRASILEIRA DE CARTUCHOS";"00080";"Projétil Munição Arma Fogo Material: Chumbo , Calibre: 7,62 X 51 , Tipo: Comum , Aplicação: Fuzil";"110000";"110000";"5,86";"644.600,00";"aquisição de munição comum e de treinamento a fim de atender a demanda da Diretoria da Força Nacional de Segurança Pública da SENASP (DFNSP) e da Diretoria de Operações Integradas e de Inteligência (DIOPI), especificado do Termo de Referência"
"00047/2024";"200331 - SECRETARIA NACIONAL DE SEGURANCA PUBLICA - SENASP";"00257/2024";"03/12/2024";"23/12/2024";"23/12/2026";"57.494.031/0010-54";"COMPANHIA BRASILEIRA DE CARTUCHOS";"00082";"Projetil E Componentes Munição Até 30mm Nome: Projetil E Componentes Munição Até 30mm: Munição Calibre 12 Câmara 70"" - Chumbo 3T Treina.";"600000";"600000";"4,06";"2.436.000,00";"aquisição de munição comum e de treinamento a fim de atender a demanda da Diretoria da Força Nacional de Segurança Pública da SENASP (DFNSP) e da Diretoria de Operações Integradas e de Inteligência (DIOPI), especificado do Termo de Referência"
"00047/2024";"200331 - SECRETARIA NACIONAL DE SEGURANCA PUBLICA - SENASP";"00257/2024";"03/12/2024";"23/12/2024";"23/12/2026";"57.494.031/0010-54";"COMPANHIA BRASILEIRA DE CARTUCHOS";"00084";"Projetil E Componentes Munição Até 30mm Nome: Projetil E Componentes Munição Até 30mm: Munição Calibre 12 Câmara 70"" - Chumbo 3T Treina";"264000";"264000";"4,31";"1.137.840,00";"aquisição de munição comum e de treinamento a fim de atender a demanda da Diretoria da Força Nacional de Segurança Pública da SENASP (DFNSP) e da Diretoria de Operações Integradas e de Inteligência (DIOPI), especificado do Termo de Referência"
"00047/2024";"200331 - SECRETARIA NACIONAL DE SEGURANCA PUBLICA - SENASP";"00257/2024";"03/12/2024";"23/12/2024";"23/12/2026";"57.494.031/0010-54";"COMPANHIA BRASILEIRA DE CARTUCHOS";"00086";"Projetil E Componentes Munição Até 30mm Nome: Projetil E Componentes Munição Até 30mm: Munição Calibre 12 Câmara 70"" - Chumbo 3T Treina.";"60500";"60500";"4,73";"286.165,00";"aquisição de munição comum e de treinamento a fim de atender a demanda da Diretoria da Força Nacional de Segurança Pública da SENASP (DFNSP) e da Diretoria de Operações Integradas e de Inteligência (DIOPI), especificado do Termo de Referência"
"00047/2024";"200331 - SECRETARIA NACIONAL DE SEGURANCA PUBLICA - SENASP";"00257/2024";"03/12/2024";"23/12/2024";"23/12/2026";"57.494.031/0010-54";"COMPANHIA BRASILEIRA DE CARTUCHOS";"00088";"Projetil E Componentes Munição Até 30mm Nome: Projetil E Componentes Munição Até 30mm: Munição Calibre 12 Câmara 70"" - Chumbo 3T Treina.";"154000";"154000";"5,33";"820.820,00";"aquisição de munição comum e de treinamento a fim de atender a demanda da Diretoria da Força Nacional de Segurança Pública da SENASP (DFNSP) e da Diretoria de Operações Integradas e de Inteligência (DIOPI), especificado do Termo de Referência"
"00047/2024";"200331 - SECRETARIA NACIONAL DE SEGURANCA PUBLICA - SENASP";"00257/2024";"03/12/2024";"23/12/2024";"23/12/2026";"57.494.031/0010-54";"COMPANHIA BRASILEIRA DE CARTUCHOS";"00090";"Projetil E Componentes Munição Até 30mm Nome: Projetil E Componentes Munição Até 30mm: Munição Calibre 12 Câmara 70"" - Chumbo 3T Treina.";"50000";"50000";"5,46";"273.000,00";"aquisição de munição comum e de treinamento a fim de atender a demanda da Diretoria da Força Nacional de Segurança Pública da SENASP (DFNSP) e da Diretoria de Operações Integradas e de Inteligência (DIOPI), especificado do Termo de Referência"
"00047/2024";"200331 - SECRETARIA NACIONAL DE SEGURANCA PUBLICA - SENASP";"00257/2024";"03/12/2024";"23/12/2024";"23/12/2026";"57.494.031/0010-54";"COMPANHIA BRASILEIRA DE CARTUCHOS";"00092";"Projetil E Componentes Munição Até 30mm Nome: Projetil E Componentes Munição Até 30mm: Munição Calibre 12 Câmara 70"" - Chumbo 3T Treina";"94000";"94000";"5,59";"525.460,00";"aquisição de munição comum e de treinamento a fim de atender a demanda da Diretoria da Força Nacional de Segurança Pública da SENASP (DFNSP) e da Diretoria de Operações Integradas e de Inteligência (DIOPI), especificado do Termo de Referência"
"00047/2024";"200331 - SECRETARIA NACIONAL DE SEGURANCA PUBLICA - SENASP";"00257/2024";"03/12/2024";"23/12/2024";"23/12/2026";"57.494.031/0010-54";"COMPANHIA BRASILEIRA DE CARTUCHOS";"00094";"Projetil E Componentes Munição Até 30mm Nome: Projetil E Componentes Munição Até 30mm: Munição Knock SLUG Calibre 12 Câmara 70"" - balote singular foster 28g.";"50000";"50000";"5,76";"288.000,00";"aquisição de munição comum e de treinamento a fim de atender a demanda da Diretoria da Força Nacional de Segurança Pública da SENASP (DFNSP) e da Diretoria de Operações Integradas e de Inteligência (DIOPI), especificado do Termo de Referência"
"00047/2024";"200331 - SECRETARIA NACIONAL DE SEGURANCA PUBLICA - SENASP";"00257/2024";"03/12/2024";"23/12/2024";"23/12/2026";"57.494.031/0010-54";"COMPANHIA BRASILEIRA DE CARTUCHOS";"00096";"Projetil E Componentes Munição Até 30mm Nome: Projetil E Componentes Munição Até 30mm: Munição Knock SLUG Calibre 12 Câmara 70"" - balote singular foster 28g.";"54000";"54000";"6,39";"345.060,00";"aquisição de munição comum e de treinamento a fim de atender a demanda da Diretoria da Força Nacional de Segurança Pública da SENASP (DFNSP) e da Diretoria de Operações Integradas e de Inteligência (DIOPI), especificado do Termo de Referência"
"00047/2024";"200331 - SECRETARIA NACIONAL DE SEGURANCA PUBLICA - SENASP";"00257/2024";"03/12/2024";"23/12/2024";"23/12/2026";"57.494.031/0010-54";"COMPANHIA BRASILEIRA DE CARTUCHOS";"00098";"Projetil E Componentes Munição Até 30mm Nome: Projetil E Componentes Munição Até 30mm: Munição Knock SLUG Calibre 12 Câmara 70"" - balote singular foster 28g.";"22000";"22000";"6,81";"149.820,00";"aquisição de munição comum e de treinamento a fim de atender a demanda da Diretoria da Força Nacional de Segurança Pública da SENASP (DFNSP) e da Diretoria de Operações Integradas e de Inteligência (DIOPI), especificado do Termo de Referência"
"00047/2024";"200331 - SECRETARIA NACIONAL DE SEGURANCA PUBLICA - SENASP";"00257/2024";"03/12/2024";"23/12/2024";"23/12/2026";"57.494.031/0010-54";"COMPANHIA BRASILEIRA DE CARTUCHOS";"00100";"Projetil E Componentes Munição Até 30mm Nome: Projetil E Componentes Munição Até 30mm: Munição Knock SLUG Calibre 12 Câmara 70"" - balote singular foster 28g.";"263000";"263000";"7,95";"2.090.850,00";"aquisição de munição comum e de treinamento a fim de atender a demanda da Diretoria da Força Nacional de Segurança Pública da SENASP (DFNSP) e da Diretoria de Operações Integradas e de Inteligência (DIOPI), especificado do Termo de Referência"
"00047/2024";"200331 - SECRETARIA NACIONAL DE SEGURANCA PUBLICA - SENASP";"00257/2024";"03/12/2024";"23/12/2024";"23/12/2026";"57.494.031/0010-54";"COMPANHIA BRASILEIRA DE CARTUCHOS";"00102";"Projetil E Componentes Munição Até 30mm Nome: Projetil E Componentes Munição Até 30mm: Munição Knock SLUG Calibre 12 Câmara 70"" - balote singular foster 28g.";"30000";"30000";"8,33";"249.900,00";"aquisição de munição comum e de treinamento a fim de atender a demanda da Diretoria da Força Nacional de Segurança Pública da SENASP (DFNSP) e da Diretoria de Operações Integradas e de Inteligência (DIOPI), especificado do Termo de Referência"
"00047/2024";"200331 - SECRETARIA NACIONAL DE SEGURANCA PUBLICA - SENASP";"00257/2024";"03/12/2024";"23/12/2024";"23/12/2026";"57.494.031/0010-54";"COMPANHIA BRASILEIRA DE CARTUCHOS";"00104";"Projetil E Componentes Munição Até 30mm Nome: Projetil E Componentes Munição Até 30mm: Munição Knock SLUG Calibre 12 Câmara 70"" - balote singular foster 28g.";"258000";"258000";"8,46";"2.182.680,00";"aquisição de munição comum e de treinamento a fim de atender a demanda da Diretoria da Força Nacional de Segurança Pública da SENASP (DFNSP) e da Diretoria de Operações Integradas e de Inteligência (DIOPI), especificado do Termo de Referência"
"00047/2024";"200331 - SECRETARIA NACIONAL DE SEGURANCA PUBLICA - SENASP";"00257/2024";"03/12/2024";"23/12/2024";"23/12/2026";"57.494.031/0010-54";"COMPANHIA BRASILEIRA DE CARTUCHOS";"00106";"Projetil E Componentes Munição Até 30mm Nome: Projetil E Componentes Munição Até 30mm: Munição cal. 12 câmara 70"" - Chumbo SG 32g.";"228000";"228000";"5,10";"1.162.800,00";"aquisição de munição comum e de treinamento a fim de atender a demanda da Diretoria da Força Nacional de Segurança Pública da SENASP (DFNSP) e da Diretoria de Operações Integradas e de Inteligência (DIOPI), especificado do Termo de Referência"
"00047/2024";"200331 - SECRETARIA NACIONAL DE SEGURANCA PUBLICA - SENASP";"00257/2024";"03/12/2024";"23/12/2024";"23/12/2026";"57.494.031/0010-54";"COMPANHIA BRASILEIRA DE CARTUCHOS";"00108";"Projetil E Componentes Munição Até 30mm Nome: Projetil E Componentes Munição Até 30mm: Munição cal. 12 câmara 70"" - Chumbo SG 32g.";"65000";"65000";"5,42";"352.300,00";"aquisição de munição comum e de treinamento a fim de atender a demanda da Diretoria da Força Nacional de Segurança Pública da SENASP (DFNSP) e da Diretoria de Operações Integradas e de Inteligência (DIOPI), especificado do Termo de Referência"
"00047/2024";"200331 - SECRETARIA NACIONAL DE SEGURANCA PUBLICA - SENASP";"00257/2024";"03/12/2024";"23/12/2024";"23/12/2026";"57.494.031/0010-54";"COMPANHIA BRASILEIRA DE CARTUCHOS";"00110";"Projetil E Componentes Munição Até 30mm Nome: Projetil E Componentes Munição Até 30mm: Munição cal. 12 câmara 70"" - Chumbo SG 32g.";"20750";"20750";"5,95";"123.462,50";"aquisição de munição comum e de treinamento a fim de atender a demanda da Diretoria da Força Nacional de Segurança Pública da SENASP (DFNSP) e da Diretoria de Operações Integradas e de Inteligência (DIOPI), especificado do Termo de Referência"
"00047/2024";"200331 - SECRETARIA NACIONAL DE SEGURANCA PUBLICA - SENASP";"00257/2024";"03/12/2024";"23/12/2024";"23/12/2026";"57.494.031/0010-54";"COMPANHIA BRASILEIRA DE CARTUCHOS";"00112";"Projetil E Componentes Munição Até 30mm Nome: Projetil E Componentes Munição Até 30mm: Munição cal. 12 câmara 70"" - Chumbo SG 32g.";"8000";"8000";"6,85";"54.800,00";"aquisição de munição comum e de treinamento a fim de atender a demanda da Diretoria da Força Nacional de Segurança Pública da SENASP (DFNSP) e da Diretoria de Operações Integradas e de Inteligência (DIOPI), especificado do Termo de Referência"
"00047/2024";"200331 - SECRETARIA NACIONAL DE SEGURANCA PUBLICA - SENASP";"00257/2024";"03/12/2024";"23/12/2024";"23/12/2026";"57.494.031/0010-54";"COMPANHIA BRASILEIRA DE CARTUCHOS";"00114";"Projetil E Componentes Munição Até 30mm Nome: Projetil E Componentes Munição Até 30mm: Munição cal. 12 câmara 70"" - Chumbo SG 32g";"64000";"64000";"7,02";"449.280,00";"aquisição de munição comum e de treinamento a fim de atender a demanda da Diretoria da Força Nacional de Segurança Pública da SENASP (DFNSP) e da Diretoria de Operações Integradas e de Inteligência (DIOPI), especificado do Termo de Referência"
"00047/2024";"200331 - SECRETARIA NACIONAL DE SEGURANCA PUBLICA - SENASP";"00257/2024";"03/12/2024";"23/12/2024";"23/12/2026";"57.494.031/0010-54";"COMPANHIA BRASILEIRA DE CARTUCHOS";"00116";"material: chumbo, calibre: .40, tipo: ogival, peso: 180";"3643000";"3643000";"3,66";"13.333.380,00";"aquisição de munição comum e de treinamento a fim de atender a demanda da Diretoria da Força Nacional de Segurança Pública da SENASP (DFNSP) e da Diretoria de Operações Integradas e de Inteligência (DIOPI), especificado do Termo de Referência"
"00047/2024";"200331 - SECRETARIA NACIONAL DE SEGURANCA PUBLICA - SENASP";"00257/2024";"03/12/2024";"23/12/2024";"23/12/2026";"57.494.031/0010-54";"COMPANHIA BRASILEIRA DE CARTUCHOS";"00081";"Projetil E Componentes Munição Até 30mm Nome: Projetil E Componentes Munição Até 30mm: Munição Calibre 12 Câmara 70"" - Chumbo 3T Treina.";"100000";"100000";"3,74";"374.000,00";"aquisição de munição comum e de treinamento a fim de atender a demanda da Diretoria da Força Nacional de Segurança Pública da SENASP (DFNSP) e da Diretoria de Operações Integradas e de Inteligência (DIOPI), especificado do Termo de Referência"
"00047/2024";"200331 - SECRETARIA NACIONAL DE SEGURANCA PUBLICA - SENASP";"00257/2024";"03/12/2024";"23/12/2024";"23/12/2026";"57.494.031/0010-54";"COMPANHIA BRASILEIRA DE CARTUCHOS";"00083";"Projetil E Componentes Munição Até 30mm Nome: Projetil E Componentes Munição Até 30mm: Munição Calibre 12 Câmara 70"" - Chumbo 3T Treina.";"100000";"100000";"4,15";"415.000,00";"aquisição de munição comum e de treinamento a fim de atender a demanda da Diretoria da Força Nacional de Segurança Pública da SENASP (DFNSP) e da Diretoria de Operações Integradas e de Inteligência (DIOPI), especificado do Termo de Referência"
"00047/2024";"200331 - SECRETARIA NACIONAL DE SEGURANCA PUBLICA - SENASP";"00257/2024";"03/12/2024";"23/12/2024";"23/12/2026";"57.494.031/0010-54";"COMPANHIA BRASILEIRA DE CARTUCHOS";"00085";"Projetil E Componentes Munição Até 30mm Nome: Projetil E Componentes Munição Até 30mm: Munição Calibre 12 Câmara 70"" - Chumbo 3T Treina";"21000";"21000";"4,43";"93.030,00";"aquisição de munição comum e de treinamento a fim de atender a demanda da Diretoria da Força Nacional de Segurança Pública da SENASP (DFNSP) e da Diretoria de Operações Integradas e de Inteligência (DIOPI), especificado do Termo de Referência"
"00047/2024";"200331 - SECRETARIA NACIONAL DE SEGURANCA PUBLICA - SENASP";"00257/2024";"03/12/2024";"23/12/2024";"23/12/2026";"57.494.031/0010-54";"COMPANHIA BRASILEIRA DE CARTUCHOS";"00087";"Projetil E Componentes Munição Até 30mm Nome: Projetil E Componentes Munição Até 30mm: Munição Calibre 12 Câmara 70"" - Chumbo 3T Treina.";"363750";"363750";"5,16";"1.876.950,00";"aquisição de munição comum e de treinamento a fim de atender a demanda da Diretoria da Força Nacional de Segurança Pública da SENASP (DFNSP) e da Diretoria de Operações Integradas e de Inteligência (DIOPI), especificado do Termo de Referência"
"00047/2024";"200331 - SECRETARIA NACIONAL DE SEGURANCA PUBLICA - SENASP";"00257/2024";"03/12/2024";"23/12/2024";"23/12/2026";"57.494.031/0010-54";"COMPANHIA BRASILEIRA DE CARTUCHOS";"00089";"Projetil E Componentes Munição Até 30mm Nome: Projetil E Componentes Munição Até 30mm: Munição Calibre 12 Câmara 70"" - Chumbo 3T Treina";"70000";"70000";"5,41";"378.700,00";"aquisição de munição comum e de treinamento a fim de atender a demanda da Diretoria da Força Nacional de Segurança Pública da SENASP (DFNSP) e da Diretoria de Operações Integradas e de Inteligência (DIOPI), especificado do Termo de Referência"
"00047/2024";"200331 - SECRETARIA NACIONAL DE SEGURANCA PUBLICA - SENASP";"00257/2024";"03/12/2024";"23/12/2024";"23/12/2026";"57.494.031/0010-54";"COMPANHIA BRASILEIRA DE CARTUCHOS";"00091";"Projetil E Componentes Munição Até 30mm Nome: Projetil E Componentes Munição Até 30mm: Munição Calibre 12 Câmara 70"" - Chumbo 3T Treina.";"554250";"554250";"5,50";"3.048.375,00";"aquisição de munição comum e de treinamento a fim de atender a demanda da Diretoria da Força Nacional de Segurança Pública da SENASP (DFNSP) e da Diretoria de Operações Integradas e de Inteligência (DIOPI), especificado do Termo de Referência"
"00047/2024";"200331 - SECRETARIA NACIONAL DE SEGURANCA PUBLICA - SENASP";"00257/2024";"03/12/2024";"23/12/2024";"23/12/2026";"57.494.031/0010-54";"COMPANHIA BRASILEIRA DE CARTUCHOS";"00093";"Projetil E Componentes Munição Até 30mm Nome: Projetil E Componentes Munição Até 30mm: Munição Calibre 12 Câmara 70"" - Chumbo 3T Treina.";"430000";"430000";"5,69";"2.446.700,00";"aquisição de munição comum e de treinamento a fim de atender a demanda da Diretoria da Força Nacional de Segurança Pública da SENASP (DFNSP) e da Diretoria de Operações Integradas e de Inteligência (DIOPI), especificado do Termo de Referência"
"00047/2024";"200331 - SECRETARIA NACIONAL DE SEGURANCA PUBLICA - SENASP";"00257/2024";"03/12/2024";"23/12/2024";"23/12/2026";"57.494.031/0010-54";"COMPANHIA BRASILEIRA DE CARTUCHOS";"00095";"Projetil E Componentes Munição Até 30mm Nome: Projetil E Componentes Munição Até 30mm: Munição Knock SLUG Calibre 12 Câmara 70"" - balote singular foster 28g.";"128000";"128000";"6,23";"797.440,00";"aquisição de munição comum e de treinamento a fim de atender a demanda da Diretoria da Força Nacional de Segurança Pública da SENASP (DFNSP) e da Diretoria de Operações Integradas e de Inteligência (DIOPI), especificado do Termo de Referência"
"00047/2024";"200331 - SECRETARIA NACIONAL DE SEGURANCA PUBLICA - SENASP";"00257/2024";"03/12/2024";"23/12/2024";"23/12/2026";"57.494.031/0010-54";"COMPANHIA BRASILEIRA DE CARTUCHOS";"00097";"Projetil E Componentes Munição Até 30mm Nome: Projetil E Componentes Munição Até 30mm:Munição Knock SLUG Calibre 12 Câmara 70"" - balote singular foster 28g.";"128000";"128000";"6,63";"848.640,00";"aquisição de munição comum e de treinamento a fim de atender a demanda da Diretoria da Força Nacional de Segurança Pública da SENASP (DFNSP) e da Diretoria de Operações Integradas e de Inteligência (DIOPI), especificado do Termo de Referência"
"00047/2024";"200331 - SECRETARIA NACIONAL DE SEGURANCA PUBLICA - SENASP";"00257/2024";"03/12/2024";"23/12/2024";"23/12/2026";"57.494.031/0010-54";"COMPANHIA BRASILEIRA DE CARTUCHOS";"00099";"Projetil E Componentes Munição Até 30mm Nome: Projetil E Componentes Munição Até 30mm: Munição Knock SLUG Calibre 12 Câmara 70"" - balote singular foster 28g.";"20500";"20500";"7,29";"149.445,00";"aquisição de munição comum e de treinamento a fim de atender a demanda da Diretoria da Força Nacional de Segurança Pública da SENASP (DFNSP) e da Diretoria de Operações Integradas e de Inteligência (DIOPI), especificado do Termo de Referência"
"00047/2024";"200331 - SECRETARIA NACIONAL DE SEGURANCA PUBLICA - SENASP";"00257/2024";"03/12/2024";"23/12/2024";"23/12/2026";"57.494.031/0010-54";"COMPANHIA BRASILEIRA DE CARTUCHOS";"00101";"Projetil E Componentes Munição Até 30mm Nome: Projetil E Componentes Munição Até 30mm: Munição Knock SLUG Calibre 12 Câmara 70"" - balote singular foster 28g.";"110000";"110000";"8,20";"902.000,00";"aquisição de munição comum e de treinamento a fim de atender a demanda da Diretoria da Força Nacional de Segurança Pública da SENASP (DFNSP) e da Diretoria de Operações Integradas e de Inteligência (DIOPI), especificado do Termo de Referência"
"00047/2024";"200331 - SECRETARIA NACIONAL DE SEGURANCA PUBLICA - SENASP";"00257/2024";"03/12/2024";"23/12/2024";"23/12/2026";"57.494.031/0010-54";"COMPANHIA BRASILEIRA DE CARTUCHOS";"00103";"Projetil E Componentes Munição Até 30mm Nome: Projetil E Componentes Munição Até 30mm: Munição Knock SLUG Calibre 12 Câmara 70"" - balote singular foster 28g.";"8000";"8000";"8,39";"67.120,00";"aquisição de munição comum e de treinamento a fim de atender a demanda da Diretoria da Força Nacional de Segurança Pública da SENASP (DFNSP) e da Diretoria de Operações Integradas e de Inteligência (DIOPI), especificado do Termo de Referência"
"00047/2024";"200331 - SECRETARIA NACIONAL DE SEGURANCA PUBLICA - SENASP";"00257/2024";"03/12/2024";"23/12/2024";"23/12/2026";"57.494.031/0010-54";"COMPANHIA BRASILEIRA DE CARTUCHOS";"00105";"Projetil E Componentes Munição Até 30mm Nome: Projetil E Componentes Munição Até 30mm: Munição Knock SLUG Calibre 12 Câmara 70"" - balote singular foster 28g.";"115000";"115000";"8,75";"1.006.250,00";"aquisição de munição comum e de treinamento a fim de atender a demanda da Diretoria da Força Nacional de Segurança Pública da SENASP (DFNSP) e da Diretoria de Operações Integradas e de Inteligência (DIOPI), especificado do Termo de Referência"
"00047/2024";"200331 - SECRETARIA NACIONAL DE SEGURANCA PUBLICA - SENASP";"00257/2024";"03/12/2024";"23/12/2024";"23/12/2026";"57.494.031/0010-54";"COMPANHIA BRASILEIRA DE CARTUCHOS";"00107";"Projetil E Componentes Munição Até 30mm Nome: Projetil E Componentes Munição Até 30mm: Munição cal. 12 câmara 70"" - Chumbo SG 32g";"51500";"51500";"5,22";"268.830,00";"aquisição de munição comum e de treinamento a fim de atender a demanda da Diretoria da Força Nacional de Segurança Pública da SENASP (DFNSP) e da Diretoria de Operações Integradas e de Inteligência (DIOPI), especificado do Termo de Referência"
"00047/2024";"200331 - SECRETARIA NACIONAL DE SEGURANCA PUBLICA - SENASP";"00257/2024";"03/12/2024";"23/12/2024";"23/12/2026";"57.494.031/0010-54";"COMPANHIA BRASILEIRA DE CARTUCHOS";"00109";"Projetil E Componentes Munição Até 30mm Nome: Projetil E Componentes Munição Até 30mm: Munição cal. 12 câmara 70"" - Chumbo SG 32g.";"483000";"483000";"5,56";"2.685.480,00";"aquisição de munição comum e de treinamento a fim de atender a demanda da Diretoria da Força Nacional de Segurança Pública da SENASP (DFNSP) e da Diretoria de Operações Integradas e de Inteligência (DIOPI), especificado do Termo de Referência"
"00047/2024";"200331 - SECRETARIA NACIONAL DE SEGURANCA PUBLICA - SENASP";"00257/2024";"03/12/2024";"23/12/2024";"23/12/2026";"57.494.031/0010-54";"COMPANHIA BRASILEIRA DE CARTUCHOS";"00111";"Projetil E Componentes Munição Até 30mm Nome: Projetil E Componentes Munição Até 30mm: Munição cal. 12 câmara 70"" - Chumbo SG 32g.";"199250";"199250";"6,49";"1.293.132,50";"aquisição de munição comum e de treinamento a fim de atender a demanda da Diretoria da Força Nacional de Segurança Pública da SENASP (DFNSP) e da Diretoria de Operações Integradas e de Inteligência (DIOPI), especificado do Termo de Referência"
"00047/2024";"200331 - SECRETARIA NACIONAL DE SEGURANCA PUBLICA - SENASP";"00257/2024";"03/12/2024";"23/12/2024";"23/12/2026";"57.494.031/0010-54";"COMPANHIA BRASILEIRA DE CARTUCHOS";"00113";"Projetil E Componentes Munição Até 30mm Nome: Projetil E Componentes Munição Até 30mm: Munição cal. 12 câmara 70"" - Chumbo SG 32g.";"140250";"140250";"6,91";"969.127,50";"aquisição de munição comum e de treinamento a fim de atender a demanda da Diretoria da Força Nacional de Segurança Pública da SENASP (DFNSP) e da Diretoria de Operações Integradas e de Inteligência (DIOPI), especificado do Termo de Referência"
"00047/2024";"200331 - SECRETARIA NACIONAL DE SEGURANCA PUBLICA - SENASP";"00257/2024";"03/12/2024";"23/12/2024";"23/12/2026";"57.494.031/0010-54";"COMPANHIA BRASILEIRA DE CARTUCHOS";"00115";"Projetil E Componentes Munição Até 30mm Nome: Projetil E Componentes Munição Até 30mm: Munição cal. 12 câmara 70"" - Chumbo SG 32g.";"115000";"115000";"7,14";"821.100,00";"aquisição de munição comum e de treinamento a fim de atender a demanda da Diretoria da Força Nacional de Segurança Pública da SENASP (DFNSP) e da Diretoria de Operações Integradas e de Inteligência (DIOPI), especificado do Termo de Referência"
"00047/2024";"200331 - SECRETARIA NACIONAL DE SEGURANCA PUBLICA - SENASP";"00257/2024";"03/12/2024";"23/12/2024";"23/12/2026";"04.730.121/0001-40";"ARBJI COMERCIO DE ELETRONICOS E COMPONENTES LTDA";"00003";"JOELHEIRA, MATERIAL TERMOPLÁSTICO, TIPO ARTICULADA, TAMANHO VARIADO, COR PRETA , CARACTERÍSTICAS ADICIONAIS COM AJUSTE DE TENSÃO, TIPO FORRO FORRO EM ESPUMA, TIPO FECHAMENTO CLIP DE ENGATE RÁPIDO";"14957";"14957";"91,90";"1.374.548,30";"aquisição de munição comum e de treinamento a fim de atender a demanda da Diretoria da Força Nacional de Segurança Pública da SENASP (DFNSP) e da Diretoria de Operações Integradas e de Inteligência (DIOPI), especificado do Termo de Referência"
"00074/2025";"200331 - SECRETARIA NACIONAL DE SEGURANCA PUBLICA - SENASP";"90030/2025";"23/12/2025";"24/12/2025";"23/12/2026";"53.777.835/0001-19";"FLUTSPUMA ESPUMAS INDUSTRIAIS LTDA";"00037";"FLUTUADOR DE USO PESSOAL, MATERIAL POLIETILENO, TIPO LIFE-BELT, MODELO SALSICHÃO, COR LARANJA, DIMENSÕES 1000 X 15 X 8,5 MM";"2772";"2772";"249,97";"692.916,84";"registro de preços para a eventual aquisição de rastreadores veiculares com tecnologia GSM para atender demanda da Secretaria Nacional de Segurança Pública (SENASP/MJSP) e demais órgãos de Segurança Pública partícipes,  , especificado no item 01 constante da tabela anexa ao item 1.1 do Termo de Referência (33160971), anexo do Edital do Pregão Eletrônico nº 30/2025 (33105163), que é parte integrante desta Ata."
"00074/2025";"200331 - SECRETARIA NACIONAL DE SEGURANCA PUBLICA - SENASP";"90030/2025";"23/12/2025";"24/12/2025";"23/12/2026";"13.074.840/0001-40";"TECGPS SISTEMAS DE RASTREAMENTO LTDA";"00001";"RASTREADOR, TIPO VEICULAR, ALIMENTAÇÃO 5 V, CARACTERÍSTICAS ADICIONAIS GPS GSM QUAD-BAND, COMPACTO, A PROVA D'AGUA, FIXA-";"9437";"9437";"1.040,00";"9.814.480,00";"registro de preços para a eventual aquisição de rastreadores veiculares com tecnologia GSM para atender demanda da Secretaria Nacional de Segurança Pública (SENASP/MJSP) e demais órgãos de Segurança Pública partícipes,  , especificado no item 01 constante da tabela anexa ao item 1.1 do Termo de Referência (33160971), anexo do Edital do Pregão Eletrônico nº 30/2025 (33105163), que é parte integrante desta Ata."
"00061/2024";"200331 - SECRETARIA NACIONAL DE SEGURANCA PUBLICA - SENASP";"90005/2024";"19/12/2024";"20/12/2024";"19/12/2026";"";"Ceská zbrojovka a.s.";"00003";"LANTERNA ELÉTRICA, MATERIAL ALUMÍNIO, TIPO TÁTICA, CARACTERÍSTICAS ADICIONAIS RESISTENTE A RESPINGOS DE ÁGUA, CHUVA E BARRO, APLICAÇÃO POLICIAL, TIPO LÂMPADA CREE LED Q5, ACESSÓRIOS CARREGADOR BIVOLT";"35447";"35447";"544,28";"19.293.093,16";"A presente Ata tem por objeto é o registro de preços para a aquisição de armamentos e acessórios, visando atender à demanda da Secretaria Nacional de Segurança Pública e demais órgãos participantes, especificados nos itens do Termo de Referência nº 10/2024 (27983823), anexo do Edital de Licitação PE 90005/2024 (27963927), que é parte integrante desta Ata, assim como as propostas cujos preços tenham sido registrados (28994865), independentemente de transcrição."
"00061/2024";"200331 - SECRETARIA NACIONAL DE SEGURANCA PUBLICA - SENASP";"90005/2024";"19/12/2024";"20/12/2024";"19/12/2026";"10.144.013/0001-98";"PERNAMBUCO MOTOS LTDA";"00002";"VEÍCULO TRANSPORTE PESSOAL, APLICAÇÃO MILITAR, TIPO MOTOCICLETA, CAPACIDADE TRANSPORTE PASSAGEIROS 2 UN, TRAÇÃO 2 X 1, COMBUSTÍVEL GASOLINA, CAPACIDADE TANQUE COMBUSTÍVEL 12 L";"334";"334";"51.900,00";"17.334.600,00";"A presente Ata tem por objeto é o registro de preços para a aquisição de armamentos e acessórios, visando atender à demanda da Secretaria Nacional de Segurança Pública e demais órgãos participantes, especificados nos itens do Termo de Referência nº 10/2024 (27983823), anexo do Edital de Licitação PE 90005/2024 (27963927), que é parte integrante desta Ata, assim como as propostas cujos preços tenham sido registrados (28994865), independentemente de transcrição."
"00065/2024";"200331 - SECRETARIA NACIONAL DE SEGURANCA PUBLICA - SENASP";"90023/2024";"19/12/2024";"20/12/2024";"19/12/2026";"18.272.465/0001-67";"MB COMERCIO DE MAQUINAS, FERRAMENTAS E SERVICOS LTDA";"00005";"ACESSÓRIO / PEÇA MERGULHO, TIPO CONJUNTO REGULADOR 1º E 2º ESTÁGIOSPARA MERGULHO, CARACTERíSTICAS ADICIONAIS 4 PORTAS DE BAIXA E 2 PORTAS ALTA PRESSÃO, COMPAT Í, APLICAÇÃO COLETE EQUILIBRADOR SIDEMOUNT";"1782";"1782";"2.079,06";"3.704.884,92";"A presente Ata tem por objeto o registro de preços para a eventual aquisição de equipamentos de mergulho, busca e salvamento, especificado(s) no(s) item(ns) 5 do Termo de Referência, anexo I do edital de Licitação nº 23/2024 que é parte integrante desta Ata, assim como as propostas cujos preços tenham sido registrados, independentemente de transcrição."
"00065/2024";"200331 - SECRETARIA NACIONAL DE SEGURANCA PUBLICA - SENASP";"90023/2024";"19/12/2024";"20/12/2024";"19/12/2026";"10.215.056/0001-17";"COMFORT INDUSTRIA E COMERCIO LTDA";"00001";"QUADRICICLO, POTÊNCIA MÍNIMA 26 CV, QUANTIDADE MARCHAS 5 MARCHAS Á FRENTE E UMA RÉ, CILINDRADA MÍNIMA 400 CC, COR AZUL, MODELO ZERO KM, CARACTERÍSTICAS ADICIONAIS TRAÇÃO 4X4, 4 TEMPOS, SISTEMA PARTIDA ELÉTRICA";"570";"570";"53.500,00";"30.495.000,00";"A presente Ata tem por objeto o registro de preços para a eventual aquisição de equipamentos de mergulho, busca e salvamento, especificado(s) no(s) item(ns) 5 do Termo de Referência, anexo I do edital de Licitação nº 23/2024 que é parte integrante desta Ata, assim como as propostas cujos preços tenham sido registrados, independentemente de transcrição."
"00065/2024";"200331 - SECRETARIA NACIONAL DE SEGURANCA PUBLICA - SENASP";"90023/2024";"19/12/2024";"20/12/2024";"19/12/2026";"10.215.056/0001-17";"COMFORT INDUSTRIA E COMERCIO LTDA";"00003";"VEÍCULO ESPECIAL, TIPO VEÍCULO UTV ""VEÍCULO UTILITÁRIO MULTITAREFAS"", TIPO MOTOR BICILÍNDRICO, 4 TEMPOS, POTÊNCIA MOTOR 960 CC, TRAÇÃO 4X2 E 4X4, TRANSMISSÃO AUTOMÁTICA, CAPACIDADE DE CARGA 685 KG, TANQUE DE ABASTECIMENTO 40 L, CARACTERÍSTICAS ADICIONAIS DIREÇÃO HIDRÁULICA, SUSPENSÃO INDEPENDENTE; COLUN A, APLICAçãO OFF-ROAD, SERVIÇO NÃO CLASSIFICADO OU LAZER AO AR, CAPACIDADE DE PASSAGEIROS 6, TIPO DE COMBUSTÍVEL GASOLINA";"464";"464";"190.000,00";"88.160.000,00";"A presente Ata tem por objeto o registro de preços para a eventual aquisição de equipamentos de mergulho, busca e salvamento, especificado(s) no(s) item(ns) 5 do Termo de Referência, anexo I do edital de Licitação nº 23/2024 que é parte integrante desta Ata, assim como as propostas cujos preços tenham sido registrados, independentemente de transcrição."
"00056/2024";"200331 - SECRETARIA NACIONAL DE SEGURANCA PUBLICA - SENASP";"00328/2024";"16/12/2024";"17/12/2024";"16/12/2026";"63.067.904/0002-35";"LIFE TECHNOLOGIES BRASIL COMERCIO E INDUSTRIA DE PRODUTOS PARA BIOTECNOLOGIA LTD";"00002";"Equipamento Laboratório Tipo: P/ Purificação De Ácidos Nucleicos E Proteínas , Método: P/ Colunas De Centrifugação , Ajuste: Ajuste Digital,C/ Tela Sensível Toque, Programável , Característica Adicional: C/ Agitador Orbital, Rotor Até 12.000 Rpm , Componentes: C/ Compartimento Expurgo, Estante Reagentes";"14";"14";"2.684.489,77";"37.582.856,78";"A presente Ata tem por objeto o registro de preços para a eventual aquisição de equipamentos de automação para os Laboratórios da RIBPG para fins de processamento de amostras de material biológico de condenados, e insumos para a quantificação e amplificação de STRs de amostras dos Laboratórios Genética Forense das Unidades da Federação da Rede Integrada de Bancos de Perfis Genéticos (RIBPG), especificado(s) no(s) item(ns) 01 e 02 do Termo de Referência (29941434) que é parte integrante desta Ata, assim como as propostas cujos preços tenham sido registrados (30089701), independentemente de transcrição."
"00056/2024";"200331 - SECRETARIA NACIONAL DE SEGURANCA PUBLICA - SENASP";"00328/2024";"16/12/2024";"17/12/2024";"16/12/2026";"63.067.904/0002-35";"LIFE TECHNOLOGIES BRASIL COMERCIO E INDUSTRIA DE PRODUTOS PARA BIOTECNOLOGIA LTD";"00001";"Equipamento Laboratório Tipo: P/ Purificação De Ácidos Nucleicos E Proteínas , Método: P/ Colunas De Centrifugação , Ajuste: Ajuste Digital,C/ Tela Sensível Toque, Programável , Característica Adicional: C/ Agitador Orbital, Rotor Até 12.000 Rpm , Componentes: C/ Compartimento Expurgo, Estante Reagentes";"15";"15";"2.898.064,78";"43.470.971,70";"A presente Ata tem por objeto o registro de preços para a eventual aquisição de equipamentos de automação para os Laboratórios da RIBPG para fins de processamento de amostras de material biológico de condenados, e insumos para a quantificação e amplificação de STRs de amostras dos Laboratórios Genética Forense das Unidades da Federação da Rede Integrada de Bancos de Perfis Genéticos (RIBPG), especificado(s) no(s) item(ns) 01 e 02 do Termo de Referência (29941434) que é parte integrante desta Ata, assim como as propostas cujos preços tenham sido registrados (30089701), independentemente de transcrição."
"00056/2024";"200331 - SECRETARIA NACIONAL DE SEGURANCA PUBLICA - SENASP";"00328/2024";"16/12/2024";"17/12/2024";"16/12/2026";"17.140.820/0007-77";"BYD DO BRASIL LTDA.";"00001";"AUTOMÓVEL, TIPO MOTOR 1.6 L, QUANTIDADE PORTAS 4 UN, TIPO COMBUSTÍVEL BI- COMBUSTÍVEL, POTÊNCIA MÍNIMA 140 CV, CAPACIDADE PORTA-MALA 430 L, QUANTIDADE PASSAGEIRO 5 UN, MODELO SEDAN, COR METÁLICA, CARACTERÍSTICAS ADICIONAIS AR CONDICIONADO, DIREÇÃO HIDRÁULICA";"1411";"1411";"273.000,00";"385.203.000,00";"A presente Ata tem por objeto o registro de preços para a eventual aquisição de equipamentos de automação para os Laboratórios da RIBPG para fins de processamento de amostras de material biológico de condenados, e insumos para a quantificação e amplificação de STRs de amostras dos Laboratórios Genética Forense das Unidades da Federação da Rede Integrada de Bancos de Perfis Genéticos (RIBPG), especificado(s) no(s) item(ns) 01 e 02 do Termo de Referência (29941434) que é parte integrante desta Ata, assim como as propostas cujos preços tenham sido registrados (30089701), independentemente de transcrição."
"00037/2024";"200331 - SECRETARIA NACIONAL DE SEGURANCA PUBLICA - SENASP";"90096/2023";"11/12/2024";"13/12/2024";"13/12/2026";"30.092.431/0001-96";"CONDOR S/A INDUSTRIA QUIMICA";"00001";"Lançador de munição não letal calibre 40mm ou por arma similar no calibre 37mm/40mm";"2128";"2128";"7.619,34";"16.213.955,52";"Registro de preços para a eventual aquisição de lançador de munição não letal calibre 40mm ou por arma similar no calibre 37mm/40mm, especificado no item 1 do Termo de Referência (28399357), que é parte integrante desta Ata, assim como as propostas cujos preços tenham sido registrados, independentemente de transcrição."
"00037/2024";"200331 - SECRETARIA NACIONAL DE SEGURANCA PUBLICA - SENASP";"90096/2023";"11/12/2024";"13/12/2024";"13/12/2026";"45.196.517/0001-36";"INK FITNESS EQUIPAMENTOS ESPORTIVOS LTDA";"00006";"ESTANTE HALTERES, MATERIAL METALON (4 POLEGADAS), CAPACIDADE 10 PESOS, APLICAÇÃO GUARDAR HALTERES, CARACTERÍSTICAS ADICIONAIS TORRE DUPLA FACE, BASE TIPO CRUZETA COM SAPATAS";"592";"592";"637,90";"377.636,80";"Registro de preços para a eventual aquisição de lançador de munição não letal calibre 40mm ou por arma similar no calibre 37mm/40mm, especificado no item 1 do Termo de Referência (28399357), que é parte integrante desta Ata, assim como as propostas cujos preços tenham sido registrados, independentemente de transcrição."
"00037/2024";"200331 - SECRETARIA NACIONAL DE SEGURANCA PUBLICA - SENASP";"90096/2023";"11/12/2024";"13/12/2024";"13/12/2026";"45.196.517/0001-36";"INK FITNESS EQUIPAMENTOS ESPORTIVOS LTDA";"00005";"SUPORTE BARRAS, MATERIAL AÇO, TIPO DE PISO, CAPACIDADE 2 BARRAS, APLICAÇÃO GUARDAR BARRAS";"562";"562";"579,70";"325.791,40";"Registro de preços para a eventual aquisição de lançador de munição não letal calibre 40mm ou por arma similar no calibre 37mm/40mm, especificado no item 1 do Termo de Referência (28399357), que é parte integrante desta Ata, assim como as propostas cujos preços tenham sido registrados, independentemente de transcrição."
"00037/2024";"200331 - SECRETARIA NACIONAL DE SEGURANCA PUBLICA - SENASP";"90096/2023";"11/12/2024";"13/12/2024";"13/12/2026";"34.032.252/0002-03";"ACTATEC INDUSTRIA E COMERCIO DE PECAS E ACESSORIOS PARA VEICULOS LTDA.";"00002";"AUTOMÓVEL, TIPO MOTOR MÍNIMO 2.5 L, QUANTIDADE PORTAS 4 UN, TIPO COMBUSTÍVEL DIESEL, POTÊNCIA 175 CV, QUANTIDADE PASSAGEIRO 5 UN, TIPO CÂMBIO AUTOMÁTICO, MODELO SUV, ACESSÓRIOS TRAVA E VIDROS ELÉTRICOS, AIR-BAG DUPLO FRONTAL, COR PRETA, CARACTERÍSTICAS ADICIONAIS COM CUBICULO, TRACÃO 4 X 4";"578";"578";"1.211.750,00";"700.391.500,00";"Registro de preços para a eventual aquisição de lançador de munição não letal calibre 40mm ou por arma similar no calibre 37mm/40mm, especificado no item 1 do Termo de Referência (28399357), que é parte integrante desta Ata, assim como as propostas cujos preços tenham sido registrados, independentemente de transcrição."
"00037/2024";"200331 - SECRETARIA NACIONAL DE SEGURANCA PUBLICA - SENASP";"90096/2023";"11/12/2024";"13/12/2024";"13/12/2026";"34.032.252/0002-03";"ACTATEC INDUSTRIA E COMERCIO DE PECAS E ACESSORIOS PARA VEICULOS LTDA.";"00001";"AUTOMÓVEL, TIPO MOTOR MÍNIMO 2.5 L, QUANTIDADE PORTAS 4 UN, TIPO COMBUSTÍVEL DIESEL, POTÊNCIA 175 CV, QUANTIDADE PASSAGEIRO 5 UN, TIPO CÂMBIO AUTOMÁTICO, MODELO SUV, ACESSÓRIOS TRAVA E VIDROS ELÉTRICOS, AIR-BAG DUPLO FRONTAL, COR PRETA, CARACTERÍSTICAS ADICIONAIS COM CUBICULO, TRACÃO 4 X 4";"655";"655";"1.228.750,00";"804.831.250,00";"Registro de preços para a eventual aquisição de lançador de munição não letal calibre 40mm ou por arma similar no calibre 37mm/40mm, especificado no item 1 do Termo de Referência (28399357), que é parte integrante desta Ata, assim como as propostas cujos preços tenham sido registrados, independentemente de transcrição."
"00050/2024";"200331 - SECRETARIA NACIONAL DE SEGURANCA PUBLICA - SENASP";"90045/2024";"12/12/2024";"13/12/2024";"13/12/2026";"89.422.042/0001-24";"TRIEL-HT INDUSTRIAL E PARTICIPACOES S/A";"00002";"CAMINHÃO, TIPO PIPA, POTÊNCIA MOTOR 230 CV, MOTOR DIESEL, CAPACIDADE VOLUMÉTRICA 12.000 L";"145";"145";"1.785.614,44";"258.914.093,80";"A presente Ata tem por objeto o registro de preços para a eventual aquisição de veículos caracterizados do tipo Auto Bomba Tanque e Salvamento - ABTS tipo 1 e Auto Bomba Tanque e Salvamento - ABTS tipo 2, nos termos da tabela abaixo, conforme condições e exigências estabelecidas neste instrumento."
"00050/2024";"200331 - SECRETARIA NACIONAL DE SEGURANCA PUBLICA - SENASP";"90045/2024";"12/12/2024";"13/12/2024";"13/12/2026";"47.482.995/0001-38";"UNIART METAIS E MADEIRA LTDA";"00003";"MEDALHA, MATERIAL METAL, COR BRONZE, DIÂMETRO 40 MM, FINALIDADE HONRA AO MÉRITO E COMPETIÇÃO DESPORTIVA";"800";"800";"90,00";"72.000,00";"A presente Ata tem por objeto o registro de preços para a eventual aquisição de veículos caracterizados do tipo Auto Bomba Tanque e Salvamento - ABTS tipo 1 e Auto Bomba Tanque e Salvamento - ABTS tipo 2, nos termos da tabela abaixo, conforme condições e exigências estabelecidas neste instrumento."
"00050/2024";"200331 - SECRETARIA NACIONAL DE SEGURANCA PUBLICA - SENASP";"90045/2024";"12/12/2024";"13/12/2024";"13/12/2026";"47.482.995/0001-38";"UNIART METAIS E MADEIRA LTDA";"00002";"MEDALHA, MATERIAL METAL, COR PRATA, DIÂMETRO 40 MM, FINALIDADE HONRA AO MÉRITO E COMPETIÇÃO DESPORTIVA";"400";"400";"84,90";"33.960,00";"A presente Ata tem por objeto o registro de preços para a eventual aquisição de veículos caracterizados do tipo Auto Bomba Tanque e Salvamento - ABTS tipo 1 e Auto Bomba Tanque e Salvamento - ABTS tipo 2, nos termos da tabela abaixo, conforme condições e exigências estabelecidas neste instrumento."
"00049/2024";"200331 - SECRETARIA NACIONAL DE SEGURANCA PUBLICA - SENASP";"90045/2024";"09/12/2024";"11/12/2024";"11/12/2026";"92.249.150/0001-51";"MITREN - SISTEMAS E MONTAGENS VEICULARES S.A.";"00001";"CAMINHÃO, TIPO PIPA, POTÊNCIA MOTOR 230 CV, MOTOR DIESEL, CAPACIDADE VOLUMÉTRICA 12.000 L";"206";"206";"2.566.192,35";"528.635.624,10";"A presente Ata tem por objeto o registro de preços para a eventual aquisição de veículos caracterizados do tipo Auto Bomba Tanque e Salvamento - ABTS tipo 1 e Auto Bomba Tanque e Salvamento - ABTS tipo 2, nos termos da tabela abaixo, conforme condições e exigências estabelecidas neste instrumento."
"00049/2024";"200331 - SECRETARIA NACIONAL DE SEGURANCA PUBLICA - SENASP";"90045/2024";"09/12/2024";"11/12/2024";"11/12/2026";"10.228.279/0001-19";"SCITEC SOLUCOES EM ENSAIOS DE MATERIAIS E PRODUTOS LTDA";"00002";"ENSAIO DE EFICIÊNCIA ENERGÉTICA";"60";"60";"800,00";"48.000,00";"A presente Ata tem por objeto o registro de preços para a eventual aquisição de veículos caracterizados do tipo Auto Bomba Tanque e Salvamento - ABTS tipo 1 e Auto Bomba Tanque e Salvamento - ABTS tipo 2, nos termos da tabela abaixo, conforme condições e exigências estabelecidas neste instrumento."
"00049/2024";"200331 - SECRETARIA NACIONAL DE SEGURANCA PUBLICA - SENASP";"90045/2024";"09/12/2024";"11/12/2024";"11/12/2026";"10.228.279/0001-19";"SCITEC SOLUCOES EM ENSAIOS DE MATERIAIS E PRODUTOS LTDA";"00004";"AVALIAÇÃO DE ERGONOMIA";"60";"60";"415,00";"24.900,00";"A presente Ata tem por objeto o registro de preços para a eventual aquisição de veículos caracterizados do tipo Auto Bomba Tanque e Salvamento - ABTS tipo 1 e Auto Bomba Tanque e Salvamento - ABTS tipo 2, nos termos da tabela abaixo, conforme condições e exigências estabelecidas neste instrumento."
"00049/2024";"200331 - SECRETARIA NACIONAL DE SEGURANCA PUBLICA - SENASP";"90045/2024";"09/12/2024";"11/12/2024";"11/12/2026";"10.228.279/0001-19";"SCITEC SOLUCOES EM ENSAIOS DE MATERIAIS E PRODUTOS LTDA";"00006";"ENSAIO DE EFICIÊNCIA DE FRENAGEM E AVALIAÇÃO DE PNEUS";"60";"60";"1.328,00";"79.680,00";"A presente Ata tem por objeto o registro de preços para a eventual aquisição de veículos caracterizados do tipo Auto Bomba Tanque e Salvamento - ABTS tipo 1 e Auto Bomba Tanque e Salvamento - ABTS tipo 2, nos termos da tabela abaixo, conforme condições e exigências estabelecidas neste instrumento."
"00049/2024";"200331 - SECRETARIA NACIONAL DE SEGURANCA PUBLICA - SENASP";"90045/2024";"09/12/2024";"11/12/2024";"11/12/2026";"10.228.279/0001-19";"SCITEC SOLUCOES EM ENSAIOS DE MATERIAIS E PRODUTOS LTDA";"00008";"ENSAIO/TESTE SLALOM";"60";"60";"1.152,00";"69.120,00";"A presente Ata tem por objeto o registro de preços para a eventual aquisição de veículos caracterizados do tipo Auto Bomba Tanque e Salvamento - ABTS tipo 1 e Auto Bomba Tanque e Salvamento - ABTS tipo 2, nos termos da tabela abaixo, conforme condições e exigências estabelecidas neste instrumento."
"00049/2024";"200331 - SECRETARIA NACIONAL DE SEGURANCA PUBLICA - SENASP";"90045/2024";"09/12/2024";"11/12/2024";"11/12/2026";"10.228.279/0001-19";"SCITEC SOLUCOES EM ENSAIOS DE MATERIAIS E PRODUTOS LTDA";"00010";"ENSAIO DE CIRCUITO URBANO";"60";"60";"1.476,00";"88.560,00";"A presente Ata tem por objeto o registro de preços para a eventual aquisição de veículos caracterizados do tipo Auto Bomba Tanque e Salvamento - ABTS tipo 1 e Auto Bomba Tanque e Salvamento - ABTS tipo 2, nos termos da tabela abaixo, conforme condições e exigências estabelecidas neste instrumento."
"00049/2024";"200331 - SECRETARIA NACIONAL DE SEGURANCA PUBLICA - SENASP";"90045/2024";"09/12/2024";"11/12/2024";"11/12/2026";"10.228.279/0001-19";"SCITEC SOLUCOES EM ENSAIOS DE MATERIAIS E PRODUTOS LTDA";"00001";"ENSAIO DE VERIFICAÇÃO DE CARACTERÍSTICAS GERAIS E METROLOGIA";"60";"60";"700,00";"42.000,00";"A presente Ata tem por objeto o registro de preços para a eventual aquisição de veículos caracterizados do tipo Auto Bomba Tanque e Salvamento - ABTS tipo 1 e Auto Bomba Tanque e Salvamento - ABTS tipo 2, nos termos da tabela abaixo, conforme condições e exigências estabelecidas neste instrumento."
"00049/2024";"200331 - SECRETARIA NACIONAL DE SEGURANCA PUBLICA - SENASP";"90045/2024";"09/12/2024";"11/12/2024";"11/12/2026";"10.228.279/0001-19";"SCITEC SOLUCOES EM ENSAIOS DE MATERIAIS E PRODUTOS LTDA";"00003";"ENSAIO DE RESISTÊNCIA GLOBAL";"60";"60";"1.170,00";"70.200,00";"A presente Ata tem por objeto o registro de preços para a eventual aquisição de veículos caracterizados do tipo Auto Bomba Tanque e Salvamento - ABTS tipo 1 e Auto Bomba Tanque e Salvamento - ABTS tipo 2, nos termos da tabela abaixo, conforme condições e exigências estabelecidas neste instrumento."
"00049/2024";"200331 - SECRETARIA NACIONAL DE SEGURANCA PUBLICA - SENASP";"90045/2024";"09/12/2024";"11/12/2024";"11/12/2026";"10.228.279/0001-19";"SCITEC SOLUCOES EM ENSAIOS DE MATERIAIS E PRODUTOS LTDA";"00005";"ENSAIO DE ACELERAÇÃO";"60";"60";"1.300,00";"78.000,00";"A presente Ata tem por objeto o registro de preços para a eventual aquisição de veículos caracterizados do tipo Auto Bomba Tanque e Salvamento - ABTS tipo 1 e Auto Bomba Tanque e Salvamento - ABTS tipo 2, nos termos da tabela abaixo, conforme condições e exigências estabelecidas neste instrumento."
"00049/2024";"200331 - SECRETARIA NACIONAL DE SEGURANCA PUBLICA - SENASP";"90045/2024";"09/12/2024";"11/12/2024";"11/12/2026";"10.228.279/0001-19";"SCITEC SOLUCOES EM ENSAIOS DE MATERIAIS E PRODUTOS LTDA";"00007";"ENSAIO/TESTE DO ALCE";"60";"60";"1.152,00";"69.120,00";"A presente Ata tem por objeto o registro de preços para a eventual aquisição de veículos caracterizados do tipo Auto Bomba Tanque e Salvamento - ABTS tipo 1 e Auto Bomba Tanque e Salvamento - ABTS tipo 2, nos termos da tabela abaixo, conforme condições e exigências estabelecidas neste instrumento."
"00049/2024";"200331 - SECRETARIA NACIONAL DE SEGURANCA PUBLICA - SENASP";"90045/2024";"09/12/2024";"11/12/2024";"11/12/2026";"10.228.279/0001-19";"SCITEC SOLUCOES EM ENSAIOS DE MATERIAIS E PRODUTOS LTDA";"00009";"ENSAIO DE ALTA VELOCIDADE";"60";"60";"1.422,00";"85.320,00";"A presente Ata tem por objeto o registro de preços para a eventual aquisição de veículos caracterizados do tipo Auto Bomba Tanque e Salvamento - ABTS tipo 1 e Auto Bomba Tanque e Salvamento - ABTS tipo 2, nos termos da tabela abaixo, conforme condições e exigências estabelecidas neste instrumento."
"00049/2024";"200331 - SECRETARIA NACIONAL DE SEGURANCA PUBLICA - SENASP";"90045/2024";"09/12/2024";"11/12/2024";"11/12/2026";"10.228.279/0001-19";"SCITEC SOLUCOES EM ENSAIOS DE MATERIAIS E PRODUTOS LTDA";"00011";"ENSAIO  DE  OFFROAD";"18";"18";"1.928,00";"34.704,00";"A presente Ata tem por objeto o registro de preços para a eventual aquisição de veículos caracterizados do tipo Auto Bomba Tanque e Salvamento - ABTS tipo 1 e Auto Bomba Tanque e Salvamento - ABTS tipo 2, nos termos da tabela abaixo, conforme condições e exigências estabelecidas neste instrumento."
"00053/2024";"200331 - SECRETARIA NACIONAL DE SEGURANCA PUBLICA - SENASP";"90012/2024";"11/12/2024";"12/12/2024";"11/12/2026";"71.919.328/0001-54";"R J C DEFESA E AEROESPACIAL LTDA";"00011";"ESPARGIDOR DEFENSIVO, TIPO SPRAY, MATERIAL EMBALAGEM CILÍNDRICO DE ALUMÍNIO, PRINCÍPIO ATIVO AGENTE PIMENTA, ALCANCE 1,5 A 2,0 M, APLICAÇÃO CONTROLE DE DISTÚRBIOS CIVIS";"249680";"249680";"103,03";"25.724.530,40";"A presente Ata tem por objeto o registro de preços para a eventual aquisição de instrumentos de menor potencial ofensivo - IMPO, especificado(s) no(s) item(ns) 10 e 11 do Termo de Referência, anexo I do edital de Licitação nº 12/2024  (29140675) que é parte integrante desta Ata, assim como as propostas cujos preços tenham sido registrados, independentemente de transcrição."
"00053/2024";"200331 - SECRETARIA NACIONAL DE SEGURANCA PUBLICA - SENASP";"90012/2024";"11/12/2024";"12/12/2024";"11/12/2026";"71.919.328/0001-54";"R J C DEFESA E AEROESPACIAL LTDA";"00010";"GRANADA, MATERIAL CORPO BORRACHA, TIPO EFEITO MORAL, FORMATO CILÍNDRICA, ACIONAMENTO MANUAL, FUNCIONAMENTO EXPLOSÃO, RETARDO 2,5 S, CARACTERÍSTICAS ADICIONAIS DUPLO ESTÁGIO";"51590";"51590";"84,10";"4.338.719,00";"A presente Ata tem por objeto o registro de preços para a eventual aquisição de instrumentos de menor potencial ofensivo - IMPO, especificado(s) no(s) item(ns) 10 e 11 do Termo de Referência, anexo I do edital de Licitação nº 12/2024  (29140675) que é parte integrante desta Ata, assim como as propostas cujos preços tenham sido registrados, independentemente de transcrição."
"00053/2024";"200331 - SECRETARIA NACIONAL DE SEGURANCA PUBLICA - SENASP";"90012/2024";"11/12/2024";"12/12/2024";"11/12/2026";"15.136.916/0001-40";"SUPORTE INDUSTRIA E COMERCIO DE ARTIGOS MILITARES LTDA";"00010";"BONÉ, MATERIAL CORPO TECIDO RIPSTOP, MATERIAL ABA TECIDO RIPSTOP, MATERIAL REGULADOR ABERTURA VELCRO, MODELO TRADICIONAL, COR PRETA, TIPO IMPRESSÃO BORDADO EM ALTO RELEVO, CARACTERÍSTICAS ADICIONAIS CONFORME MODELO DO ÓRGÃO, TAMANHO SOB MEDIDA";"600";"600";"23,98";"14.388,00";"A presente Ata tem por objeto o registro de preços para a eventual aquisição de instrumentos de menor potencial ofensivo - IMPO, especificado(s) no(s) item(ns) 10 e 11 do Termo de Referência, anexo I do edital de Licitação nº 12/2024  (29140675) que é parte integrante desta Ata, assim como as propostas cujos preços tenham sido registrados, independentemente de transcrição."
"00052/2024";"200331 - SECRETARIA NACIONAL DE SEGURANCA PUBLICA - SENASP";"90012/2024";"11/12/2024";"12/12/2024";"11/12/2026";"30.092.431/0001-96";"CONDOR S/A INDUSTRIA QUIMICA";"00001";"ESPARGIDOR DEFENSIVO, TIPO JATO DE ESPUMA, MATERIAL EMBALAGEM CILÍNDRICO DE ALUMÍNIO, PRINCÍPIO ATIVO AGENTE PIMENTA, ALCANCE 1,5 A 2,0 M, APLICAÇÃO CONTROLE DE DISTÚRBIOS CIVIS";"80236";"80236";"150,55";"12.079.529,80";"A presente Ata tem por objeto o registro de preços para a eventual aquisição de instrumentos de menor potencial ofensivo - IMPO, especificado(s) no(s) item(ns) 01 a 09 do Termo de Referência, anexo I do edital de Licitação nº 12/2024  (29140675) que é parte integrante desta Ata, assim como as propostas cujos preços tenham sido registrados, independentemente de transcrição."
"00052/2024";"200331 - SECRETARIA NACIONAL DE SEGURANCA PUBLICA - SENASP";"90012/2024";"11/12/2024";"12/12/2024";"11/12/2026";"30.092.431/0001-96";"CONDOR S/A INDUSTRIA QUIMICA";"00003";"ESPARGIDOR DEFENSIVO, TIPO SPRAY, MATERIAL EMBALAGEM CILÍNDRICO DE ALUMÍNIO, PRINCÍPIO ATIVO AGENTE PIMENTA, ALCANCE 5,0 A 6,0 M, APLICAÇÃO CONTROLE DE DISTÚRBIOS CIVIS";"26977";"26977";"725,40";"19.569.115,80";"A presente Ata tem por objeto o registro de preços para a eventual aquisição de instrumentos de menor potencial ofensivo - IMPO, especificado(s) no(s) item(ns) 01 a 09 do Termo de Referência, anexo I do edital de Licitação nº 12/2024  (29140675) que é parte integrante desta Ata, assim como as propostas cujos preços tenham sido registrados, independentemente de transcrição."
"00052/2024";"200331 - SECRETARIA NACIONAL DE SEGURANCA PUBLICA - SENASP";"90012/2024";"11/12/2024";"12/12/2024";"11/12/2026";"30.092.431/0001-96";"CONDOR S/A INDUSTRIA QUIMICA";"00005";"ESPARGIDOR DEFENSIVO, TIPO SPRAY, MATERIAL EMBALAGEM CILÍNDRICO DE ALUMÍNIO, PRINCÍPIO ATIVO AGENTE LACRIMOGÊNEO, APLICAÇÃO TREINAMENTO MILITAR";"24069";"24069";"640,68";"15.420.526,92";"A presente Ata tem por objeto o registro de preços para a eventual aquisição de instrumentos de menor potencial ofensivo - IMPO, especificado(s) no(s) item(ns) 01 a 09 do Termo de Referência, anexo I do edital de Licitação nº 12/2024  (29140675) que é parte integrante desta Ata, assim como as propostas cujos preços tenham sido registrados, independentemente de transcrição."
"00052/2024";"200331 - SECRETARIA NACIONAL DE SEGURANCA PUBLICA - SENASP";"90012/2024";"11/12/2024";"12/12/2024";"11/12/2026";"30.092.431/0001-96";"CONDOR S/A INDUSTRIA QUIMICA";"00007";"PROJÉTIL NÃO LETAL, TIPO CARGA MÚLTIPLA DE GÁS LACRIMOGÊNEO, MATERIAL ALUMÍNIO , PESO 220 G, ALCANCE 90 M, CARACTERÍSTICAS ADICIONAIS CALIBRE 37/40 MM";"38958";"38958";"387,32";"15.089.212,56";"A presente Ata tem por objeto o registro de preços para a eventual aquisição de instrumentos de menor potencial ofensivo - IMPO, especificado(s) no(s) item(ns) 01 a 09 do Termo de Referência, anexo I do edital de Licitação nº 12/2024  (29140675) que é parte integrante desta Ata, assim como as propostas cujos preços tenham sido registrados, independentemente de transcrição."
"00052/2024";"200331 - SECRETARIA NACIONAL DE SEGURANCA PUBLICA - SENASP";"90012/2024";"11/12/2024";"12/12/2024";"11/12/2026";"30.092.431/0001-96";"CONDOR S/A INDUSTRIA QUIMICA";"00009";"PROJÉTIL NÃO LETAL, TIPO PROJÉTIL DE BORRACHA, MATERIAL PLÁSTICO TRANSPARENTE/ METAL, PESO 18 G, ALCANCE 15 M, CARACTERÍSTICAS ADICIONAIS CALIBRE 12";"275470";"275470";"36,80";"10.137.296,00";"A presente Ata tem por objeto o registro de preços para a eventual aquisição de instrumentos de menor potencial ofensivo - IMPO, especificado(s) no(s) item(ns) 01 a 09 do Termo de Referência, anexo I do edital de Licitação nº 12/2024  (29140675) que é parte integrante desta Ata, assim como as propostas cujos preços tenham sido registrados, independentemente de transcrição."
"00052/2024";"200331 - SECRETARIA NACIONAL DE SEGURANCA PUBLICA - SENASP";"90012/2024";"11/12/2024";"12/12/2024";"11/12/2026";"30.092.431/0001-96";"CONDOR S/A INDUSTRIA QUIMICA";"00002";"ESPARGIDOR DEFENSIVO, TIPO JATO DE ESPUMA, MATERIAL EMBALAGEM CILÍNDRICO DE ALUMÍNIO, PRINCÍPIO ATIVO AGENTE PIMENTA, ALCANCE 1,5 A 2,0 M, APLICAÇÃO CONTROLE DE DISTÚRBIOS CIVIS";"51339";"51339";"345,84";"17.755.079,76";"A presente Ata tem por objeto o registro de preços para a eventual aquisição de instrumentos de menor potencial ofensivo - IMPO, especificado(s) no(s) item(ns) 01 a 09 do Termo de Referência, anexo I do edital de Licitação nº 12/2024  (29140675) que é parte integrante desta Ata, assim como as propostas cujos preços tenham sido registrados, independentemente de transcrição."
"00052/2024";"200331 - SECRETARIA NACIONAL DE SEGURANCA PUBLICA - SENASP";"90012/2024";"11/12/2024";"12/12/2024";"11/12/2026";"30.092.431/0001-96";"CONDOR S/A INDUSTRIA QUIMICA";"00004";"ESPARGIDOR DEFENSIVO, TIPO SPRAY, MATERIAL EMBALAGEM CILÍNDRICO DE ALUMÍNIO, PRINCÍPIO ATIVO AGENTE LACRIMOGÊNEO, APLICAÇÃO TREINAMENTO MILITAR";"36530";"36530";"137,26";"5.014.107,80";"A presente Ata tem por objeto o registro de preços para a eventual aquisição de instrumentos de menor potencial ofensivo - IMPO, especificado(s) no(s) item(ns) 01 a 09 do Termo de Referência, anexo I do edital de Licitação nº 12/2024  (29140675) que é parte integrante desta Ata, assim como as propostas cujos preços tenham sido registrados, independentemente de transcrição."
"00052/2024";"200331 - SECRETARIA NACIONAL DE SEGURANCA PUBLICA - SENASP";"90012/2024";"11/12/2024";"12/12/2024";"11/12/2026";"30.092.431/0001-96";"CONDOR S/A INDUSTRIA QUIMICA";"00006";"ESPARGIDOR DEFENSIVO, TIPO SPRAY, MATERIAL EMBALAGEM CILÍNDRICO DE ALUMÍNIO, PRINCÍPIO ATIVO AGENTE PIMENTA, ALCANCE 1,5 A 2,0 M, APLICAÇÃO CONTROLE DE DISTÚRBIOS CIVIS";"45030";"45030";"76,74";"3.455.602,20";"A presente Ata tem por objeto o registro de preços para a eventual aquisição de instrumentos de menor potencial ofensivo - IMPO, especificado(s) no(s) item(ns) 01 a 09 do Termo de Referência, anexo I do edital de Licitação nº 12/2024  (29140675) que é parte integrante desta Ata, assim como as propostas cujos preços tenham sido registrados, independentemente de transcrição."
"00052/2024";"200331 - SECRETARIA NACIONAL DE SEGURANCA PUBLICA - SENASP";"90012/2024";"11/12/2024";"12/12/2024";"11/12/2026";"30.092.431/0001-96";"CONDOR S/A INDUSTRIA QUIMICA";"00008";"PROJÉTIL NÃO LETAL, TIPO PROJÉTIL DE BORRACHA, MATERIAL PLÁSTICO TRANSPARENTE/ METAL, PESO 20 G, ALCANCE 30 M, CARACTERÍSTICAS ADICIONAIS CALIBRE 12";"506430";"506430";"36,80";"18.636.624,00";"A presente Ata tem por objeto o registro de preços para a eventual aquisição de instrumentos de menor potencial ofensivo - IMPO, especificado(s) no(s) item(ns) 01 a 09 do Termo de Referência, anexo I do edital de Licitação nº 12/2024  (29140675) que é parte integrante desta Ata, assim como as propostas cujos preços tenham sido registrados, independentemente de transcrição."
"00052/2024";"200331 - SECRETARIA NACIONAL DE SEGURANCA PUBLICA - SENASP";"90012/2024";"11/12/2024";"12/12/2024";"11/12/2026";"17.183.666/0001-25";"CITEROL - COMERCIO E INDUSTRIA DE TECIDOS E ROUPAS S/A";"00002";"AGASALHO DESPORTIVO, MATERIAL 100% POLIÉSTER, TAMANHO SOB MEDIDA, COR AZUL, VERMELHO E BRANCO, CARACTERÍSTICAS ADICIONAIS MANGA COMPRIDA, FECHO EM ZÍPER, DISTINTIVO PERSON A";"2000";"2000";"150,00";"300.000,00";"A presente Ata tem por objeto o registro de preços para a eventual aquisição de instrumentos de menor potencial ofensivo - IMPO, especificado(s) no(s) item(ns) 01 a 09 do Termo de Referência, anexo I do edital de Licitação nº 12/2024  (29140675) que é parte integrante desta Ata, assim como as propostas cujos preços tenham sido registrados, independentemente de transcrição."
"00052/2024";"200331 - SECRETARIA NACIONAL DE SEGURANCA PUBLICA - SENASP";"90012/2024";"11/12/2024";"12/12/2024";"11/12/2026";"17.183.666/0001-25";"CITEROL - COMERCIO E INDUSTRIA DE TECIDOS E ROUPAS S/A";"00001";"AGASALHO DESPORTIVO, MATERIAL 100% POLIÉSTER, TAMANHO SOB MEDIDA, COR AZUL, VERMELHO E BRANCO, CARACTERÍSTICAS ADICIONAIS MANGA COMPRIDA, FECHO EM ZÍPER, DISTINTIVO PERSON A";"2000";"2000";"135,00";"270.000,00";"A presente Ata tem por objeto o registro de preços para a eventual aquisição de instrumentos de menor potencial ofensivo - IMPO, especificado(s) no(s) item(ns) 01 a 09 do Termo de Referência, anexo I do edital de Licitação nº 12/2024  (29140675) que é parte integrante desta Ata, assim como as propostas cujos preços tenham sido registrados, independentemente de transcrição."
"00051/2024";"200331 - SECRETARIA NACIONAL DE SEGURANCA PUBLICA - SENASP";"90033/2024";"10/12/2024";"11/12/2024";"10/12/2026";"";"AXON ENTERPRISE, INC.";"00002";"PROJÉTIL NÃO LETAL, TIPO CARTUCHO PARA DIPOSITIVO ELÉTRICO INCAPACITANTE, MATERIAL POLIMERO DE ALTA RESISTÊNCIA, PESO 52,6 G, ALCANCE 8 M";"353119";"353119";"113,94";"40.234.378,86";"Registro de preços para aquisição de Armas Eletroeletrônicas de Incapacitação Neuromuscular (AINM), para atender demanda da Secretaria Nacional de Segurança Pública e demais órgão participantes, conforme condições, quantidades e exigências estabelecidas neste Edital e seus anexos."
"00051/2024";"200331 - SECRETARIA NACIONAL DE SEGURANCA PUBLICA - SENASP";"90033/2024";"10/12/2024";"11/12/2024";"10/12/2026";"";"AXON ENTERPRISE, INC.";"00004";"BATERIA RECARREGÁVEL, TIPO SELADA, MODELO BZ 2.0, APLICAÇÃO 1 ARMA DE CHOQUE, SISTEMA ELETROQUÍMICO LI-ION, TENSÃO NOMINAL 14,8 V, CAPACIDADE NOMINAL 600 MAH";"44310";"44310";"188,00";"8.330.280,00";"Registro de preços para aquisição de Armas Eletroeletrônicas de Incapacitação Neuromuscular (AINM), para atender demanda da Secretaria Nacional de Segurança Pública e demais órgão participantes, conforme condições, quantidades e exigências estabelecidas neste Edital e seus anexos."
"00051/2024";"200331 - SECRETARIA NACIONAL DE SEGURANCA PUBLICA - SENASP";"90033/2024";"10/12/2024";"11/12/2024";"10/12/2026";"";"AXON ENTERPRISE, INC.";"00007";"Coldre Nome: Coldre";"41300";"41300";"239,27";"9.881.851,00";"Registro de preços para aquisição de Armas Eletroeletrônicas de Incapacitação Neuromuscular (AINM), para atender demanda da Secretaria Nacional de Segurança Pública e demais órgão participantes, conforme condições, quantidades e exigências estabelecidas neste Edital e seus anexos."
"00051/2024";"200331 - SECRETARIA NACIONAL DE SEGURANCA PUBLICA - SENASP";"90033/2024";"10/12/2024";"11/12/2024";"10/12/2026";"";"AXON ENTERPRISE, INC.";"00009";"MALETA, MATERIAL PLÁSTICO, CARACTERÍSTICAS ADICIONAIS TIPO PESCADOR/PRETA/2 BANDEJAS/COMPARTIMENTO E BA Ú, DIMENSÕES EXTERNAS 44 X 22 X 24 CM";"40730";"40730";"85,45";"3.480.378,50";"Registro de preços para aquisição de Armas Eletroeletrônicas de Incapacitação Neuromuscular (AINM), para atender demanda da Secretaria Nacional de Segurança Pública e demais órgão participantes, conforme condições, quantidades e exigências estabelecidas neste Edital e seus anexos."
"00051/2024";"200331 - SECRETARIA NACIONAL DE SEGURANCA PUBLICA - SENASP";"90033/2024";"10/12/2024";"11/12/2024";"10/12/2026";"";"AXON ENTERPRISE, INC.";"00001";"Arma Não Letal Nome: Arma Não Letal";"40980";"40980";"2.438,27";"99.920.304,60";"Registro de preços para aquisição de Armas Eletroeletrônicas de Incapacitação Neuromuscular (AINM), para atender demanda da Secretaria Nacional de Segurança Pública e demais órgão participantes, conforme condições, quantidades e exigências estabelecidas neste Edital e seus anexos."
"00051/2024";"200331 - SECRETARIA NACIONAL DE SEGURANCA PUBLICA - SENASP";"90033/2024";"10/12/2024";"11/12/2024";"10/12/2026";"";"AXON ENTERPRISE, INC.";"00003";"PROJÉTIL NÃO LETAL, TIPO CARTUCHO DE LANÇAMENTO DE DARDOS (MSK 100), MATERIAL POLIMERO DE ALTA RESISTÊNCIA, PESO 51,6 G, ALCANCE 4,5 M, CARACTERÍSTICAS ADICIONAIS FIOS NÃO CONDUTORES";"71974";"71974";"28,48";"2.049.819,52";"Registro de preços para aquisição de Armas Eletroeletrônicas de Incapacitação Neuromuscular (AINM), para atender demanda da Secretaria Nacional de Segurança Pública e demais órgão participantes, conforme condições, quantidades e exigências estabelecidas neste Edital e seus anexos."
"00051/2024";"200331 - SECRETARIA NACIONAL DE SEGURANCA PUBLICA - SENASP";"90033/2024";"10/12/2024";"11/12/2024";"10/12/2026";"";"AXON ENTERPRISE, INC.";"00006";"Arma Não Letal Nome: Arma Não Letal";"34538";"34538";"28,48";"983.642,24";"Registro de preços para aquisição de Armas Eletroeletrônicas de Incapacitação Neuromuscular (AINM), para atender demanda da Secretaria Nacional de Segurança Pública e demais órgão participantes, conforme condições, quantidades e exigências estabelecidas neste Edital e seus anexos."
"00051/2024";"200331 - SECRETARIA NACIONAL DE SEGURANCA PUBLICA - SENASP";"90033/2024";"10/12/2024";"11/12/2024";"10/12/2026";"";"AXON ENTERPRISE, INC.";"00008";"Coldre Nome: Coldre";"41200";"41200";"56,97";"2.347.164,00";"Registro de preços para aquisição de Armas Eletroeletrônicas de Incapacitação Neuromuscular (AINM), para atender demanda da Secretaria Nacional de Segurança Pública e demais órgão participantes, conforme condições, quantidades e exigências estabelecidas neste Edital e seus anexos."
"00051/2024";"200331 - SECRETARIA NACIONAL DE SEGURANCA PUBLICA - SENASP";"90033/2024";"10/12/2024";"11/12/2024";"10/12/2026";"10.400.122/0001-29";"A. L. NOGUEIRA COMERCIO E SERVICOS";"00001";"MEDALHA, MATERIAL METAL, COR DOURADA, FINALIDADE HOMENAGEM, TAMANHO 4,1 X 4,1 CM, ESPESSURA 2 MM, CARACTERÍSTICAS ADICIONAIS PERSONALIZADA CONFORME MODELO";"30";"30";"94,00";"2.820,00";"Registro de preços para aquisição de Armas Eletroeletrônicas de Incapacitação Neuromuscular (AINM), para atender demanda da Secretaria Nacional de Segurança Pública e demais órgão participantes, conforme condições, quantidades e exigências estabelecidas neste Edital e seus anexos."
"00067/2024";"200331 - SECRETARIA NACIONAL DE SEGURANCA PUBLICA - SENASP";"90023/2024";"24/12/2024";"25/12/2024";"24/11/2026";"36.415.033/0001-40";"INNOVA COMERCIO DE MAQUINAS E EQUIPAMENTOS LTDA";"00010";"MÁSCARA MERGULHADOR, MATERIAL SILICONE, TIPO SEMI-FACIAL, TAMANHO PADRÃO, CARACTERÍSTICAS ADICIONAIS BORDAS E TIRANTES EM SILICONE LÍQUIDO, ANTI-ALÉRG I";"3223";"3223";"99,87";"321.893,90";"A presente Ata tem por objeto o registro de preços para a eventual aquisição de equipamentos de mergulho, busca e salvamento, especificado(s) no(s) item(ns) 10, 19 e 25 do Termo de Referência, anexo I do edital de Licitação nº 23/2024 que é parte integrante desta Ata, assim como as propostas cujos preços tenham sido registrados, independentemente de transcrição."
"00067/2024";"200331 - SECRETARIA NACIONAL DE SEGURANCA PUBLICA - SENASP";"90023/2024";"24/12/2024";"25/12/2024";"24/11/2026";"36.415.033/0001-40";"INNOVA COMERCIO DE MAQUINAS E EQUIPAMENTOS LTDA";"00025";"BÚSSOLA NAVEGAÇÃO, MATERIAL TERMOPLÁSTICO DE ALTA,MÉDIA E BAIXA DENSIDADE, APLICAÇÃO CONFECÇÃO DE BÚSSOLA DE NAVEGAÇÃO";"1153";"1153";"240,75";"277.583,37";"A presente Ata tem por objeto o registro de preços para a eventual aquisição de equipamentos de mergulho, busca e salvamento, especificado(s) no(s) item(ns) 10, 19 e 25 do Termo de Referência, anexo I do edital de Licitação nº 23/2024 que é parte integrante desta Ata, assim como as propostas cujos preços tenham sido registrados, independentemente de transcrição."
"00067/2024";"200331 - SECRETARIA NACIONAL DE SEGURANCA PUBLICA - SENASP";"90023/2024";"24/12/2024";"25/12/2024";"24/11/2026";"36.415.033/0001-40";"INNOVA COMERCIO DE MAQUINAS E EQUIPAMENTOS LTDA";"00019";"EQUIPAMENTO / ACESSÓRIOS DESPORTO, MATERIAL ELASTÔMERO, TIPO NADADEIRA ABERTA, DIMENSÕES SOB MEDIDA CM, USO PARA BOTA DE MERGULHO, CARACTERÍSTICAS ADICIONAIS TIRAS DE MOLA DE AçO INOX, REFORÇADAS COM PARAFUS O";"1924";"1924";"733,81";"1.411.852,17";"A presente Ata tem por objeto o registro de preços para a eventual aquisição de equipamentos de mergulho, busca e salvamento, especificado(s) no(s) item(ns) 10, 19 e 25 do Termo de Referência, anexo I do edital de Licitação nº 23/2024 que é parte integrante desta Ata, assim como as propostas cujos preços tenham sido registrados, independentemente de transcrição."
"00067/2024";"200331 - SECRETARIA NACIONAL DE SEGURANCA PUBLICA - SENASP";"90023/2024";"24/12/2024";"25/12/2024";"24/11/2026";"73.628.307/0001-05";"ACN COMERCIO DE PRODUTOS DE TRANSITO LTDA";"00004";"CARRETA REBOQUE, MATERIAL CHAPA AÇO, TIPO REBOQUE CARGA, COMPRIMENTO 4.200 MM, LARGURA 2.200 MM, ALTURA 2.500 MM, CAPACIDADE CARGA 1.500 KG, QUANTIDADE EIXO 1 UN, TIPO CARROCERIA ABERTA";"464";"464";"21.357,95";"9.910.088,80";"A presente Ata tem por objeto o registro de preços para a eventual aquisição de equipamentos de mergulho, busca e salvamento, especificado(s) no(s) item(ns) 10, 19 e 25 do Termo de Referência, anexo I do edital de Licitação nº 23/2024 que é parte integrante desta Ata, assim como as propostas cujos preços tenham sido registrados, independentemente de transcrição."
"00068/2025";"200331 - SECRETARIA NACIONAL DE SEGURANCA PUBLICA - SENASP";"90015/2025";"11/11/2025";"12/11/2025";"13/11/2026";"11.031.398/0001-40";"RBF DISTRIBUIDORA E SERVICOS LTDA";"00011";"ACESSÓRIO / PEÇA MERGULHO, TIPO BOCAL, MATERIAL SILICONE, CARACTERíSTICAS ADICIONAIS TAMANHO PADRÃO COM ENCAIXE UNIVERSAL, USO PARA SNORKEL REGULADOR DE MERGULHO, APLICAÇÃO EQUIPAMENTO DE MERGULHO";"3299";"3299";"39,95";"131.793,73";"A presente Ata tem por objeto o registro de preços para a eventual aquisição de veículo, tipo Caminhonete/Pick-up, caracterizado, destinado a atender a Secretaria Nacional de Segurança Pública e demais órgãos participantes, conforme condições, quantidades e exigências estabelecidas neste Edital e seus anexos., anexo do Edital do Pregão Eletrônico nº 90015/2025 (31618013), que é parte integrante desta Ata, assim como as propostas cujos preços tenham sido registrados, independentemente de transcrição."
"00068/2025";"200331 - SECRETARIA NACIONAL DE SEGURANCA PUBLICA - SENASP";"90015/2025";"11/11/2025";"12/11/2025";"13/11/2026";"11.031.398/0001-40";"RBF DISTRIBUIDORA E SERVICOS LTDA";"00012";"ACESSÓRIO / PEÇA MERGULHO, TIPO CINTO LASTRO, MATERIAL NYLON, COR PRETO, DIMENSÕES 50MM X 1,6M, CARACTERíSTICAS ADICIONAIS COM FIVELA DE AÇO, APLICAÇÃO EQUIPAMENTO DE MERGULHO";"1940";"1940";"27,00";"52.380,00";"A presente Ata tem por objeto o registro de preços para a eventual aquisição de veículo, tipo Caminhonete/Pick-up, caracterizado, destinado a atender a Secretaria Nacional de Segurança Pública e demais órgãos participantes, conforme condições, quantidades e exigências estabelecidas neste Edital e seus anexos., anexo do Edital do Pregão Eletrônico nº 90015/2025 (31618013), que é parte integrante desta Ata, assim como as propostas cujos preços tenham sido registrados, independentemente de transcrição."
"00068/2025";"200331 - SECRETARIA NACIONAL DE SEGURANCA PUBLICA - SENASP";"90015/2025";"11/11/2025";"12/11/2025";"13/11/2026";"11.031.398/0001-40";"RBF DISTRIBUIDORA E SERVICOS LTDA";"00011";"ACESSÓRIO / PEÇA MERGULHO, TIPO BOCAL, MATERIAL SILICONE, CARACTERíSTICAS ADICIONAIS TAMANHO PADRÃO COM ENCAIXE UNIVERSAL, USO PARA SNORKEL REGULADOR DE MERGULHO, APLICAÇÃO EQUIPAMENTO DE MERGULHO";"3299";"3299";"39,95";"131.793,73";"A presente Ata tem por objeto o registro de preços para a eventual aquisição de veículo, tipo Caminhonete/Pick-up, caracterizado, destinado a atender a Secretaria Nacional de Segurança Pública e demais órgãos participantes, conforme condições, quantidades e exigências estabelecidas neste Edital e seus anexos., anexo do Edital do Pregão Eletrônico nº 90015/2025 (31618013), que é parte integrante desta Ata, assim como as propostas cujos preços tenham sido registrados, independentemente de transcrição."
"00068/2025";"200331 - SECRETARIA NACIONAL DE SEGURANCA PUBLICA - SENASP";"90015/2025";"11/11/2025";"12/11/2025";"13/11/2026";"11.031.398/0001-40";"RBF DISTRIBUIDORA E SERVICOS LTDA";"00012";"ACESSÓRIO / PEÇA MERGULHO, TIPO CINTO LASTRO, MATERIAL NYLON, COR PRETO, DIMENSÕES 50MM X 1,6M, CARACTERíSTICAS ADICIONAIS COM FIVELA DE AÇO, APLICAÇÃO EQUIPAMENTO DE MERGULHO";"1940";"1940";"27,00";"52.380,00";"A presente Ata tem por objeto o registro de preços para a eventual aquisição de veículo, tipo Caminhonete/Pick-up, caracterizado, destinado a atender a Secretaria Nacional de Segurança Pública e demais órgãos participantes, conforme condições, quantidades e exigências estabelecidas neste Edital e seus anexos., anexo do Edital do Pregão Eletrônico nº 90015/2025 (31618013), que é parte integrante desta Ata, assim como as propostas cujos preços tenham sido registrados, independentemente de transcrição."
"00068/2025";"200331 - SECRETARIA NACIONAL DE SEGURANCA PUBLICA - SENASP";"90015/2025";"11/11/2025";"12/11/2025";"13/11/2026";"54.305.743/0011-70";"HPE AUTOMOTORES DO BRASIL LTDA";"00001";"VEÍCULO PICK-UP, TIPO MOTOR TURBO DIESEL, TIPO DIREÇÃO HIDRÁULICA, CARGA ÚTIL 1000 KG, CAPACIDADE PASSAGEIRO 5, TIPO REFRIGERAÇÃO AR QUENTE E AR FRIO, TIPO FREIO SISTEMA ABS NAS QUATRO RODAS, TIPO TRAÇÃO 4X4, CARACTERÍSTICAS ADICIONAIS CABINE DUPLA/AIR BAG/ALARME/ACIONAMENTO ELÉTRICO";"2481";"2481";"348.990,00";"865.844.190,00";"A presente Ata tem por objeto o registro de preços para a eventual aquisição de veículo, tipo Caminhonete/Pick-up, caracterizado, destinado a atender a Secretaria Nacional de Segurança Pública e demais órgãos participantes, conforme condições, quantidades e exigências estabelecidas neste Edital e seus anexos., anexo do Edital do Pregão Eletrônico nº 90015/2025 (31618013), que é parte integrante desta Ata, assim como as propostas cujos preços tenham sido registrados, independentemente de transcrição."
"00048/2024";"200331 - SECRETARIA NACIONAL DE SEGURANCA PUBLICA - SENASP";"90008/2024";"11/11/2024";"12/11/2024";"11/11/2026";"49.490.183/0001-60";"T L SOLUCOES TECNOLOGICAS LTDA";"00006";"AERONAVES TELEGUIADAS, TIPO AERONAVE REMOTAMENTE PILOTADA (DRONE), QUANTIDADE MOTORES 4 MOTORES, TAMANHO DIAGONAL 400 MM, CARACTERÍSTICAS ADICIONAIS SENSOR CMOS DE 20 MEGAPIXELS DE 1 POLEGADA";"25";"25";"139.063,54";"3.476.588,50";"aquisição de aeronaves remotamente tripuladas - drones e baterias para drones, para atender as demandas da Diretoria de Operações Integradas e de Inteligências - DIOPI (oriundas da Coordenação Geral de Fronteiras - CGFRON, do Programa de Enfrentamento das Organizações Criminosas - ENFOC e da Coordenação-Geral de Inteligência (CGINT) através dos Centros Integrados de Inteligência de Segurança Pública (CIISP); da Diretoria da Força Nacional de Segurança Pública - DFNSP, do Plano Amazônia: Segurança e Soberania (PLANO AMAS) e das Cartilhas das Emendas Parlamentares conforme Termo de Referência (SEI nº 28557477) e Estudo Técnico Preliminar nº 29/2024 (SEI nº 28557183), anexos ao edital de Pregão nº 08/2024 (SEI nº 28663971)."
"00048/2024";"200331 - SECRETARIA NACIONAL DE SEGURANCA PUBLICA - SENASP";"90008/2024";"11/11/2024";"12/11/2024";"11/11/2026";"";"?eská zbrojovka a.s.";"00001";"PEÇAS / ACESSÓRIOS ARMAMENTO, TIPO 3 MIRA, MATERIAL METAL, APLICAÇÃO ESPINGARDA CALIBRE 12/ PUMP BSA 5T 84/ BOITO";"34346";"34346";"686,90";"23.592.370,44";"aquisição de aeronaves remotamente tripuladas - drones e baterias para drones, para atender as demandas da Diretoria de Operações Integradas e de Inteligências - DIOPI (oriundas da Coordenação Geral de Fronteiras - CGFRON, do Programa de Enfrentamento das Organizações Criminosas - ENFOC e da Coordenação-Geral de Inteligência (CGINT) através dos Centros Integrados de Inteligência de Segurança Pública (CIISP); da Diretoria da Força Nacional de Segurança Pública - DFNSP, do Plano Amazônia: Segurança e Soberania (PLANO AMAS) e das Cartilhas das Emendas Parlamentares conforme Termo de Referência (SEI nº 28557477) e Estudo Técnico Preliminar nº 29/2024 (SEI nº 28557183), anexos ao edital de Pregão nº 08/2024 (SEI nº 28663971)."
"00044/2024";"200331 - SECRETARIA NACIONAL DE SEGURANCA PUBLICA - SENASP";"90008/2024";"07/11/2024";"08/11/2024";"07/11/2026";"13.373.898/0001-95";"GOHOBBY FUTURE TECHNOLOGY LTDA";"00003";"AERONAVES TELEGUIADAS, TIPO AERONAVE REMOTAMENTE PILOTADA (DRONE), QUANTIDADE MOTORES 4 MOTORES, TAMANHO DIAGONAL 400 MM, CARACTERÍSTICAS ADICIONAIS SENSOR CMOS DE 20 MEGAPIXELS DE 1 POLEGADA";"867";"867";"146.438,13";"126.961.858,71";"registro de preços para a eventual aquisição de aeronaves remotamente tripuladas - drones e baterias para drones, para atender as demandas da Diretoria de Operações Integradas e de Inteligências - DIOPI (oriundas da Coordenação Geral de Fronteiras - CGFRON, do Programa de Enfrentamento das Organizações Criminosas - ENFOC e da Coordenação-Geral de Inteligência (CGINT) através dos Centros Integrados de Inteligência de Segurança Pública (CIISP); da Diretoria da Força Nacional de Segurança Pública - DFNSP, do Plano Amazônia: Segurança e Soberania (PLANO AMAS) e das Cartilhas das Emendas Parlamentares"
"00044/2024";"200331 - SECRETARIA NACIONAL DE SEGURANCA PUBLICA - SENASP";"90008/2024";"07/11/2024";"08/11/2024";"07/11/2026";"33.088.750/0001-16";"RF COMERCIO DE CALCADOS LTDA";"00002";"MOCHILA, MATERIAL POLIAMIDA, COR VERDE OLIVA, APLICAÇÃO OPERAÇÕES MILITARES, ALTURA 32 CM, LARGURA 51 CM, PROFUNDIDADE 12 CM, CARACTERÍSTICAS ADICIONAIS ALÇA DE MÃO E COSTAS, TIPO ALÇA REGULÁVEIS, OUTROS COMPONENTES SUPORTE METÁLICO";"10374";"10374";"337,00";"3.496.038,00";"registro de preços para a eventual aquisição de aeronaves remotamente tripuladas - drones e baterias para drones, para atender as demandas da Diretoria de Operações Integradas e de Inteligências - DIOPI (oriundas da Coordenação Geral de Fronteiras - CGFRON, do Programa de Enfrentamento das Organizações Criminosas - ENFOC e da Coordenação-Geral de Inteligência (CGINT) através dos Centros Integrados de Inteligência de Segurança Pública (CIISP); da Diretoria da Força Nacional de Segurança Pública - DFNSP, do Plano Amazônia: Segurança e Soberania (PLANO AMAS) e das Cartilhas das Emendas Parlamentares"
"00066/2025";"200331 - SECRETARIA NACIONAL DE SEGURANCA PUBLICA - SENASP";"90017/2025";"05/11/2025";"06/11/2025";"06/11/2026";"17.211.480/0001-32";"ENGESUB INDUSTRIA E COMERCIO LTDA";"00007";"ACESSÓRIO / PEÇA MERGULHO, TIPO CONSOLE DE MERGULHO, CARACTERíSTICAS ADICIONAIS MANÔMETRO COM AGULHA, ACOMPANHA MANGUEIRA DE 80 C M, APLICAÇÃO EQUIPAMENTO DE MERGULHO";"1656";"1656";"1.143,82";"1.894.165,59";"A presente Ata tem por objeto o registro de preços para a eventual aquisição de veículos, tipo quadriciclo (ATV) e utilitário multitarefa (UTV),caracterizados, para atender demanda da Secretaria Nacional de Segurança Púbica e demais órgão participantes, especificado no item 02 do Termo de Referência (31662383), anexo do Edital do Pregão Eletrônico nº 90017/2025, que é parte integrante desta Ata, assim como as propostas cujos preços tenham sido registrados, independentemente de transcrição."
"00066/2025";"200331 - SECRETARIA NACIONAL DE SEGURANCA PUBLICA - SENASP";"90017/2025";"05/11/2025";"06/11/2025";"06/11/2026";"17.211.480/0001-32";"ENGESUB INDUSTRIA E COMERCIO LTDA";"00018";"BASTÃO SINALIZADOR, TIPO LUMINOSO, COMPRIMENTO 6 POL, COR VERMELHA/VERDE/ BRANCA, DURAÇÃO 12 H, APLICAÇÃO SOCORRO E SALVAMENTO EMBARCAÇÕES, CARACTERÍSTICAS ADICIONAIS QUIMILUMINESCENTE, A PROVA D´ÁGUA E AUTO-CONTIDO";"1492";"1492";"626,58";"934.854,08";"A presente Ata tem por objeto o registro de preços para a eventual aquisição de veículos, tipo quadriciclo (ATV) e utilitário multitarefa (UTV),caracterizados, para atender demanda da Secretaria Nacional de Segurança Púbica e demais órgão participantes, especificado no item 02 do Termo de Referência (31662383), anexo do Edital do Pregão Eletrônico nº 90017/2025, que é parte integrante desta Ata, assim como as propostas cujos preços tenham sido registrados, independentemente de transcrição."
"00066/2025";"200331 - SECRETARIA NACIONAL DE SEGURANCA PUBLICA - SENASP";"90017/2025";"05/11/2025";"06/11/2025";"06/11/2026";"17.211.480/0001-32";"ENGESUB INDUSTRIA E COMERCIO LTDA";"00006";"MANGUEIRA AR, COMPRIMENTO 0,70 M, DIÂMETRO EXTERNO 3/8 POL, RAIO CURVATURA 180 GRA, CAPACIDADE PRESSÃO 250 A 400 PSI, CARACTERÍSTICAS ADICIONAIS CONEXÃO FÊMEA E MACHO EM AÇO INOXIDÁVEL NAS EXTRE-, APLICAÇÃO PAIOL MERGULHO";"2005";"2005";"1.629,52";"3.267.193,21";"A presente Ata tem por objeto o registro de preços para a eventual aquisição de veículos, tipo quadriciclo (ATV) e utilitário multitarefa (UTV),caracterizados, para atender demanda da Secretaria Nacional de Segurança Púbica e demais órgão participantes, especificado no item 02 do Termo de Referência (31662383), anexo do Edital do Pregão Eletrônico nº 90017/2025, que é parte integrante desta Ata, assim como as propostas cujos preços tenham sido registrados, independentemente de transcrição."
"00066/2025";"200331 - SECRETARIA NACIONAL DE SEGURANCA PUBLICA - SENASP";"90017/2025";"05/11/2025";"06/11/2025";"06/11/2026";"17.211.480/0001-32";"ENGESUB INDUSTRIA E COMERCIO LTDA";"00009";"ACESSÓRIO / PEÇA MERGULHO, TIPO KIT DE MONTAGEM RIGGING, CARACTERíSTICAS ADICIONAIS COMPOSTO DE TIRAS, ELÁSTICOS E MOSQUETÕES, USO FIXAR CILINDRO S-80, APLICAÇÃO COLETE EQUILIBRADOR SIDEMOUNT";"1147";"1147";"3.027,76";"3.472.838,88";"A presente Ata tem por objeto o registro de preços para a eventual aquisição de veículos, tipo quadriciclo (ATV) e utilitário multitarefa (UTV),caracterizados, para atender demanda da Secretaria Nacional de Segurança Púbica e demais órgão participantes, especificado no item 02 do Termo de Referência (31662383), anexo do Edital do Pregão Eletrônico nº 90017/2025, que é parte integrante desta Ata, assim como as propostas cujos preços tenham sido registrados, independentemente de transcrição."
"00066/2025";"200331 - SECRETARIA NACIONAL DE SEGURANCA PUBLICA - SENASP";"90017/2025";"05/11/2025";"06/11/2025";"06/11/2026";"29.127.216/0001-02";"AF EMPREENDIMENTOS LTDA";"00002";"CARRETA REBOQUE, MATERIAL CHAPA AÇO, TIPO REBOQUE CARGA, COMPRIMENTO 4.200 MM, LARGURA 2.200 MM, ALTURA 2.500 MM, CAPACIDADE CARGA 1.500 KG, QUANTIDADE EIXO 1 UN, TIPO CARROCERIA ABERTA";"570";"570";"10.058,82";"5.733.527,40";"A presente Ata tem por objeto o registro de preços para a eventual aquisição de veículos, tipo quadriciclo (ATV) e utilitário multitarefa (UTV),caracterizados, para atender demanda da Secretaria Nacional de Segurança Púbica e demais órgão participantes, especificado no item 02 do Termo de Referência (31662383), anexo do Edital do Pregão Eletrônico nº 90017/2025, que é parte integrante desta Ata, assim como as propostas cujos preços tenham sido registrados, independentemente de transcrição."
"00063/2025";"200331 - SECRETARIA NACIONAL DE SEGURANCA PUBLICA - SENASP";"90010/2024";"04/11/2025";"06/11/2025";"06/11/2026";"01.114.890/0001-25";"FORT CAR REBOQUES LTDA";"00004";"CARRETA, MATERIAL CARROCERIA CHAPA AÇO, CAPACIDADE 6 T, TIPO AGRÍCOLA, COMPRIMENTO 0,95 M, LARGURA 3,60 M, ALTURA 2 M, USO TRANSPORTE CARGA, TIPO PNEU ARO 16, QUANTIDADE PNEU 6 UN";"97";"97";"10.319,23";"1.000.965,31";"A presente Ata tem por objeto o registro de preços para a eventual aquisição de equipamentos de proteção individual para incêndio estrutural e florestal, especificado no item 5 do Termo de Referência nº 41/2024 (30350981), anexo do Edital do Pregão Eletrônico nº 90010/2024 (28723783), que é parte integrante desta Ata, assim como as propostas cujos preços tenham sido registrados, independentemente de transcrição."
"00063/2025";"200331 - SECRETARIA NACIONAL DE SEGURANCA PUBLICA - SENASP";"90010/2024";"04/11/2025";"06/11/2025";"06/11/2026";"01.114.890/0001-25";"FORT CAR REBOQUES LTDA";"00005";"CARRETA, MATERIAL CARROCERIA CHAPA AÇO, CAPACIDADE 6 T, TIPO AGRÍCOLA, COMPRIMENTO 0,95 M, LARGURA 3,60 M, ALTURA 2 M, USO TRANSPORTE CARGA, TIPO PNEU ARO 16, QUANTIDADE PNEU 6 UN";"30";"30";"10.319,23";"309.576,90";"A presente Ata tem por objeto o registro de preços para a eventual aquisição de equipamentos de proteção individual para incêndio estrutural e florestal, especificado no item 5 do Termo de Referência nº 41/2024 (30350981), anexo do Edital do Pregão Eletrônico nº 90010/2024 (28723783), que é parte integrante desta Ata, assim como as propostas cujos preços tenham sido registrados, independentemente de transcrição."
"00063/2025";"200331 - SECRETARIA NACIONAL DE SEGURANCA PUBLICA - SENASP";"90010/2024";"04/11/2025";"06/11/2025";"06/11/2026";"18.685.467/0001-88";"BGS AMERICA LTDA";"00005";"LUVA SEGURANÇA, MATERIAL COURO, APLICAÇÃO COMBATE A INCÊNDIO, CARACTERÍSTICAS ADICIONAIS REFORÇO EXTERNO NA PALMA E POLEGAR, ESPESSURA 1 MM, COMPRIMENTO 200 MM";"21709";"21709";"462,37";"10.037.590,33";"A presente Ata tem por objeto o registro de preços para a eventual aquisição de equipamentos de proteção individual para incêndio estrutural e florestal, especificado no item 5 do Termo de Referência nº 41/2024 (30350981), anexo do Edital do Pregão Eletrônico nº 90010/2024 (28723783), que é parte integrante desta Ata, assim como as propostas cujos preços tenham sido registrados, independentemente de transcrição."
"00060/2025";"200331 - SECRETARIA NACIONAL DE SEGURANCA PUBLICA - SENASP";"90010/2024";"20/10/2025";"31/10/2025";"03/11/2026";"05.757.597/0002-18";"TECHBIZ FORENSE DIGITAL LTDA";"00001";"Cessão Temporária de Direitos Sobre Programas de Computador Locação de Software";"27";"27";"1.245.165,58";"33.619.470,66";"Objeto o registro de preços para a eventual aquisição de equipamentos de proteção individual para incêndio estrutural e florestal, especificado no item 2 do Termo de Referência nº 41/2024 (30350981), anexo do Edital do Pregão Eletrônico nº 90010/2024 (28723783), que é parte integrante desta Ata, assim como as propostas cujos preços tenham sido registrados, independentemente de transcrição."
"00060/2025";"200331 - SECRETARIA NACIONAL DE SEGURANCA PUBLICA - SENASP";"90010/2024";"20/10/2025";"31/10/2025";"03/11/2026";"05.757.597/0002-18";"TECHBIZ FORENSE DIGITAL LTDA";"00003";"Cessão Temporária de Direitos Sobre Programas de Computador Locação de Software";"27";"27";"1.245.165,58";"33.619.470,66";"Objeto o registro de preços para a eventual aquisição de equipamentos de proteção individual para incêndio estrutural e florestal, especificado no item 2 do Termo de Referência nº 41/2024 (30350981), anexo do Edital do Pregão Eletrônico nº 90010/2024 (28723783), que é parte integrante desta Ata, assim como as propostas cujos preços tenham sido registrados, independentemente de transcrição."
"00060/2025";"200331 - SECRETARIA NACIONAL DE SEGURANCA PUBLICA - SENASP";"90010/2024";"20/10/2025";"31/10/2025";"03/11/2026";"05.757.597/0002-18";"TECHBIZ FORENSE DIGITAL LTDA";"00002";"Adaptador Conector Tipo Conectores: Interface Usb 3.0, Aplicação: Notebook E Pendrive";"27";"27";"39.321,20";"1.061.672,40";"Objeto o registro de preços para a eventual aquisição de equipamentos de proteção individual para incêndio estrutural e florestal, especificado no item 2 do Termo de Referência nº 41/2024 (30350981), anexo do Edital do Pregão Eletrônico nº 90010/2024 (28723783), que é parte integrante desta Ata, assim como as propostas cujos preços tenham sido registrados, independentemente de transcrição."
"00060/2025";"200331 - SECRETARIA NACIONAL DE SEGURANCA PUBLICA - SENASP";"90010/2024";"20/10/2025";"31/10/2025";"03/11/2026";"";"Haix - Schuhe - Produktions- und Vertriebs- GmbH";"00002";"COTURNO COMBATE INCÊNDIO, MATERIAL COURO, MATERIAL SOLA BORRACHA, ACABAMENTO SUPERFICIAL COURO CURTIDO AO CROMO, FORMATO ANATÔMICO, ESPESSURA SOLADO 15 A 17 MM, RESISTÊNCIA TEMPERATURA 300 °C, MATERIAL BIQUEIRA TERMOPLÁSTICO/ POLIÉSTER E RESINA VINÍCULA, ESPESSURA BIQUEIRA 1 MM, MATERIAL PALMILHA POLIÉSTER COM ALMA DE AÇO";"21668";"21668";"1.561,91";"33.843.465,88";"Objeto o registro de preços para a eventual aquisição de equipamentos de proteção individual para incêndio estrutural e florestal, especificado no item 2 do Termo de Referência nº 41/2024 (30350981), anexo do Edital do Pregão Eletrônico nº 90010/2024 (28723783), que é parte integrante desta Ata, assim como as propostas cujos preços tenham sido registrados, independentemente de transcrição."
"00062/2025";"200331 - SECRETARIA NACIONAL DE SEGURANCA PUBLICA - SENASP";"90010/2024";"29/10/2025";"03/11/2025";"03/11/2026";"07.692.490/0001-83";"RC-FOREVER COMERCIO DE VEICULOS LTDA";"00003";"LANCHA, MATERIAL CASCO ALUMÍNIO LIGA NAVAL, COMPRIMENTO 8 M, BOCA 2,9 M, CALADO 0,7 M, POTÊNCIA MÁXIMA MOTOR 900 HP, PESO 7 T, QUANTIDADE PASSAGEIRO 8 UN, ACESSÓRIOS SISTEMA DE MONITORAMENTO E REGISTRO DE IMAGENS, CARACTERÍSTICAS ADICIONAIS BLINDADA, TIPO MOTOR MOTOR CENTRO COM EIXO, COMBUSTÍVEL GASOLINA, CAPACIDADE TANQUE COMBUSTÍVEL 1.500 L, TIPO CAPOTA CAPOTA FIXA";"127";"127";"125.750,78";"15.970.349,06";"A presente Ata tem por objeto o registro de preços para a eventual aquisição de equipamentos de proteção individual para incêndio estrutural e florestal, especificado no item 3 do Termo de Referência nº 41/2024 (30350981), anexo do Edital do Pregão Eletrônico nº 90010/2024 (28723783), que é parte integrante desta Ata, assim como as propostas cujos preços tenham sido registrados, independentemente de transcrição."
"00062/2025";"200331 - SECRETARIA NACIONAL DE SEGURANCA PUBLICA - SENASP";"90010/2024";"29/10/2025";"03/11/2025";"03/11/2026";"11.694.789/0001-44";"VECTRA WORK INDUSTRIA E COMERCIO DE UNIFORMES E EQUIPAMENTOS DE PROTECAO INDIVID";"00003";"CAPACETE SEGURANÇA, MATERIAL 100% FIBRA ARAMIDA, TIPO ABA TOTAL, TIPO COPA CRISTA LONGITUDINAL, COR VERMELHA, APLICAÇÃO COMBATE A INCÊNDIO, CARACTERÍSTICAS ADICIONAIS BRASÃO CORPO DE BOMBEIROS PARTE FRONTAL, PADRÃO E U , PESO APROXIMADO 1.510 G";"21545";"21545";"1.990,00";"42.874.550,00";"A presente Ata tem por objeto o registro de preços para a eventual aquisição de equipamentos de proteção individual para incêndio estrutural e florestal, especificado no item 3 do Termo de Referência nº 41/2024 (30350981), anexo do Edital do Pregão Eletrônico nº 90010/2024 (28723783), que é parte integrante desta Ata, assim como as propostas cujos preços tenham sido registrados, independentemente de transcrição."
"00064/2025";"200331 - SECRETARIA NACIONAL DE SEGURANCA PUBLICA - SENASP";"90010/2024";"29/10/2025";"03/11/2025";"03/11/2026";"15.453.449/0001-82";"RESGATECNICA COMERCIO DE EQUIPAMENTOS DE RESGATE LTDA";"00002";"FONE OUVIDO, TIPO HEADSET, COR PRETA, APLICAÇÃO TRANSCEPTOR PORTÁTIL, TRANSDUTOR CONDUÇÃO ÓSSEA, PESO(SEM CABO) 120 G, CONECTOR FISCHER";"1191";"1191";"10.513,05";"12.521.042,55";"A presente Ata tem por objeto o registro de preços para a eventual aquisição de equipamentos de proteção individual para incêndio estrutural e florestal, especificado no item 3 do Termo de Referência nº 41/2024 (30350981), anexo do Edital do Pregão Eletrônico nº 90010/2024 (28723783), que é parte integrante desta Ata, assim como as propostas cujos preços tenham sido registrados, independentemente de transcrição."
"00064/2025";"200331 - SECRETARIA NACIONAL DE SEGURANCA PUBLICA - SENASP";"90010/2024";"29/10/2025";"03/11/2025";"03/11/2026";"15.453.449/0001-82";"RESGATECNICA COMERCIO DE EQUIPAMENTOS DE RESGATE LTDA";"00004";"MÁSCARA MERGULHADOR, MATERIAL SILICONE, TIPO FULL FACE, TAMANHO PADRÃO, CARACTERÍSTICAS ADICIONAIS FONIA, CONJUNTO RECEPTOR/TRANSMISSOR ACOPLADO, MA N";"1373";"1373";"10.513,05";"14.434.417,65";"A presente Ata tem por objeto o registro de preços para a eventual aquisição de equipamentos de proteção individual para incêndio estrutural e florestal, especificado no item 3 do Termo de Referência nº 41/2024 (30350981), anexo do Edital do Pregão Eletrônico nº 90010/2024 (28723783), que é parte integrante desta Ata, assim como as propostas cujos preços tenham sido registrados, independentemente de transcrição."
"00064/2025";"200331 - SECRETARIA NACIONAL DE SEGURANCA PUBLICA - SENASP";"90010/2024";"29/10/2025";"03/11/2025";"03/11/2026";"15.453.449/0001-82";"RESGATECNICA COMERCIO DE EQUIPAMENTOS DE RESGATE LTDA";"00023";"ACESSÓRIO / PEÇA MERGULHO, TIPO COMPUTADOR DE MERGULHO, CARACTERíSTICAS ADICIONAIS DISPLAY LUMINOSO, 3 NÍVEIS DE CONFIGURAÇÃO, ALARM E, USO COM AR, NITROX E MODOS DE CALIBRE";"1066";"1066";"7.884,79";"8.405.183,48";"A presente Ata tem por objeto o registro de preços para a eventual aquisição de equipamentos de proteção individual para incêndio estrutural e florestal, especificado no item 3 do Termo de Referência nº 41/2024 (30350981), anexo do Edital do Pregão Eletrônico nº 90010/2024 (28723783), que é parte integrante desta Ata, assim como as propostas cujos preços tenham sido registrados, independentemente de transcrição."
"00064/2025";"200331 - SECRETARIA NACIONAL DE SEGURANCA PUBLICA - SENASP";"90010/2024";"29/10/2025";"03/11/2025";"03/11/2026";"15.453.449/0001-82";"RESGATECNICA COMERCIO DE EQUIPAMENTOS DE RESGATE LTDA";"00036";"COMPRESSOR DE AR, PRESSÃO MÁXIMA 330 BAR., VAZÃO 100 L/MIN, TENSÃO 220/380/ 440 V, APLICAÇÃO SISTEMA DE PURIFICAÇÃO DO AR, CARACTERÍSTICAS ADICIONAIS MOTOR TRIFÁSICO, QUATRO ESTÁGIOS DE COMPRESSÃO, S, TIPO RADIAL PORTÁTIL";"361";"361";"20.605,58";"7.438.613,66";"A presente Ata tem por objeto o registro de preços para a eventual aquisição de equipamentos de proteção individual para incêndio estrutural e florestal, especificado no item 3 do Termo de Referência nº 41/2024 (30350981), anexo do Edital do Pregão Eletrônico nº 90010/2024 (28723783), que é parte integrante desta Ata, assim como as propostas cujos preços tenham sido registrados, independentemente de transcrição."
"00064/2025";"200331 - SECRETARIA NACIONAL DE SEGURANCA PUBLICA - SENASP";"90010/2024";"29/10/2025";"03/11/2025";"03/11/2026";"15.453.449/0001-82";"RESGATECNICA COMERCIO DE EQUIPAMENTOS DE RESGATE LTDA";"00001";"TRANSCEPTOR, TIPO TRANSMISSOR-RECEPTOR UHF, FREQÜÊNCIA COMUNICAÇÃO 68 CANAIS E 38 SUBTONS, ALCANCE COMUNICAÇÃO EM CAMPO ABERTO ATÉ 2 KM, COR PRETA, USO LIVRE , POTÊNCIA 10 MW, TIPO ANTENA ROTATIVA, TIPO TELA COM MICROPULSAÇÃO, UTILIZAÇÃO INTERCOMUNICAÇÃO PESSOAL, ACESSÓRIOS AURICULAR-MICROFONE/BATERIAS E CARREGADOR";"863";"863";"22.603,06";"19.506.438,62";"A presente Ata tem por objeto o registro de preços para a eventual aquisição de equipamentos de proteção individual para incêndio estrutural e florestal, especificado no item 3 do Termo de Referência nº 41/2024 (30350981), anexo do Edital do Pregão Eletrônico nº 90010/2024 (28723783), que é parte integrante desta Ata, assim como as propostas cujos preços tenham sido registrados, independentemente de transcrição."
"00064/2025";"200331 - SECRETARIA NACIONAL DE SEGURANCA PUBLICA - SENASP";"90010/2024";"29/10/2025";"03/11/2025";"03/11/2026";"15.453.449/0001-82";"RESGATECNICA COMERCIO DE EQUIPAMENTOS DE RESGATE LTDA";"00003";"TRANSCEPTOR, TIPO TRANSMISSOR-RECEPTOR UHF, FREQÜÊNCIA COMUNICAÇÃO 68 CANAIS E 38 SUBTONS, ALCANCE COMUNICAÇÃO EM CAMPO ABERTO ATÉ 2 KM, COR PRETA, USO LIVRE , POTÊNCIA 10 MW, TIPO ANTENA ROTATIVA, TIPO TELA COM MICROPULSAÇÃO, UTILIZAÇÃO INTERCOMUNICAÇÃO PESSOAL, ACESSÓRIOS AURICULAR-MICROFONE/BATERIAS E CARREGADOR";"759";"759";"35.744,37";"27.129.976,83";"A presente Ata tem por objeto o registro de preços para a eventual aquisição de equipamentos de proteção individual para incêndio estrutural e florestal, especificado no item 3 do Termo de Referência nº 41/2024 (30350981), anexo do Edital do Pregão Eletrônico nº 90010/2024 (28723783), que é parte integrante desta Ata, assim como as propostas cujos preços tenham sido registrados, independentemente de transcrição."
"00064/2025";"200331 - SECRETARIA NACIONAL DE SEGURANCA PUBLICA - SENASP";"90010/2024";"29/10/2025";"03/11/2025";"03/11/2026";"15.453.449/0001-82";"RESGATECNICA COMERCIO DE EQUIPAMENTOS DE RESGATE LTDA";"00016";"CILINDRO GÁS, MATERIAL ALUMÍNIO, CAPACIDADE ARMAZENAGEM 2 KG, TIPO GÁS DIÓXIDO DE CARBONO, VOLUME 2,68 L, CARACTERÍSTICAS ADICIONAIS MODELO MD/1503";"1272";"1272";"2.343,36";"2.980.752,39";"A presente Ata tem por objeto o registro de preços para a eventual aquisição de equipamentos de proteção individual para incêndio estrutural e florestal, especificado no item 3 do Termo de Referência nº 41/2024 (30350981), anexo do Edital do Pregão Eletrônico nº 90010/2024 (28723783), que é parte integrante desta Ata, assim como as propostas cujos preços tenham sido registrados, independentemente de transcrição."
"00064/2025";"200331 - SECRETARIA NACIONAL DE SEGURANCA PUBLICA - SENASP";"90010/2024";"29/10/2025";"03/11/2025";"03/11/2026";"15.453.449/0001-82";"RESGATECNICA COMERCIO DE EQUIPAMENTOS DE RESGATE LTDA";"00029";"ROUPA MERGULHADOR, TIPO PROFISSIONAL, COR PRETA, TAMANHO G, APLICAÇÃO ÁGUA POLUÍDA, CARACTERÍSTICAS ADICIONAIS SECA, TRILAMINADA, CAPUZ, REFORÇADA NOS JOELHOS E";"1104";"1104";"27.785,99";"30.675.734,28";"A presente Ata tem por objeto o registro de preços para a eventual aquisição de equipamentos de proteção individual para incêndio estrutural e florestal, especificado no item 3 do Termo de Referência nº 41/2024 (30350981), anexo do Edital do Pregão Eletrônico nº 90010/2024 (28723783), que é parte integrante desta Ata, assim como as propostas cujos preços tenham sido registrados, independentemente de transcrição."
"00064/2025";"200331 - SECRETARIA NACIONAL DE SEGURANCA PUBLICA - SENASP";"90010/2024";"29/10/2025";"03/11/2025";"03/11/2026";"03.928.511/0001-66";"S.O.S SUL RESGATE - COMERCIO E SERVICOS DE SEGURANCA E SINALIZACAO LTDA";"00006";"CAPACETE SEGURANÇA, MATERIAL ACRILONITRILA-BUTADIENO-ESTIRENO (ABS), APLICAÇÃO GRUPO DE SALVAMENTO, CARACTERÍSTICAS ADICIONAIS TIPO III, CLASSE.A SEM ABA, SUPORTE PARA LANTERNA";"3424";"3424";"1.175,00";"4.023.200,00";"A presente Ata tem por objeto o registro de preços para a eventual aquisição de equipamentos de proteção individual para incêndio estrutural e florestal, especificado no item 3 do Termo de Referência nº 41/2024 (30350981), anexo do Edital do Pregão Eletrônico nº 90010/2024 (28723783), que é parte integrante desta Ata, assim como as propostas cujos preços tenham sido registrados, independentemente de transcrição."
"00040/2024";"200331 - SECRETARIA NACIONAL DE SEGURANCA PUBLICA - SENASP";"90007/2024";"22/10/2024";"31/10/2024";"31/10/2026";"89.422.042/0001-24";"TRIEL-HT INDUSTRIAL E PARTICIPACOES S/A";"00006";"CAMINHÃO, TIPO PIPA, POTÊNCIA MOTOR 230 CV, MOTOR DIESEL, CAPACIDADE VOLUMÉTRICA 12.000 L";"1";"1";"1.578.378,82";"1.578.378,82";"A presente Ata tem por objeto o registro de preços para a eventual aquisição de veículos auto bomba tanque florestal (ABTF), para atender necessidades da LIGABOM, através do Escritório ComprasSusp, nos termos do Termo de Referência, anexo I do edital de Licitação nº 7/2024."
"00040/2024";"200331 - SECRETARIA NACIONAL DE SEGURANCA PUBLICA - SENASP";"90007/2024";"22/10/2024";"31/10/2024";"31/10/2026";"03.619.767/0005-15";"TORINO INFORMATICA LTDA..";"00001";"ADAPTADOR CONECTOR, TIPO CONECTORES MULTIPORTA COM 4K HDMI USB 3.0, RJ45 ETHERNET, APLICAÇÃO NOTEBOOKS COM PORTAS USB TIPO-C, CARACTERÍSTICAS ADICIONAIS SUPORTA HDMI/USB HUB E PORTO DE CARREGAMENTO, NÚMERO CONTATO 5 EM 1";"1904";"1904";"1.099,00";"2.092.496,00";"A presente Ata tem por objeto o registro de preços para a eventual aquisição de veículos auto bomba tanque florestal (ABTF), para atender necessidades da LIGABOM, através do Escritório ComprasSusp, nos termos do Termo de Referência, anexo I do edital de Licitação nº 7/2024."
"00040/2024";"200331 - SECRETARIA NACIONAL DE SEGURANCA PUBLICA - SENASP";"90007/2024";"22/10/2024";"31/10/2024";"31/10/2026";"03.871.566/0003-49";"ESCOLA DE AVIACAO CIVIL ASAS ROTATIVAS LTDA";"00001";"Curso / Aperfeiçoamento - Pilotagem de Aeronave";"272";"272";"85.000,00";"23.120.000,00";"A presente Ata tem por objeto o registro de preços para a eventual aquisição de veículos auto bomba tanque florestal (ABTF), para atender necessidades da LIGABOM, através do Escritório ComprasSusp, nos termos do Termo de Referência, anexo I do edital de Licitação nº 7/2024."
"00040/2024";"200331 - SECRETARIA NACIONAL DE SEGURANCA PUBLICA - SENASP";"90007/2024";"22/10/2024";"31/10/2024";"31/10/2026";"03.871.566/0003-49";"ESCOLA DE AVIACAO CIVIL ASAS ROTATIVAS LTDA";"00002";"Curso / Aperfeiçoamento - Pilotagem de Aeronave";"280";"280";"135.000,00";"37.800.000,00";"A presente Ata tem por objeto o registro de preços para a eventual aquisição de veículos auto bomba tanque florestal (ABTF), para atender necessidades da LIGABOM, através do Escritório ComprasSusp, nos termos do Termo de Referência, anexo I do edital de Licitação nº 7/2024."
"00040/2024";"200331 - SECRETARIA NACIONAL DE SEGURANCA PUBLICA - SENASP";"90007/2024";"22/10/2024";"31/10/2024";"31/10/2026";"03.871.566/0003-49";"ESCOLA DE AVIACAO CIVIL ASAS ROTATIVAS LTDA";"00003";"Curso / Aperfeiçoamento - Pilotagem de Aeronave";"254";"254";"64.989,00";"16.507.206,00";"A presente Ata tem por objeto o registro de preços para a eventual aquisição de veículos auto bomba tanque florestal (ABTF), para atender necessidades da LIGABOM, através do Escritório ComprasSusp, nos termos do Termo de Referência, anexo I do edital de Licitação nº 7/2024."
"00040/2024";"200331 - SECRETARIA NACIONAL DE SEGURANCA PUBLICA - SENASP";"90007/2024";"22/10/2024";"31/10/2024";"31/10/2026";"03.622.266/0001-64";"EFAI - ESCOLA DE AVIACAO CIVIL LTDA";"00004";"Curso / Aperfeiçoamento - Pilotagem de Aeronave";"350";"350";"49.740,00";"17.409.000,00";"A presente Ata tem por objeto o registro de preços para a eventual aquisição de veículos auto bomba tanque florestal (ABTF), para atender necessidades da LIGABOM, através do Escritório ComprasSusp, nos termos do Termo de Referência, anexo I do edital de Licitação nº 7/2024."
"00039/2024";"200331 - SECRETARIA NACIONAL DE SEGURANCA PUBLICA - SENASP";"90007/2024";"16/10/2024";"31/10/2024";"31/10/2026";"92.249.150/0001-51";"MITREN - SISTEMAS E MONTAGENS VEICULARES S.A.";"00003";"CAMINHÃO, TIPO PIPA, POTÊNCIA MOTOR 230 CV, MOTOR DIESEL, CAPACIDADE VOLUMÉTRICA 12.000 L";"162";"162";"1.494.198,62";"242.060.176,44";"A presente Ata tem por objeto o registro de preços para a eventual aquisição de veículos auto bomba tanque florestal (ABTF), para atender necessidades da LIGABOM, através do Escritório ComprasSusp, nos termos do Termo de Referência, anexo I do edital de Licitação nº 7/2024."
"00039/2024";"200331 - SECRETARIA NACIONAL DE SEGURANCA PUBLICA - SENASP";"90007/2024";"16/10/2024";"31/10/2024";"31/10/2026";"25.462.154/0001-26";"OBJECT COMERCIO DE EQUIPAMENTOS LTDA";"00002";"LAVADORA ULTRASSÔNICA, MODELO HORIZONTAL, DE BANCADA, MATERIAL GABINETE E TAMPA EM POLÍMERO, AJUSTE PAINEL DIGITAL, CAPACIDADE CERCA DE 2 L, TEMPERATURA TEMPERATURA ATÉ 65 °C, ADICIONAL 1 C/ CESTO P/ INSTRUMENTAL, CARACTERÍSTICA ABASTECIMENTO E ESCOAMENTO MANUAL";"185";"185";"2.427,99";"449.178,15";"A presente Ata tem por objeto o registro de preços para a eventual aquisição de veículos auto bomba tanque florestal (ABTF), para atender necessidades da LIGABOM, através do Escritório ComprasSusp, nos termos do Termo de Referência, anexo I do edital de Licitação nº 7/2024."
"00039/2024";"200331 - SECRETARIA NACIONAL DE SEGURANCA PUBLICA - SENASP";"90007/2024";"16/10/2024";"31/10/2024";"31/10/2026";"03.871.566/0003-49";"ESCOLA DE AVIACAO CIVIL ASAS ROTATIVAS LTDA";"00001";"Curso / Aperfeiçoamento - Pilotagem de Aeronave";"272";"272";"85.000,00";"23.120.000,00";"A presente Ata tem por objeto o registro de preços para a eventual aquisição de veículos auto bomba tanque florestal (ABTF), para atender necessidades da LIGABOM, através do Escritório ComprasSusp, nos termos do Termo de Referência, anexo I do edital de Licitação nº 7/2024."
"00039/2024";"200331 - SECRETARIA NACIONAL DE SEGURANCA PUBLICA - SENASP";"90007/2024";"16/10/2024";"31/10/2024";"31/10/2026";"03.871.566/0003-49";"ESCOLA DE AVIACAO CIVIL ASAS ROTATIVAS LTDA";"00002";"Curso / Aperfeiçoamento - Pilotagem de Aeronave";"280";"280";"135.000,00";"37.800.000,00";"A presente Ata tem por objeto o registro de preços para a eventual aquisição de veículos auto bomba tanque florestal (ABTF), para atender necessidades da LIGABOM, através do Escritório ComprasSusp, nos termos do Termo de Referência, anexo I do edital de Licitação nº 7/2024."
"00039/2024";"200331 - SECRETARIA NACIONAL DE SEGURANCA PUBLICA - SENASP";"90007/2024";"16/10/2024";"31/10/2024";"31/10/2026";"03.871.566/0003-49";"ESCOLA DE AVIACAO CIVIL ASAS ROTATIVAS LTDA";"00003";"Curso / Aperfeiçoamento - Pilotagem de Aeronave";"254";"254";"64.989,00";"16.507.206,00";"A presente Ata tem por objeto o registro de preços para a eventual aquisição de veículos auto bomba tanque florestal (ABTF), para atender necessidades da LIGABOM, através do Escritório ComprasSusp, nos termos do Termo de Referência, anexo I do edital de Licitação nº 7/2024."
"00039/2024";"200331 - SECRETARIA NACIONAL DE SEGURANCA PUBLICA - SENASP";"90007/2024";"16/10/2024";"31/10/2024";"31/10/2026";"03.622.266/0001-64";"EFAI - ESCOLA DE AVIACAO CIVIL LTDA";"00004";"Curso / Aperfeiçoamento - Pilotagem de Aeronave";"350";"350";"49.740,00";"17.409.000,00";"A presente Ata tem por objeto o registro de preços para a eventual aquisição de veículos auto bomba tanque florestal (ABTF), para atender necessidades da LIGABOM, através do Escritório ComprasSusp, nos termos do Termo de Referência, anexo I do edital de Licitação nº 7/2024."
"00041/2024";"200331 - SECRETARIA NACIONAL DE SEGURANCA PUBLICA - SENASP";"90019/2024";"24/10/2024";"28/10/2024";"28/10/2026";"03.817.702/0001-50";"VOLUS INSTITUICAO DE PAGAMENTO LTDA";"00001";"QUEROSENE, USO PARA AVIAÇÃO, TIPO QAV-1";"9166490";"9166490";"9,97";"91.354.155,99";"Retificar o marco e o período de vigência da Ata de Registro de Preços."
"00041/2024";"200331 - SECRETARIA NACIONAL DE SEGURANCA PUBLICA - SENASP";"90019/2024";"24/10/2024";"28/10/2024";"28/10/2026";"03.817.702/0001-50";"VOLUS INSTITUICAO DE PAGAMENTO LTDA";"00002";"Taxa de Administração para serviço de gerenciamento e controle de fornecimento  de combustível de aviação";"21946";"21946";"5,78";"126.847,88";"Retificar o marco e o período de vigência da Ata de Registro de Preços."
"00041/2024";"200331 - SECRETARIA NACIONAL DE SEGURANCA PUBLICA - SENASP";"90019/2024";"24/10/2024";"28/10/2024";"28/10/2026";"46.973.126/0001-43";"SSG SOLUCOES LTDA";"00006";"REDE DE DORMIR, MATERIAL NYLON, TIPO MILITAR, CARACTERÍSTICAS ADICIONAIS MOSQUITEIRO, ZÍPER, CAPTAÇÃO ÁGUA CHUVA, CAMUFLAD A";"6505";"6505";"411,84";"2.679.019,20";"Retificar o marco e o período de vigência da Ata de Registro de Preços."
"00041/2024";"200331 - SECRETARIA NACIONAL DE SEGURANCA PUBLICA - SENASP";"90019/2024";"24/10/2024";"28/10/2024";"28/10/2026";"46.973.126/0001-43";"SSG SOLUCOES LTDA";"00005";"CAMA METÁLICA DOBRÁVEL, MATERIAL ESTRUTURA AÇO, TIPO ESTRADO TECIDO POLIAMIDA, COMPRIMENTO 1,88 M, LARGURA 0,58 M, ALTURA 0,45 M, APLICAÇÃO CAMPANHA, CARACTERÍSTICAS ADICIONAIS DOBRÁVEL PARA ESTOCAGEM E TRANSPORTE";"4433";"4433";"270,00";"1.196.910,00";"Retificar o marco e o período de vigência da Ata de Registro de Preços."
"00041/2024";"200331 - SECRETARIA NACIONAL DE SEGURANCA PUBLICA - SENASP";"90019/2024";"24/10/2024";"28/10/2024";"28/10/2026";"89.422.042/0001-24";"TRIEL-HT INDUSTRIAL E PARTICIPACOES S/A";"00001";"Veículo Especial";"161";"161";"678.800,00";"109.286.800,00";"Retificar o marco e o período de vigência da Ata de Registro de Preços."
"00024/2024";"200331 - SECRETARIA NACIONAL DE SEGURANCA PUBLICA - SENASP";"90015/2024";"19/09/2024";"25/10/2024";"25/10/2026";"27.975.551/0003-99";"VANGUARDA INFORMATICA LTDA";"00001";"Aparelho celular do tipo Smartphone 5G";"7376";"7463";"2.091,32";"15.425.576,32";"A presente Ata tem por objeto o registro de preços para a eventual aquisição de aparelhos celulares do tipo smartphone 5G, especificado(s) no(s) item(ns) 01 do Termo de Referência, anexo I do edital de Licitação nº 15/2024, que é parte integrante desta Ata, assim como as propostas cujos preços tenham sido registrados, independentemente de transcrição."
"00024/2024";"200331 - SECRETARIA NACIONAL DE SEGURANCA PUBLICA - SENASP";"90015/2024";"19/09/2024";"25/10/2024";"25/10/2026";"09.211.871/0001-29";"RAFAEL INDUSTRIA E CONFECCOES LTDA";"00004";"VESTUÁRIO PROTEÇÃO, MATERIAL TECIDO RIPSTOP, TAMANHO SOB MEDIDA, TIPO USO UNIFORME PARA DOE E DOA PCDF, CARACTERÍSTICAS ADICIONAIS BOLSOS FRONTAIS E NAS MANGAS, COR ESTAMPA MULTICAM BLACK, TIPO GANDOLA";"7000";"7000";"240,00";"1.680.000,00";"A presente Ata tem por objeto o registro de preços para a eventual aquisição de aparelhos celulares do tipo smartphone 5G, especificado(s) no(s) item(ns) 01 do Termo de Referência, anexo I do edital de Licitação nº 15/2024, que é parte integrante desta Ata, assim como as propostas cujos preços tenham sido registrados, independentemente de transcrição."
"00024/2024";"200331 - SECRETARIA NACIONAL DE SEGURANCA PUBLICA - SENASP";"90015/2024";"19/09/2024";"25/10/2024";"25/10/2026";"09.211.871/0001-29";"RAFAEL INDUSTRIA E CONFECCOES LTDA";"00006";"JAPONA, MATERIAL 70% POLIÉSTER E 30% ALGODÃO, REVESTIMENTO INTERNO FORRO REMOVÍVEL, BACTERICIDA, FUNGICIDA E ANTI-MI C, MATERIAL FORRO MANTA TÉRMICA, APLICAÇÃO PROTEÇÃO CONTRA O FRIO EM BAIXAS TEMPERATURAS, CARACTERÍSTICAS ADICIONAIS PADRÃO RIP-STOP, COM TEFLON, REFORÇOS DE TRAMA E U";"1000";"1000";"258,00";"258.000,00";"A presente Ata tem por objeto o registro de preços para a eventual aquisição de aparelhos celulares do tipo smartphone 5G, especificado(s) no(s) item(ns) 01 do Termo de Referência, anexo I do edital de Licitação nº 15/2024, que é parte integrante desta Ata, assim como as propostas cujos preços tenham sido registrados, independentemente de transcrição."
"00024/2024";"200331 - SECRETARIA NACIONAL DE SEGURANCA PUBLICA - SENASP";"90015/2024";"19/09/2024";"25/10/2024";"25/10/2026";"09.211.871/0001-29";"RAFAEL INDUSTRIA E CONFECCOES LTDA";"00008";"BONÉ, MATERIAL CORPO TECIDO 67% POLIESTER E 33% ALGODÃO, MODELO GORRO DE SELVA , COR CAMUFLADO, CARACTERÍSTICAS ADICIONAIS COM FORRO VERDE OLIVA, TAMANHO ÚNICO";"2500";"2500";"31,00";"77.500,00";"A presente Ata tem por objeto o registro de preços para a eventual aquisição de aparelhos celulares do tipo smartphone 5G, especificado(s) no(s) item(ns) 01 do Termo de Referência, anexo I do edital de Licitação nº 15/2024, que é parte integrante desta Ata, assim como as propostas cujos preços tenham sido registrados, independentemente de transcrição."
"00024/2024";"200331 - SECRETARIA NACIONAL DE SEGURANCA PUBLICA - SENASP";"90015/2024";"19/09/2024";"25/10/2024";"25/10/2026";"09.211.871/0001-29";"RAFAEL INDUSTRIA E CONFECCOES LTDA";"00003";"CALÇA, MATERIAL TECIDO RIP STOP, MODELO PADRÃO DOA E DOE DA PCDF, QUANTIDADE BOLSOS 8 BOLSOS 2 FRONTAIS, 2 TRASEIROS, 2 LATERAIS E 2, COR ESTAMPA MULTICAM BLACK, TAMANHO SOB MEDIDA, CARACTERÍSTICAS ADICIONAIS CONFORME MODELO";"7000";"7000";"209,00";"1.463.000,00";"A presente Ata tem por objeto o registro de preços para a eventual aquisição de aparelhos celulares do tipo smartphone 5G, especificado(s) no(s) item(ns) 01 do Termo de Referência, anexo I do edital de Licitação nº 15/2024, que é parte integrante desta Ata, assim como as propostas cujos preços tenham sido registrados, independentemente de transcrição."
"00024/2024";"200331 - SECRETARIA NACIONAL DE SEGURANCA PUBLICA - SENASP";"90015/2024";"19/09/2024";"25/10/2024";"25/10/2026";"09.211.871/0001-29";"RAFAEL INDUSTRIA E CONFECCOES LTDA";"00005";"VESTUÁRIO PROTEÇÃO, MATERIAL TECIDO RIPSTOP, TAMANHO SOB MEDIDA, TIPO USO UNIFORME PARA DOE E DOA PCDF, CARACTERÍSTICAS ADICIONAIS BOLSOS FRONTAIS E NAS MANGAS, COR ESTAMPA MULTICAM BLACK, TIPO GANDOLA";"7000";"7000";"200,00";"1.400.000,00";"A presente Ata tem por objeto o registro de preços para a eventual aquisição de aparelhos celulares do tipo smartphone 5G, especificado(s) no(s) item(ns) 01 do Termo de Referência, anexo I do edital de Licitação nº 15/2024, que é parte integrante desta Ata, assim como as propostas cujos preços tenham sido registrados, independentemente de transcrição."
"00024/2024";"200331 - SECRETARIA NACIONAL DE SEGURANCA PUBLICA - SENASP";"90015/2024";"19/09/2024";"25/10/2024";"25/10/2026";"09.211.871/0001-29";"RAFAEL INDUSTRIA E CONFECCOES LTDA";"00007";"BONÉ, MATERIAL CORPO TECIDO RIPSTOP, MATERIAL ABA TECIDO RIPSTOP, MATERIAL REGULADOR ABERTURA VELCRO, MODELO TRADICIONAL, COR PRETA, TIPO IMPRESSÃO BORDADO EM ALTO RELEVO, CARACTERÍSTICAS ADICIONAIS CONFORME MODELO DO ÓRGÃO, TAMANHO SOB MEDIDA";"4000";"4000";"26,00";"104.000,00";"A presente Ata tem por objeto o registro de preços para a eventual aquisição de aparelhos celulares do tipo smartphone 5G, especificado(s) no(s) item(ns) 01 do Termo de Referência, anexo I do edital de Licitação nº 15/2024, que é parte integrante desta Ata, assim como as propostas cujos preços tenham sido registrados, independentemente de transcrição."
"00024/2024";"200331 - SECRETARIA NACIONAL DE SEGURANCA PUBLICA - SENASP";"90015/2024";"19/09/2024";"25/10/2024";"25/10/2026";"09.211.871/0001-29";"RAFAEL INDUSTRIA E CONFECCOES LTDA";"00009";"CALÇÃO, MATERIAL POLIÉSTER, COR PRETA, TAMANHO MÉDIO, CARACTERÍSTICAS ADICIONAIS COM SUNGA E CORDÃO";"4000";"4000";"31,84";"127.360,00";"A presente Ata tem por objeto o registro de preços para a eventual aquisição de aparelhos celulares do tipo smartphone 5G, especificado(s) no(s) item(ns) 01 do Termo de Referência, anexo I do edital de Licitação nº 15/2024, que é parte integrante desta Ata, assim como as propostas cujos preços tenham sido registrados, independentemente de transcrição."
"00024/2024";"200331 - SECRETARIA NACIONAL DE SEGURANCA PUBLICA - SENASP";"90015/2024";"19/09/2024";"25/10/2024";"25/10/2026";"10.194.062/0001-35";"SAFETY WALL DEFESA E SEGURANCA LTDA.";"00002";"COLETOR RESÍDUOS ARMA DE FOGO, MATERIAL ALUMÍNIO E PELÍCULA CARBONO, COMPONENTES DISCO, ADESIVO CONDUTOR E INVÓLUCRO, DIMENSÕES CERCA DE 13 X 3,5 MM";"142";"142";"75.000,00";"10.650.000,00";"A presente Ata tem por objeto o registro de preços para a eventual aquisição de aparelhos celulares do tipo smartphone 5G, especificado(s) no(s) item(ns) 01 do Termo de Referência, anexo I do edital de Licitação nº 15/2024, que é parte integrante desta Ata, assim como as propostas cujos preços tenham sido registrados, independentemente de transcrição."
"00024/2024";"200331 - SECRETARIA NACIONAL DE SEGURANCA PUBLICA - SENASP";"90015/2024";"19/09/2024";"25/10/2024";"25/10/2026";"10.194.062/0001-35";"SAFETY WALL DEFESA E SEGURANCA LTDA.";"00003";"COLETOR RESÍDUOS ARMA DE FOGO, MATERIAL ALUMÍNIO E PELÍCULA CARBONO, COMPONENTES DISCO, ADESIVO CONDUTOR E INVÓLUCRO, DIMENSÕES CERCA DE 13 X 3,5 MM";"180";"180";"65.650,00";"11.817.000,00";"A presente Ata tem por objeto o registro de preços para a eventual aquisição de aparelhos celulares do tipo smartphone 5G, especificado(s) no(s) item(ns) 01 do Termo de Referência, anexo I do edital de Licitação nº 15/2024, que é parte integrante desta Ata, assim como as propostas cujos preços tenham sido registrados, independentemente de transcrição."
"00067/2025";"200331 - SECRETARIA NACIONAL DE SEGURANCA PUBLICA - SENASP";"90017/2025";"21/10/2025";"23/10/2025";"23/10/2026";"36.415.033/0001-40";"INNOVA COMERCIO DE MAQUINAS E EQUIPAMENTOS LTDA";"00010";"MÁSCARA MERGULHADOR, MATERIAL SILICONE, TIPO SEMI-FACIAL, TAMANHO PADRÃO, CARACTERÍSTICAS ADICIONAIS BORDAS E TIRANTES EM SILICONE LÍQUIDO, ANTI-ALÉRG I";"3223";"3223";"99,87";"321.893,90";"A presente Ata tem por objeto o registro de preços para a eventual aquisição de veículos, tipo quadriciclo (ATV) e utilitário multitarefa (UTV),caracterizados, para atender demanda da Secretaria Nacional de Segurança Púbica e demais órgão participantes, especificado no item 04 do Termo de Referência (31662383), anexo do Edital do Pregão Eletrônico nº 90017/2025, que é parte integrante desta Ata, assim como as propostas cujos preços tenham sido registrados, independentemente de transcrição."
"00067/2025";"200331 - SECRETARIA NACIONAL DE SEGURANCA PUBLICA - SENASP";"90017/2025";"21/10/2025";"23/10/2025";"23/10/2026";"36.415.033/0001-40";"INNOVA COMERCIO DE MAQUINAS E EQUIPAMENTOS LTDA";"00025";"BÚSSOLA NAVEGAÇÃO, MATERIAL TERMOPLÁSTICO DE ALTA,MÉDIA E BAIXA DENSIDADE, APLICAÇÃO CONFECÇÃO DE BÚSSOLA DE NAVEGAÇÃO";"1153";"1153";"240,75";"277.583,37";"A presente Ata tem por objeto o registro de preços para a eventual aquisição de veículos, tipo quadriciclo (ATV) e utilitário multitarefa (UTV),caracterizados, para atender demanda da Secretaria Nacional de Segurança Púbica e demais órgão participantes, especificado no item 04 do Termo de Referência (31662383), anexo do Edital do Pregão Eletrônico nº 90017/2025, que é parte integrante desta Ata, assim como as propostas cujos preços tenham sido registrados, independentemente de transcrição."
"00067/2025";"200331 - SECRETARIA NACIONAL DE SEGURANCA PUBLICA - SENASP";"90017/2025";"21/10/2025";"23/10/2025";"23/10/2026";"36.415.033/0001-40";"INNOVA COMERCIO DE MAQUINAS E EQUIPAMENTOS LTDA";"00019";"EQUIPAMENTO / ACESSÓRIOS DESPORTO, MATERIAL ELASTÔMERO, TIPO NADADEIRA ABERTA, DIMENSÕES SOB MEDIDA CM, USO PARA BOTA DE MERGULHO, CARACTERÍSTICAS ADICIONAIS TIRAS DE MOLA DE AçO INOX, REFORÇADAS COM PARAFUS O";"1924";"1924";"733,81";"1.411.852,17";"A presente Ata tem por objeto o registro de preços para a eventual aquisição de veículos, tipo quadriciclo (ATV) e utilitário multitarefa (UTV),caracterizados, para atender demanda da Secretaria Nacional de Segurança Púbica e demais órgão participantes, especificado no item 04 do Termo de Referência (31662383), anexo do Edital do Pregão Eletrônico nº 90017/2025, que é parte integrante desta Ata, assim como as propostas cujos preços tenham sido registrados, independentemente de transcrição."
"00067/2025";"200331 - SECRETARIA NACIONAL DE SEGURANCA PUBLICA - SENASP";"90017/2025";"21/10/2025";"23/10/2025";"23/10/2026";"73.628.307/0001-05";"ACN COMERCIO DE PRODUTOS DE TRANSITO LTDA";"00004";"CARRETA REBOQUE, MATERIAL CHAPA AÇO, TIPO REBOQUE CARGA, COMPRIMENTO 4.200 MM, LARGURA 2.200 MM, ALTURA 2.500 MM, CAPACIDADE CARGA 1.500 KG, QUANTIDADE EIXO 1 UN, TIPO CARROCERIA ABERTA";"464";"464";"21.357,95";"9.910.088,80";"A presente Ata tem por objeto o registro de preços para a eventual aquisição de veículos, tipo quadriciclo (ATV) e utilitário multitarefa (UTV),caracterizados, para atender demanda da Secretaria Nacional de Segurança Púbica e demais órgão participantes, especificado no item 04 do Termo de Referência (31662383), anexo do Edital do Pregão Eletrônico nº 90017/2025, que é parte integrante desta Ata, assim como as propostas cujos preços tenham sido registrados, independentemente de transcrição."
"00065/2025";"200331 - SECRETARIA NACIONAL DE SEGURANCA PUBLICA - SENASP";"90017/2025";"21/10/2025";"23/10/2025";"23/10/2026";"18.272.465/0001-67";"MB COMERCIO DE MAQUINAS, FERRAMENTAS E SERVICOS LTDA";"00005";"ACESSÓRIO / PEÇA MERGULHO, TIPO CONJUNTO REGULADOR 1º E 2º ESTÁGIOSPARA MERGULHO, CARACTERíSTICAS ADICIONAIS 4 PORTAS DE BAIXA E 2 PORTAS ALTA PRESSÃO, COMPAT Í, APLICAÇÃO COLETE EQUILIBRADOR SIDEMOUNT";"1782";"1782";"2.079,06";"3.704.884,92";"A presente Ata tem por objeto o registro de preços para a eventual aquisição de veículos, tipo quadriciclo (ATV) e utilitário multitarefa (UTV),caracterizados, para atender demanda da Secretaria Nacional de Segurança Púbica e demais órgão participantes, especificados nos itens 01 e 03 do Termo de Referência (31662383), anexo do Edital do Pregão Eletrônico nº 90017/2025, que é parte integrante desta Ata, assim como as propostas cujos preços tenham sido registrados, independentemente de transcrição."
"00065/2025";"200331 - SECRETARIA NACIONAL DE SEGURANCA PUBLICA - SENASP";"90017/2025";"21/10/2025";"23/10/2025";"23/10/2026";"10.215.056/0001-17";"COMFORT INDUSTRIA E COMERCIO LTDA";"00001";"QUADRICICLO, POTÊNCIA MÍNIMA 26 CV, QUANTIDADE MARCHAS 5 MARCHAS Á FRENTE E UMA RÉ, CILINDRADA MÍNIMA 400 CC, COR AZUL, MODELO ZERO KM, CARACTERÍSTICAS ADICIONAIS TRAÇÃO 4X4, 4 TEMPOS, SISTEMA PARTIDA ELÉTRICA";"570";"570";"53.500,00";"30.495.000,00";"A presente Ata tem por objeto o registro de preços para a eventual aquisição de veículos, tipo quadriciclo (ATV) e utilitário multitarefa (UTV),caracterizados, para atender demanda da Secretaria Nacional de Segurança Púbica e demais órgão participantes, especificados nos itens 01 e 03 do Termo de Referência (31662383), anexo do Edital do Pregão Eletrônico nº 90017/2025, que é parte integrante desta Ata, assim como as propostas cujos preços tenham sido registrados, independentemente de transcrição."
"00065/2025";"200331 - SECRETARIA NACIONAL DE SEGURANCA PUBLICA - SENASP";"90017/2025";"21/10/2025";"23/10/2025";"23/10/2026";"10.215.056/0001-17";"COMFORT INDUSTRIA E COMERCIO LTDA";"00003";"VEÍCULO ESPECIAL, TIPO VEÍCULO UTV ""VEÍCULO UTILITÁRIO MULTITAREFAS"", TIPO MOTOR BICILÍNDRICO, 4 TEMPOS, POTÊNCIA MOTOR 960 CC, TRAÇÃO 4X2 E 4X4, TRANSMISSÃO AUTOMÁTICA, CAPACIDADE DE CARGA 685 KG, TANQUE DE ABASTECIMENTO 40 L, CARACTERÍSTICAS ADICIONAIS DIREÇÃO HIDRÁULICA, SUSPENSÃO INDEPENDENTE; COLUN A, APLICAçãO OFF-ROAD, SERVIÇO NÃO CLASSIFICADO OU LAZER AO AR, CAPACIDADE DE PASSAGEIROS 6, TIPO DE COMBUSTÍVEL GASOLINA";"464";"464";"190.000,00";"88.160.000,00";"A presente Ata tem por objeto o registro de preços para a eventual aquisição de veículos, tipo quadriciclo (ATV) e utilitário multitarefa (UTV),caracterizados, para atender demanda da Secretaria Nacional de Segurança Púbica e demais órgão participantes, especificados nos itens 01 e 03 do Termo de Referência (31662383), anexo do Edital do Pregão Eletrônico nº 90017/2025, que é parte integrante desta Ata, assim como as propostas cujos preços tenham sido registrados, independentemente de transcrição."
"00036/2024";"200331 - SECRETARIA NACIONAL DE SEGURANCA PUBLICA - SENASP";"90014/2024";"27/09/2024";"22/10/2024";"22/10/2026";"45.218.484/0001-88";"GESPI INDUSTRIA E COMERCIO DE EQUIPAMENTOS AERONAUTICOS LTDA";"00002";"LANCHA, MATERIAL CASCO ALUMÍNIO LIGA NAVAL, COMPRIMENTO 8 M, BOCA 2,9 M, CALADO 0,7 M, POTÊNCIA MÁXIMA MOTOR 900 HP, PESO 7 T, QUANTIDADE PASSAGEIRO 8 UN, ACESSÓRIOS SISTEMA DE MONITORAMENTO E REGISTRO DE IMAGENS, CARACTERÍSTICAS ADICIONAIS BLINDADA, TIPO MOTOR MOTOR CENTRO COM EIXO, COMBUSTÍVEL GASOLINA, CAPACIDADE TANQUE COMBUSTÍVEL 1.500 L, TIPO CAPOTA CAPOTA FIXA";"30";"30";"3.475.553,20";"104.266.596,00";"O registro de preços para a eventual aquisição de meios de transporte aquáticos, sendo estes lanchas e motos aquáticas, especificado no item 02 do Termo de Referência (28091756), anexo I do edital de Licitação nº 14/2024 (28707910), que é parte integrante desta Ata, assim como as propostas cujos preços tenham sido registrados, independentemente de transcrição."
"00036/2024";"200331 - SECRETARIA NACIONAL DE SEGURANCA PUBLICA - SENASP";"90014/2024";"27/09/2024";"22/10/2024";"22/10/2026";"50.937.669/0001-82";"SIGMETAL INDUSTRIA DE EQUIPAMENTOS EM ACOS LTDA";"00001";"APARELHO / EQUIPAMENTO PARA CONDICIONAMENTO FÍSICO, TIPO BARRA, MATERIAL AÇO, APLICAÇÃO CONDICIONAMENTO FÍSICO, CARACTERISTICAS ADICIONAIS COM 2 PRESILHAS, DIMENSÕES 2,20 M";"557";"557";"10.749,72";"5.987.594,04";"O registro de preços para a eventual aquisição de meios de transporte aquáticos, sendo estes lanchas e motos aquáticas, especificado no item 02 do Termo de Referência (28091756), anexo I do edital de Licitação nº 14/2024 (28707910), que é parte integrante desta Ata, assim como as propostas cujos preços tenham sido registrados, independentemente de transcrição."
"00036/2024";"200331 - SECRETARIA NACIONAL DE SEGURANCA PUBLICA - SENASP";"90014/2024";"27/09/2024";"22/10/2024";"22/10/2026";"50.937.669/0001-82";"SIGMETAL INDUSTRIA DE EQUIPAMENTOS EM ACOS LTDA";"00003";"APARELHO / EQUIPAMENTO PARA CONDICIONAMENTO FÍSICO, TIPO CADEIRA EXTENSORA, MATERIAL AÇO CARBONO, APLICAÇÃO CONDICIONAMENTO FÍSICO, CARACTERISTICAS ADICIONAIS ASSENTO REGULÁVEL, REGULAGEM DE CARGA";"560";"560";"9.551,91";"5.349.069,60";"O registro de preços para a eventual aquisição de meios de transporte aquáticos, sendo estes lanchas e motos aquáticas, especificado no item 02 do Termo de Referência (28091756), anexo I do edital de Licitação nº 14/2024 (28707910), que é parte integrante desta Ata, assim como as propostas cujos preços tenham sido registrados, independentemente de transcrição."
"00036/2024";"200331 - SECRETARIA NACIONAL DE SEGURANCA PUBLICA - SENASP";"90014/2024";"27/09/2024";"22/10/2024";"22/10/2026";"50.937.669/0001-82";"SIGMETAL INDUSTRIA DE EQUIPAMENTOS EM ACOS LTDA";"00002";"APARELHO / EQUIPAMENTO PARA CONDICIONAMENTO FÍSICO, TIPO PUXADA ALTA DUPLA, MATERIAL AÇO CARBONO, APLICAÇÃO TRAPÉZIO, BÍCEPS, OMBROS";"506";"506";"10.252,90";"5.187.967,40";"O registro de preços para a eventual aquisição de meios de transporte aquáticos, sendo estes lanchas e motos aquáticas, especificado no item 02 do Termo de Referência (28091756), anexo I do edital de Licitação nº 14/2024 (28707910), que é parte integrante desta Ata, assim como as propostas cujos preços tenham sido registrados, independentemente de transcrição."
"00036/2024";"200331 - SECRETARIA NACIONAL DE SEGURANCA PUBLICA - SENASP";"90014/2024";"27/09/2024";"22/10/2024";"22/10/2026";"50.937.669/0001-82";"SIGMETAL INDUSTRIA DE EQUIPAMENTOS EM ACOS LTDA";"00004";"APARELHO / EQUIPAMENTO PARA CONDICIONAMENTO FÍSICO, TIPO CADEIRA FLEXORA, MATERIAL AÇO CARBONO, APLICAÇÃO CONDICIONAMENTO FÍSICO, DIMENSÕES 1,11 X 1,55 X 1,52 M";"484";"484";"8.018,88";"3.881.137,92";"O registro de preços para a eventual aquisição de meios de transporte aquáticos, sendo estes lanchas e motos aquáticas, especificado no item 02 do Termo de Referência (28091756), anexo I do edital de Licitação nº 14/2024 (28707910), que é parte integrante desta Ata, assim como as propostas cujos preços tenham sido registrados, independentemente de transcrição."
"00036/2024";"200331 - SECRETARIA NACIONAL DE SEGURANCA PUBLICA - SENASP";"90014/2024";"27/09/2024";"22/10/2024";"22/10/2026";"50.615.423/0001-94";"LIDER BANDEIRAS E UNIFORMES LTDA";"00002";"SUPORTE DE MASTRO DE BANDEIRA, MATERIAL MADEIRA, COMPRIMENTO 460 MM, LARGURA 240 MM, ALTURA 150 MM, CARACTERISTICAS ADICIONAIS COM ENCAIXE PARA 28MM. SAPATA EM ACO INOX, QUANTIDADE DE MASTROS 3 UN";"538";"538";"247,50";"133.155,00";"O registro de preços para a eventual aquisição de meios de transporte aquáticos, sendo estes lanchas e motos aquáticas, especificado no item 02 do Termo de Referência (28091756), anexo I do edital de Licitação nº 14/2024 (28707910), que é parte integrante desta Ata, assim como as propostas cujos preços tenham sido registrados, independentemente de transcrição."
"00036/2024";"200331 - SECRETARIA NACIONAL DE SEGURANCA PUBLICA - SENASP";"90014/2024";"27/09/2024";"22/10/2024";"22/10/2026";"50.615.423/0001-94";"LIDER BANDEIRAS E UNIFORMES LTDA";"00004";"MASTRO BANDEIRA, MATERIAL ALUMÍNIO, ALTURA 2,30 M, DIÂMETRO 28 MM, CARACTERÍSTICAS ADICIONAIS COM LANÇA E BASE CROMADAS";"2058";"2058";"111,00";"228.438,00";"O registro de preços para a eventual aquisição de meios de transporte aquáticos, sendo estes lanchas e motos aquáticas, especificado no item 02 do Termo de Referência (28091756), anexo I do edital de Licitação nº 14/2024 (28707910), que é parte integrante desta Ata, assim como as propostas cujos preços tenham sido registrados, independentemente de transcrição."
"00036/2024";"200331 - SECRETARIA NACIONAL DE SEGURANCA PUBLICA - SENASP";"90014/2024";"27/09/2024";"22/10/2024";"22/10/2026";"50.615.423/0001-94";"LIDER BANDEIRAS E UNIFORMES LTDA";"00007";"TALABARTE DE BANDEIRA, MODELO COM PONTEIRA NIQUELADA., MATERIAL TERGAL VERGÃO, ALTURA 13,50 CM, FORRAÇÃO VELUDO AMARELO, CARACTERÍSTICAS ADICIONAIS CONFORME MODELO DO ÓRGÃO";"1978";"1978";"75,00";"148.350,00";"O registro de preços para a eventual aquisição de meios de transporte aquáticos, sendo estes lanchas e motos aquáticas, especificado no item 02 do Termo de Referência (28091756), anexo I do edital de Licitação nº 14/2024 (28707910), que é parte integrante desta Ata, assim como as propostas cujos preços tenham sido registrados, independentemente de transcrição."
"00036/2024";"200331 - SECRETARIA NACIONAL DE SEGURANCA PUBLICA - SENASP";"90014/2024";"27/09/2024";"22/10/2024";"22/10/2026";"50.615.423/0001-94";"LIDER BANDEIRAS E UNIFORMES LTDA";"00003";"SUPORTE DE MASTRO DE BANDEIRA, MATERIAL MADEIRA, COMPRIMENTO 460 MM, LARGURA 240 MM, ALTURA 150 MM, CARACTERISTICAS ADICIONAIS COM ENCAIXE PARA 28MM. SAPATA EM ACO INOX, QUANTIDADE DE MASTROS 3 UN";"649";"649";"287,00";"186.263,00";"O registro de preços para a eventual aquisição de meios de transporte aquáticos, sendo estes lanchas e motos aquáticas, especificado no item 02 do Termo de Referência (28091756), anexo I do edital de Licitação nº 14/2024 (28707910), que é parte integrante desta Ata, assim como as propostas cujos preços tenham sido registrados, independentemente de transcrição."
"00036/2024";"200331 - SECRETARIA NACIONAL DE SEGURANCA PUBLICA - SENASP";"90014/2024";"27/09/2024";"22/10/2024";"22/10/2026";"50.615.423/0001-94";"LIDER BANDEIRAS E UNIFORMES LTDA";"00005";"MASTRO BANDEIRA, MATERIAL MADEIRA, ALTURA 2,20 M, DIÂMETRO 30 MM, ACABAMENTO SUPERFICIAL ENVERNIZADO, CARACTERÍSTICAS ADICIONAIS COM LANÇA CROMADA";"762";"762";"142,00";"108.204,00";"O registro de preços para a eventual aquisição de meios de transporte aquáticos, sendo estes lanchas e motos aquáticas, especificado no item 02 do Termo de Referência (28091756), anexo I do edital de Licitação nº 14/2024 (28707910), que é parte integrante desta Ata, assim como as propostas cujos preços tenham sido registrados, independentemente de transcrição."
"00036/2024";"200331 - SECRETARIA NACIONAL DE SEGURANCA PUBLICA - SENASP";"90014/2024";"27/09/2024";"22/10/2024";"22/10/2026";"50.615.423/0001-94";"LIDER BANDEIRAS E UNIFORMES LTDA";"00008";"BANDEIRA INSTITUCIONAL, MATERIAL CETIM, COMPRIMENTO 21 CM, LARGURA 14 CM, CARACTERÍSTICAS ADICIONAIS BANDEIRA DE MESA";"1880";"1880";"40,00";"75.200,00";"O registro de preços para a eventual aquisição de meios de transporte aquáticos, sendo estes lanchas e motos aquáticas, especificado no item 02 do Termo de Referência (28091756), anexo I do edital de Licitação nº 14/2024 (28707910), que é parte integrante desta Ata, assim como as propostas cujos preços tenham sido registrados, independentemente de transcrição."
"00036/2024";"200331 - SECRETARIA NACIONAL DE SEGURANCA PUBLICA - SENASP";"90014/2024";"27/09/2024";"22/10/2024";"22/10/2026";"50.615.423/0001-94";"LIDER BANDEIRAS E UNIFORMES LTDA";"00010";"CACHECOL, MATERIAL ALGODÃO, TIPO DE PARADA, COR AZUL TURQUESA, APLICAÇÃO USO MILITAR";"429";"429";"15,20";"6.520,80";"O registro de preços para a eventual aquisição de meios de transporte aquáticos, sendo estes lanchas e motos aquáticas, especificado no item 02 do Termo de Referência (28091756), anexo I do edital de Licitação nº 14/2024 (28707910), que é parte integrante desta Ata, assim como as propostas cujos preços tenham sido registrados, independentemente de transcrição."
"00036/2024";"200331 - SECRETARIA NACIONAL DE SEGURANCA PUBLICA - SENASP";"90014/2024";"27/09/2024";"22/10/2024";"22/10/2026";"50.615.423/0001-94";"LIDER BANDEIRAS E UNIFORMES LTDA";"00009";"BANDEIRA INSTITUCIONAL, MATERIAL POLIÉSTER, COMPRIMENTO 128 CM, LARGURA 90 CM, CARACTERÍSTICAS ADICIONAIS SÍMBOLO BORDADO, REPRESENTAÇÃO ESTADO DE SÃO PAULO";"6206";"6206";"50,00";"310.300,00";"O registro de preços para a eventual aquisição de meios de transporte aquáticos, sendo estes lanchas e motos aquáticas, especificado no item 02 do Termo de Referência (28091756), anexo I do edital de Licitação nº 14/2024 (28707910), que é parte integrante desta Ata, assim como as propostas cujos preços tenham sido registrados, independentemente de transcrição."
"00036/2024";"200331 - SECRETARIA NACIONAL DE SEGURANCA PUBLICA - SENASP";"90014/2024";"27/09/2024";"22/10/2024";"22/10/2026";"50.615.423/0001-94";"LIDER BANDEIRAS E UNIFORMES LTDA";"00029";"TOALHA MESA, MATERIAL JACQUARD, FORMATO RETANGULAR, COMPRIMENTO 3,70 M, LARGURA 2,50 M, COR VARIADA";"735";"735";"92,00";"67.620,00";"O registro de preços para a eventual aquisição de meios de transporte aquáticos, sendo estes lanchas e motos aquáticas, especificado no item 02 do Termo de Referência (28091756), anexo I do edital de Licitação nº 14/2024 (28707910), que é parte integrante desta Ata, assim como as propostas cujos preços tenham sido registrados, independentemente de transcrição."
"00059/2025";"200331 - SECRETARIA NACIONAL DE SEGURANCA PUBLICA - SENASP";"90025/2025";"30/09/2025";"10/10/2025";"10/10/2026";"11.909.227/0001-70";"PROMEGA BIOTECNOLOGIA DO BRASIL LTDA.";"00002";"Ponteira Laboratório Material: Polipropileno , Capacidade: Até 200 Mcl , Acessórios: Com Filtro Hidrófobo , Esterilidade*: Estéril, Livre De Dnase E Rnase , Tipo Uso*: Descartável , Adicional: Condutiva";"98";"98";"3.979,00";"389.942,00";"A presente Ata tem por objeto o registro de preços para a eventual aquisição de aquisição de tablets, destinado a atender a Secretaria Nacional de Segurança Pública e demais órgãos participantes, especificado no Termo de Referência (32498824), anexo do Edital do Pregão Eletrônico nº 90025/2025 (32425937)."
"00059/2025";"200331 - SECRETARIA NACIONAL DE SEGURANCA PUBLICA - SENASP";"90025/2025";"30/09/2025";"10/10/2025";"10/10/2026";"11.909.227/0001-70";"PROMEGA BIOTECNOLOGIA DO BRASIL LTDA.";"00001";"Equipamento Laboratório Tipo: P/ Purificação De Ácidos Nucleicos , Método: Ensaio Magnético , Ajuste: Ajuste Digital, C/ Painel De Controle, Programável , Adicional: Até 1000 µL, Até 80°C , Capacidade: Até 15 Amostras/Corrida";"507";"507";"1.850,00";"937.950,00";"A presente Ata tem por objeto o registro de preços para a eventual aquisição de aquisição de tablets, destinado a atender a Secretaria Nacional de Segurança Pública e demais órgãos participantes, especificado no Termo de Referência (32498824), anexo do Edital do Pregão Eletrônico nº 90025/2025 (32425937)."
"00059/2025";"200331 - SECRETARIA NACIONAL DE SEGURANCA PUBLICA - SENASP";"90025/2025";"30/09/2025";"10/10/2025";"10/10/2026";"27.975.551/0003-99";"VANGUARDA INFORMATICA LTDA";"00001";"TABLET, TELA SUPERIOR A 10 POL, MEMÓRIA RAM MÍNIMO 8 GB, ARMAZENAMENTO INTERNO 128 GB, ARMAZENAMENTO EXTERNO SEM ARMAZENAMENTO EXTERNO GB, PROCESSADOR CHIP M2 PRO, CÂMERA FRONTAL SUPERIOR A 8 MPX, CÂMERA TRASEIRA 8,1 A 13 MPX, CONECTIVIDADE WI-FI/ 5G/ BLUETOOTH, SISTEMA OPERACIONAL PROPRIETÁRIO";"4863";"4863";"1.528,80";"7.434.554,40";"A presente Ata tem por objeto o registro de preços para a eventual aquisição de aquisição de tablets, destinado a atender a Secretaria Nacional de Segurança Pública e demais órgãos participantes, especificado no Termo de Referência (32498824), anexo do Edital do Pregão Eletrônico nº 90025/2025 (32425937)."
"00061/2025";"200331 - SECRETARIA NACIONAL DE SEGURANCA PUBLICA - SENASP";"90018/2025";"24/09/2025";"25/09/2025";"25/09/2026";"";"Ceská zbrojovka a.s.";"00003";"LANTERNA ELÉTRICA, MATERIAL ALUMÍNIO, TIPO TÁTICA, CARACTERÍSTICAS ADICIONAIS RESISTENTE A RESPINGOS DE ÁGUA, CHUVA E BARRO, APLICAÇÃO POLICIAL, TIPO LÂMPADA CREE LED Q5, ACESSÓRIOS CARREGADOR BIVOLT";"35447";"35447";"544,28";"19.293.093,16";"A presente Ata tem por objeto o registro de preços para a eventual aquisição de motocicleta, 300cc, caracterizada, para atender demanda da Secretaria Nacional de Segurança Púbica e demais órgão participantes, especificado no item 02 do Termo de Referência (31619371), anexo do Edital do Pregão Eletrônico nº 90018/2025 (31619382), que é parte integrante desta Ata, assim como as propostas cujos preços tenham sido registrados, independentemente de transcrição."
"00061/2025";"200331 - SECRETARIA NACIONAL DE SEGURANCA PUBLICA - SENASP";"90018/2025";"24/09/2025";"25/09/2025";"25/09/2026";"10.144.013/0001-98";"PERNAMBUCO MOTOS LTDA";"00002";"VEÍCULO TRANSPORTE PESSOAL, APLICAÇÃO MILITAR, TIPO MOTOCICLETA, CAPACIDADE TRANSPORTE PASSAGEIROS 2 UN, TRAÇÃO 2 X 1, COMBUSTÍVEL GASOLINA, CAPACIDADE TANQUE COMBUSTÍVEL 12 L";"334";"334";"51.900,00";"17.334.600,00";"A presente Ata tem por objeto o registro de preços para a eventual aquisição de motocicleta, 300cc, caracterizada, para atender demanda da Secretaria Nacional de Segurança Púbica e demais órgão participantes, especificado no item 02 do Termo de Referência (31619371), anexo do Edital do Pregão Eletrônico nº 90018/2025 (31619382), que é parte integrante desta Ata, assim como as propostas cujos preços tenham sido registrados, independentemente de transcrição."
"00058/2025";"200331 - SECRETARIA NACIONAL DE SEGURANCA PUBLICA - SENASP";"90018/2025";"19/09/2025";"22/09/2025";"22/09/2026";"63.067.904/0005-88";"LIFE TECHNOLOGIES BRASIL COMERCIO E INDUSTRIA DE PRODUTOS PARA BIOTECNOLOGIA LTD";"00004";"material: polipropileno, capacidade: até 1025 mcl, acessórios: com filtro hidrófobo, esterilidade*: estéril, livre de dnase e rnase, tipo uso*: descartável, adicional: condutiva";"50";"50";"6.069,62";"303.481,00";"A presente Ata tem por objeto o registro de preços para a eventual aquisição de motocicleta, 300cc, caracterizada, para atender demanda da Secretaria Nacional de Segurança Púbica e demais órgão participantes, especificado no item 01 do Termo de Referência (31619371), anexo do Edital do Pregão Eletrônico nº 90018/2025 (31619382), que é parte integrante desta Ata, assim como as propostas cujos preços tenham sido registrados, independentemente de transcrição."
"00058/2025";"200331 - SECRETARIA NACIONAL DE SEGURANCA PUBLICA - SENASP";"90018/2025";"19/09/2025";"22/09/2025";"22/09/2026";"63.067.904/0005-88";"LIFE TECHNOLOGIES BRASIL COMERCIO E INDUSTRIA DE PRODUTOS PARA BIOTECNOLOGIA LTD";"00006";"tipo: placa 96 poços, tipo de análise: para calibração espectral, característica adicional: para sequenciador automático de dna";"233";"233";"1.208,37";"281.550,21";"A presente Ata tem por objeto o registro de preços para a eventual aquisição de motocicleta, 300cc, caracterizada, para atender demanda da Secretaria Nacional de Segurança Púbica e demais órgão participantes, especificado no item 01 do Termo de Referência (31619371), anexo do Edital do Pregão Eletrônico nº 90018/2025 (31619382), que é parte integrante desta Ata, assim como as propostas cujos preços tenham sido registrados, independentemente de transcrição."
"00058/2025";"200331 - SECRETARIA NACIONAL DE SEGURANCA PUBLICA - SENASP";"90018/2025";"19/09/2025";"22/09/2025";"22/09/2026";"63.067.904/0005-88";"LIFE TECHNOLOGIES BRASIL COMERCIO E INDUSTRIA DE PRODUTOS PARA BIOTECNOLOGIA LTD";"00003";"material: polipropileno, capacidade: até 1025 mcl, acessórios: com filtro hidrófobo, esterilidade*: estéril, livre de dnase e rnase, tipo uso*: descartável, adicional: condutiva";"182";"182";"4.101,37";"746.449,34";"A presente Ata tem por objeto o registro de preços para a eventual aquisição de motocicleta, 300cc, caracterizada, para atender demanda da Secretaria Nacional de Segurança Púbica e demais órgão participantes, especificado no item 01 do Termo de Referência (31619371), anexo do Edital do Pregão Eletrônico nº 90018/2025 (31619382), que é parte integrante desta Ata, assim como as propostas cujos preços tenham sido registrados, independentemente de transcrição."
"00058/2025";"200331 - SECRETARIA NACIONAL DE SEGURANCA PUBLICA - SENASP";"90018/2025";"19/09/2025";"22/09/2025";"22/09/2026";"63.067.904/0005-88";"LIFE TECHNOLOGIES BRASIL COMERCIO E INDUSTRIA DE PRODUTOS PARA BIOTECNOLOGIA LTD";"00005";"material: polipropileno, capacidade: até 50 mcl, acessórios: com filtro hidrófobo, esterilidade*: estéril, livre de dnase e rnase, tipo uso*: descartável, adicional: condutiva";"126";"126";"5.989,69";"754.700,94";"A presente Ata tem por objeto o registro de preços para a eventual aquisição de motocicleta, 300cc, caracterizada, para atender demanda da Secretaria Nacional de Segurança Púbica e demais órgão participantes, especificado no item 01 do Termo de Referência (31619371), anexo do Edital do Pregão Eletrônico nº 90018/2025 (31619382), que é parte integrante desta Ata, assim como as propostas cujos preços tenham sido registrados, independentemente de transcrição."
"00058/2025";"200331 - SECRETARIA NACIONAL DE SEGURANCA PUBLICA - SENASP";"90018/2025";"19/09/2025";"22/09/2025";"22/09/2026";"63.067.904/0005-88";"LIFE TECHNOLOGIES BRASIL COMERCIO E INDUSTRIA DE PRODUTOS PARA BIOTECNOLOGIA LTD";"00007";"tipo: placa 96 poços, tipo de análise: para calibração espectral, característica adicional: para sequenciador automático de dna";"64";"64";"3.097,26";"198.224,64";"A presente Ata tem por objeto o registro de preços para a eventual aquisição de motocicleta, 300cc, caracterizada, para atender demanda da Secretaria Nacional de Segurança Púbica e demais órgão participantes, especificado no item 01 do Termo de Referência (31619371), anexo do Edital do Pregão Eletrônico nº 90018/2025 (31619382), que é parte integrante desta Ata, assim como as propostas cujos preços tenham sido registrados, independentemente de transcrição."
"00058/2025";"200331 - SECRETARIA NACIONAL DE SEGURANCA PUBLICA - SENASP";"90018/2025";"19/09/2025";"22/09/2025";"22/09/2026";"10.144.013/0001-98";"PERNAMBUCO MOTOS LTDA";"00001";"VEÍCULO TRANSPORTE PESSOAL, APLICAÇÃO MILITAR, TIPO MOTOCICLETA, CAPACIDADE TRANSPORTE PASSAGEIROS 2 UN, TRAÇÃO 2 X 1, COMBUSTÍVEL GASOLINA, CAPACIDADE TANQUE COMBUSTÍVEL 12 L";"1539";"1539";"49.390,00";"76.011.210,00";"A presente Ata tem por objeto o registro de preços para a eventual aquisição de motocicleta, 300cc, caracterizada, para atender demanda da Secretaria Nacional de Segurança Púbica e demais órgão participantes, especificado no item 01 do Termo de Referência (31619371), anexo do Edital do Pregão Eletrônico nº 90018/2025 (31619382), que é parte integrante desta Ata, assim como as propostas cujos preços tenham sido registrados, independentemente de transcrição."
"00055/2025";"200331 - SECRETARIA NACIONAL DE SEGURANCA PUBLICA - SENASP";"90011/2025";"17/09/2025";"22/09/2025";"22/09/2026";"07.560.240/0001-90";"MARINE METALURGICA LTDA";"00001";"LANCHA, MATERIAL CASCO ALUMÍNIO LIGA NAVAL, COMPRIMENTO 8 M, BOCA 2,9 M, CALADO 0,7 M, POTÊNCIA MÁXIMA MOTOR 900 HP, PESO 7 T, QUANTIDADE PASSAGEIRO 8 UN, ACESSÓRIOS SISTEMA DE MONITORAMENTO E REGISTRO DE IMAGENS, CARACTERÍSTICAS ADICIONAIS BLINDADA, TIPO MOTOR MOTOR CENTRO COM EIXO, COMBUSTÍVEL GASOLINA, CAPACIDADE TANQUE COMBUSTÍVEL 1.500 L, TIPO CAPOTA CAPOTA FIXA";"1050";"1050";"615.012,90";"645.763.545,00";"A presente Ata tem por objeto o registro de preços para a eventual aquisição de câmeras termográficas, para atender demanda da Secretaria Nacional, nos termos da tabela abaixo, conforme condições e exigências estabelecidas de Segurança Pública e demais órgão participantes, especificado no item 01 do Termo de Referência (30828013), anexo do Edital do Pregão Eletrônico Internacional nº 90011/2025, que é parte integrante desta Ata, assim como as propostas cujos preços tenham sido registrados, independentemente de transcrição."
"00055/2025";"200331 - SECRETARIA NACIONAL DE SEGURANCA PUBLICA - SENASP";"90011/2025";"17/09/2025";"22/09/2025";"22/09/2026";"07.204.578/0001-09";"FLIR SYSTEMS BRASIL COMERCIO DE CAMERAS INFRAVERMELHAS LTDA.";"00001";"LENTE CÂMERA TERMOGRÁFICA, CAMPO VISÃO HORIZONTAL HFOV 10 GRAUS (0,18 A 2 M), CAMPO VISÃO VERTICAL VFOV 7,50 GRAUS (0,14 A 2 M), DISTÂNCIA FOCAL MÍNIMA 2 M, COMPRIMENTO 4,80 CM, DIÂMETRO 11,70 CM, REFERÊNCIA LENTE 10 GRAU 194176";"389";"389";"17.999,00";"7.001.611,00";"A presente Ata tem por objeto o registro de preços para a eventual aquisição de câmeras termográficas, para atender demanda da Secretaria Nacional, nos termos da tabela abaixo, conforme condições e exigências estabelecidas de Segurança Pública e demais órgão participantes, especificado no item 01 do Termo de Referência (30828013), anexo do Edital do Pregão Eletrônico Internacional nº 90011/2025, que é parte integrante desta Ata, assim como as propostas cujos preços tenham sido registrados, independentemente de transcrição."
"00056/2025";"200331 - SECRETARIA NACIONAL DE SEGURANCA PUBLICA - SENASP";"90016/2025";"11/09/2025";"16/09/2025";"16/09/2026";"63.067.904/0002-35";"LIFE TECHNOLOGIES BRASIL COMERCIO E INDUSTRIA DE PRODUTOS PARA BIOTECNOLOGIA LTD";"00002";"Equipamento Laboratório Tipo: P/ Purificação De Ácidos Nucleicos E Proteínas , Método: P/ Colunas De Centrifugação , Ajuste: Ajuste Digital,C/ Tela Sensível Toque, Programável , Característica Adicional: C/ Agitador Orbital, Rotor Até 12.000 Rpm , Componentes: C/ Compartimento Expurgo, Estante Reagentes";"14";"14";"2.684.489,77";"37.582.856,78";"Registro de preços para a eventual aquisição de veículo policial, tipo sedan, descaracterizado e com proteção balística, destinado a atender a Secretaria Nacional de Segurança Pública e demais órgãos participantes, especificado no Termo de Referência (32216150), anexo do Edital do Pregão Eletrônico nº 90016/2025 (30891012)"
"00056/2025";"200331 - SECRETARIA NACIONAL DE SEGURANCA PUBLICA - SENASP";"90016/2025";"11/09/2025";"16/09/2025";"16/09/2026";"63.067.904/0002-35";"LIFE TECHNOLOGIES BRASIL COMERCIO E INDUSTRIA DE PRODUTOS PARA BIOTECNOLOGIA LTD";"00001";"Equipamento Laboratório Tipo: P/ Purificação De Ácidos Nucleicos E Proteínas , Método: P/ Colunas De Centrifugação , Ajuste: Ajuste Digital,C/ Tela Sensível Toque, Programável , Característica Adicional: C/ Agitador Orbital, Rotor Até 12.000 Rpm , Componentes: C/ Compartimento Expurgo, Estante Reagentes";"15";"15";"2.898.064,78";"43.470.971,70";"Registro de preços para a eventual aquisição de veículo policial, tipo sedan, descaracterizado e com proteção balística, destinado a atender a Secretaria Nacional de Segurança Pública e demais órgãos participantes, especificado no Termo de Referência (32216150), anexo do Edital do Pregão Eletrônico nº 90016/2025 (30891012)"
"00056/2025";"200331 - SECRETARIA NACIONAL DE SEGURANCA PUBLICA - SENASP";"90016/2025";"11/09/2025";"16/09/2025";"16/09/2026";"17.140.820/0007-77";"BYD DO BRASIL LTDA.";"00001";"AUTOMÓVEL, TIPO MOTOR 1.6 L, QUANTIDADE PORTAS 4 UN, TIPO COMBUSTÍVEL BI- COMBUSTÍVEL, POTÊNCIA MÍNIMA 140 CV, CAPACIDADE PORTA-MALA 430 L, QUANTIDADE PASSAGEIRO 5 UN, MODELO SEDAN, COR METÁLICA, CARACTERÍSTICAS ADICIONAIS AR CONDICIONADO, DIREÇÃO HIDRÁULICA";"1411";"1411";"273.000,00";"385.203.000,00";"Registro de preços para a eventual aquisição de veículo policial, tipo sedan, descaracterizado e com proteção balística, destinado a atender a Secretaria Nacional de Segurança Pública e demais órgãos participantes, especificado no Termo de Referência (32216150), anexo do Edital do Pregão Eletrônico nº 90016/2025 (30891012)"
"00057/2025";"200331 - SECRETARIA NACIONAL DE SEGURANCA PUBLICA - SENASP";"90019/2025";"11/09/2025";"16/09/2025";"16/09/2026";"01.334.250/0003-92";"QIAGEN BIOTECNOLOGIA BRASIL LTDA.";"00001";"Ponteira Laboratório Material: Polipropileno , Capacidade: Até 50 Mcl , Acessórios: Com Filtro Hidrófobo , Esterilidade*: Estéril, Livre De Dnase E Rnase , Tipo Uso*: Descartável , Adicional: Condutiva";"324";"324";"1.696,00";"549.504,00";"Registro de preços para a eventual contratação de software para localização, rastreamento e análise de transações com criptoativos, baseadas em blockchain, para atender demanda da Secretaria Nacional de Segurança Púbica e demais órgão participantes, especificado(s) no Termo de Referência nº 77/2025(31846449), anexo do Edital do Pregão Eletrônico nº 90019/2025(31788686)."
"00057/2025";"200331 - SECRETARIA NACIONAL DE SEGURANCA PUBLICA - SENASP";"90019/2025";"11/09/2025";"16/09/2025";"16/09/2026";"01.334.250/0003-92";"QIAGEN BIOTECNOLOGIA BRASIL LTDA.";"00002";"Ponteira Laboratório Material: Polipropileno , Capacidade: Até 200 Mcl , Acessórios: Com Filtro Hidrófobo , Esterilidade*: Estéril, Livre De Dnase E Rnase , Tipo Uso*: Descartável , Adicional: Condutiva";"89";"89";"1.682,00";"149.698,00";"Registro de preços para a eventual contratação de software para localização, rastreamento e análise de transações com criptoativos, baseadas em blockchain, para atender demanda da Secretaria Nacional de Segurança Púbica e demais órgão participantes, especificado(s) no Termo de Referência nº 77/2025(31846449), anexo do Edital do Pregão Eletrônico nº 90019/2025(31788686)."
"00057/2025";"200331 - SECRETARIA NACIONAL DE SEGURANCA PUBLICA - SENASP";"90019/2025";"11/09/2025";"16/09/2025";"16/09/2026";"01.334.250/0003-92";"QIAGEN BIOTECNOLOGIA BRASIL LTDA.";"00003";"Pote Vidro Finalidade: Acondicionamento De Espécies , Formato: Cilíndrico , Diâmetro: 5,9 CM, Altura: 8,3 CM, Capacidade: 150 M";"511";"511";"3.042,00";"1.554.462,00";"Registro de preços para a eventual contratação de software para localização, rastreamento e análise de transações com criptoativos, baseadas em blockchain, para atender demanda da Secretaria Nacional de Segurança Púbica e demais órgão participantes, especificado(s) no Termo de Referência nº 77/2025(31846449), anexo do Edital do Pregão Eletrônico nº 90019/2025(31788686)."
"00057/2025";"200331 - SECRETARIA NACIONAL DE SEGURANCA PUBLICA - SENASP";"90019/2025";"11/09/2025";"16/09/2025";"16/09/2026";"05.742.247/0001-05";"IAFIS SYSTEMS DO BRASIL LTDA";"00001";"Software para localização, rastreamento e análise de transações com criptoativ os, baseadas em blockchain, incluindo transferência de conhecimento do tipo ha ns on "", suporte técnico e atualização tecnológica por 36 (trinta e seis) mese s";"51";"51";"170.000,00";"8.670.000,00";"Registro de preços para a eventual contratação de software para localização, rastreamento e análise de transações com criptoativos, baseadas em blockchain, para atender demanda da Secretaria Nacional de Segurança Púbica e demais órgão participantes, especificado(s) no Termo de Referência nº 77/2025(31846449), anexo do Edital do Pregão Eletrônico nº 90019/2025(31788686)."
"00054/2025";"200331 - SECRETARIA NACIONAL DE SEGURANCA PUBLICA - SENASP";"90040/2024";"08/09/2025";"11/09/2025";"11/09/2026";"36.668.854/0001-98";"G2B COMERCIO E REPRESENTACOES LTDA";"00001";"FILMADORA/MONITOR PORTÁTIL, TIPO ZOOM ÓTICO, SISTEMA GRAVAÇÃO XAVC L, LUMINOSIDADE MÍNIMA 0,7 LX, RESOLUÇÃO 4K PX";"1039";"1039";"5.520,00";"5.735.280,00";"A presente Ata tem por objeto o registro de preços para a eventual aquisição de fardamento operacional, especificado no Termo de Referência (29615646), anexo I do edital de Licitação nº 90040/2024 que é parte integrante desta Ata, assim como as propostas cujos preços tenham sido registrados, independentemente de transcrição."
"00054/2025";"200331 - SECRETARIA NACIONAL DE SEGURANCA PUBLICA - SENASP";"90040/2024";"08/09/2025";"11/09/2025";"11/09/2026";"09.381.250/0001-93";"KLEMPS MAQUINAS TEXTEIS LTDA";"00013";"CAMISETA, TIPO PERSONALIZADA, TIPO MANGA CURTA, TIPO GOLA POLO COM 2 BOTÕES, COR AZUL MARINHO, TAMANHO VARIADOS, CARACTERÍSTICAS ADICIONAIS CONFORME MODELO DO ÓRGÃO, MATERIAL MALHA POLIVISCOSE, APLICAÇÃO UNIFORME";"1000";"1000";"41,50";"41.500,00";"A presente Ata tem por objeto o registro de preços para a eventual aquisição de fardamento operacional, especificado no Termo de Referência (29615646), anexo I do edital de Licitação nº 90040/2024 que é parte integrante desta Ata, assim como as propostas cujos preços tenham sido registrados, independentemente de transcrição."
"00050/2025";"200331 - SECRETARIA NACIONAL DE SEGURANCA PUBLICA - SENASP";"90012/2025";"08/09/2025";"09/09/2025";"09/09/2026";"89.422.042/0001-24";"TRIEL-HT INDUSTRIAL E PARTICIPACOES S/A";"00002";"CAMINHÃO, TIPO PIPA, POTÊNCIA MOTOR 230 CV, MOTOR DIESEL, CAPACIDADE VOLUMÉTRICA 12.000 L";"145";"145";"1.785.614,44";"258.914.093,80";"A presente Ata tem por objeto o registro de preços para a eventual contratação de aquisição de medalhas condecorativas aos profissionais mobilizados na Diretoria da Força Nacional de Segurança Pública e de autoridades, especificado(s) no(s) item(ns) 2 e 3 do 1.1 Termo de Referência (31792358), anexo I do edital de Licitação nº 90012/2025 (31949848) que é parte integrante desta Ata, assim como as propostas cujos preços tenham sido registrados, independentemente de transcrição."
"00050/2025";"200331 - SECRETARIA NACIONAL DE SEGURANCA PUBLICA - SENASP";"90012/2025";"08/09/2025";"09/09/2025";"09/09/2026";"47.482.995/0001-38";"UNIART METAIS E MADEIRA LTDA";"00003";"MEDALHA, MATERIAL METAL, COR BRONZE, DIÂMETRO 40 MM, FINALIDADE HONRA AO MÉRITO E COMPETIÇÃO DESPORTIVA";"800";"800";"90,00";"72.000,00";"A presente Ata tem por objeto o registro de preços para a eventual contratação de aquisição de medalhas condecorativas aos profissionais mobilizados na Diretoria da Força Nacional de Segurança Pública e de autoridades, especificado(s) no(s) item(ns) 2 e 3 do 1.1 Termo de Referência (31792358), anexo I do edital de Licitação nº 90012/2025 (31949848) que é parte integrante desta Ata, assim como as propostas cujos preços tenham sido registrados, independentemente de transcrição."
"00050/2025";"200331 - SECRETARIA NACIONAL DE SEGURANCA PUBLICA - SENASP";"90012/2025";"08/09/2025";"09/09/2025";"09/09/2026";"47.482.995/0001-38";"UNIART METAIS E MADEIRA LTDA";"00002";"MEDALHA, MATERIAL METAL, COR PRATA, DIÂMETRO 40 MM, FINALIDADE HONRA AO MÉRITO E COMPETIÇÃO DESPORTIVA";"400";"400";"84,90";"33.960,00";"A presente Ata tem por objeto o registro de preços para a eventual contratação de aquisição de medalhas condecorativas aos profissionais mobilizados na Diretoria da Força Nacional de Segurança Pública e de autoridades, especificado(s) no(s) item(ns) 2 e 3 do 1.1 Termo de Referência (31792358), anexo I do edital de Licitação nº 90012/2025 (31949848) que é parte integrante desta Ata, assim como as propostas cujos preços tenham sido registrados, independentemente de transcrição."
"00051/2025";"200331 - SECRETARIA NACIONAL DE SEGURANCA PUBLICA - SENASP";"90012/2025";"05/09/2025";"08/09/2025";"08/09/2026";"";"AXON ENTERPRISE, INC.";"00002";"PROJÉTIL NÃO LETAL, TIPO CARTUCHO PARA DIPOSITIVO ELÉTRICO INCAPACITANTE, MATERIAL POLIMERO DE ALTA RESISTÊNCIA, PESO 52,6 G, ALCANCE 8 M";"353119";"353119";"113,94";"40.234.378,86";"A presente Ata tem por objeto o registro de preços para a eventual contratação de aquisição de medalhas condecorativas aos profissionais mobilizados na Diretoria da Força Nacional de Segurança Pública e de autoridades, especificado(s) no(s) item(ns) 1 do 1.1 Termo de Referência (31792358), anexo I do edital de Licitação nº 90012/2025 (31949848) que é parte integrante desta Ata, assim como as propostas cujos preços tenham sido registrados, independentemente de transcrição."
"00051/2025";"200331 - SECRETARIA NACIONAL DE SEGURANCA PUBLICA - SENASP";"90012/2025";"05/09/2025";"08/09/2025";"08/09/2026";"";"AXON ENTERPRISE, INC.";"00004";"BATERIA RECARREGÁVEL, TIPO SELADA, MODELO BZ 2.0, APLICAÇÃO 1 ARMA DE CHOQUE, SISTEMA ELETROQUÍMICO LI-ION, TENSÃO NOMINAL 14,8 V, CAPACIDADE NOMINAL 600 MAH";"44310";"44310";"188,00";"8.330.280,00";"A presente Ata tem por objeto o registro de preços para a eventual contratação de aquisição de medalhas condecorativas aos profissionais mobilizados na Diretoria da Força Nacional de Segurança Pública e de autoridades, especificado(s) no(s) item(ns) 1 do 1.1 Termo de Referência (31792358), anexo I do edital de Licitação nº 90012/2025 (31949848) que é parte integrante desta Ata, assim como as propostas cujos preços tenham sido registrados, independentemente de transcrição."
"00051/2025";"200331 - SECRETARIA NACIONAL DE SEGURANCA PUBLICA - SENASP";"90012/2025";"05/09/2025";"08/09/2025";"08/09/2026";"";"AXON ENTERPRISE, INC.";"00007";"Coldre Nome: Coldre";"41300";"41300";"239,27";"9.881.851,00";"A presente Ata tem por objeto o registro de preços para a eventual contratação de aquisição de medalhas condecorativas aos profissionais mobilizados na Diretoria da Força Nacional de Segurança Pública e de autoridades, especificado(s) no(s) item(ns) 1 do 1.1 Termo de Referência (31792358), anexo I do edital de Licitação nº 90012/2025 (31949848) que é parte integrante desta Ata, assim como as propostas cujos preços tenham sido registrados, independentemente de transcrição."
"00051/2025";"200331 - SECRETARIA NACIONAL DE SEGURANCA PUBLICA - SENASP";"90012/2025";"05/09/2025";"08/09/2025";"08/09/2026";"";"AXON ENTERPRISE, INC.";"00009";"MALETA, MATERIAL PLÁSTICO, CARACTERÍSTICAS ADICIONAIS TIPO PESCADOR/PRETA/2 BANDEJAS/COMPARTIMENTO E BA Ú, DIMENSÕES EXTERNAS 44 X 22 X 24 CM";"40730";"40730";"85,45";"3.480.378,50";"A presente Ata tem por objeto o registro de preços para a eventual contratação de aquisição de medalhas condecorativas aos profissionais mobilizados na Diretoria da Força Nacional de Segurança Pública e de autoridades, especificado(s) no(s) item(ns) 1 do 1.1 Termo de Referência (31792358), anexo I do edital de Licitação nº 90012/2025 (31949848) que é parte integrante desta Ata, assim como as propostas cujos preços tenham sido registrados, independentemente de transcrição."
"00051/2025";"200331 - SECRETARIA NACIONAL DE SEGURANCA PUBLICA - SENASP";"90012/2025";"05/09/2025";"08/09/2025";"08/09/2026";"";"AXON ENTERPRISE, INC.";"00001";"Arma Não Letal Nome: Arma Não Letal";"40980";"40980";"2.438,27";"99.920.304,60";"A presente Ata tem por objeto o registro de preços para a eventual contratação de aquisição de medalhas condecorativas aos profissionais mobilizados na Diretoria da Força Nacional de Segurança Pública e de autoridades, especificado(s) no(s) item(ns) 1 do 1.1 Termo de Referência (31792358), anexo I do edital de Licitação nº 90012/2025 (31949848) que é parte integrante desta Ata, assim como as propostas cujos preços tenham sido registrados, independentemente de transcrição."
"00051/2025";"200331 - SECRETARIA NACIONAL DE SEGURANCA PUBLICA - SENASP";"90012/2025";"05/09/2025";"08/09/2025";"08/09/2026";"";"AXON ENTERPRISE, INC.";"00003";"PROJÉTIL NÃO LETAL, TIPO CARTUCHO DE LANÇAMENTO DE DARDOS (MSK 100), MATERIAL POLIMERO DE ALTA RESISTÊNCIA, PESO 51,6 G, ALCANCE 4,5 M, CARACTERÍSTICAS ADICIONAIS FIOS NÃO CONDUTORES";"71974";"71974";"28,48";"2.049.819,52";"A presente Ata tem por objeto o registro de preços para a eventual contratação de aquisição de medalhas condecorativas aos profissionais mobilizados na Diretoria da Força Nacional de Segurança Pública e de autoridades, especificado(s) no(s) item(ns) 1 do 1.1 Termo de Referência (31792358), anexo I do edital de Licitação nº 90012/2025 (31949848) que é parte integrante desta Ata, assim como as propostas cujos preços tenham sido registrados, independentemente de transcrição."
"00051/2025";"200331 - SECRETARIA NACIONAL DE SEGURANCA PUBLICA - SENASP";"90012/2025";"05/09/2025";"08/09/2025";"08/09/2026";"";"AXON ENTERPRISE, INC.";"00006";"Arma Não Letal Nome: Arma Não Letal";"34538";"34538";"28,48";"983.642,24";"A presente Ata tem por objeto o registro de preços para a eventual contratação de aquisição de medalhas condecorativas aos profissionais mobilizados na Diretoria da Força Nacional de Segurança Pública e de autoridades, especificado(s) no(s) item(ns) 1 do 1.1 Termo de Referência (31792358), anexo I do edital de Licitação nº 90012/2025 (31949848) que é parte integrante desta Ata, assim como as propostas cujos preços tenham sido registrados, independentemente de transcrição."
"00051/2025";"200331 - SECRETARIA NACIONAL DE SEGURANCA PUBLICA - SENASP";"90012/2025";"05/09/2025";"08/09/2025";"08/09/2026";"";"AXON ENTERPRISE, INC.";"00008";"Coldre Nome: Coldre";"41200";"41200";"56,97";"2.347.164,00";"A presente Ata tem por objeto o registro de preços para a eventual contratação de aquisição de medalhas condecorativas aos profissionais mobilizados na Diretoria da Força Nacional de Segurança Pública e de autoridades, especificado(s) no(s) item(ns) 1 do 1.1 Termo de Referência (31792358), anexo I do edital de Licitação nº 90012/2025 (31949848) que é parte integrante desta Ata, assim como as propostas cujos preços tenham sido registrados, independentemente de transcrição."
"00051/2025";"200331 - SECRETARIA NACIONAL DE SEGURANCA PUBLICA - SENASP";"90012/2025";"05/09/2025";"08/09/2025";"08/09/2026";"10.400.122/0001-29";"A. L. NOGUEIRA COMERCIO E SERVICOS";"00001";"MEDALHA, MATERIAL METAL, COR DOURADA, FINALIDADE HOMENAGEM, TAMANHO 4,1 X 4,1 CM, ESPESSURA 2 MM, CARACTERÍSTICAS ADICIONAIS PERSONALIZADA CONFORME MODELO";"30";"30";"94,00";"2.820,00";"A presente Ata tem por objeto o registro de preços para a eventual contratação de aquisição de medalhas condecorativas aos profissionais mobilizados na Diretoria da Força Nacional de Segurança Pública e de autoridades, especificado(s) no(s) item(ns) 1 do 1.1 Termo de Referência (31792358), anexo I do edital de Licitação nº 90012/2025 (31949848) que é parte integrante desta Ata, assim como as propostas cujos preços tenham sido registrados, independentemente de transcrição."
"00052/2025";"200331 - SECRETARIA NACIONAL DE SEGURANCA PUBLICA - SENASP";"90040/2024";"05/09/2025";"08/09/2025";"07/09/2026";"30.092.431/0001-96";"CONDOR S/A INDUSTRIA QUIMICA";"00001";"ESPARGIDOR DEFENSIVO, TIPO JATO DE ESPUMA, MATERIAL EMBALAGEM CILÍNDRICO DE ALUMÍNIO, PRINCÍPIO ATIVO AGENTE PIMENTA, ALCANCE 1,5 A 2,0 M, APLICAÇÃO CONTROLE DE DISTÚRBIOS CIVIS";"80236";"80236";"150,55";"12.079.529,80";"A presente Ata tem por objeto o registro de preços para a eventual aquisição de fardamento operacional, especificado no Termo de Referência (29615646), anexo I do edital de Licitação nº 90040/2024 que é parte integrante desta Ata, assim como as propostas cujos preços tenham sido registrados, independentemente de transcrição."
"00052/2025";"200331 - SECRETARIA NACIONAL DE SEGURANCA PUBLICA - SENASP";"90040/2024";"05/09/2025";"08/09/2025";"07/09/2026";"30.092.431/0001-96";"CONDOR S/A INDUSTRIA QUIMICA";"00003";"ESPARGIDOR DEFENSIVO, TIPO SPRAY, MATERIAL EMBALAGEM CILÍNDRICO DE ALUMÍNIO, PRINCÍPIO ATIVO AGENTE PIMENTA, ALCANCE 5,0 A 6,0 M, APLICAÇÃO CONTROLE DE DISTÚRBIOS CIVIS";"26977";"26977";"725,40";"19.569.115,80";"A presente Ata tem por objeto o registro de preços para a eventual aquisição de fardamento operacional, especificado no Termo de Referência (29615646), anexo I do edital de Licitação nº 90040/2024 que é parte integrante desta Ata, assim como as propostas cujos preços tenham sido registrados, independentemente de transcrição."
"00052/2025";"200331 - SECRETARIA NACIONAL DE SEGURANCA PUBLICA - SENASP";"90040/2024";"05/09/2025";"08/09/2025";"07/09/2026";"30.092.431/0001-96";"CONDOR S/A INDUSTRIA QUIMICA";"00005";"ESPARGIDOR DEFENSIVO, TIPO SPRAY, MATERIAL EMBALAGEM CILÍNDRICO DE ALUMÍNIO, PRINCÍPIO ATIVO AGENTE LACRIMOGÊNEO, APLICAÇÃO TREINAMENTO MILITAR";"24069";"24069";"640,68";"15.420.526,92";"A presente Ata tem por objeto o registro de preços para a eventual aquisição de fardamento operacional, especificado no Termo de Referência (29615646), anexo I do edital de Licitação nº 90040/2024 que é parte integrante desta Ata, assim como as propostas cujos preços tenham sido registrados, independentemente de transcrição."
"00052/2025";"200331 - SECRETARIA NACIONAL DE SEGURANCA PUBLICA - SENASP";"90040/2024";"05/09/2025";"08/09/2025";"07/09/2026";"30.092.431/0001-96";"CONDOR S/A INDUSTRIA QUIMICA";"00007";"PROJÉTIL NÃO LETAL, TIPO CARGA MÚLTIPLA DE GÁS LACRIMOGÊNEO, MATERIAL ALUMÍNIO , PESO 220 G, ALCANCE 90 M, CARACTERÍSTICAS ADICIONAIS CALIBRE 37/40 MM";"38958";"38958";"387,32";"15.089.212,56";"A presente Ata tem por objeto o registro de preços para a eventual aquisição de fardamento operacional, especificado no Termo de Referência (29615646), anexo I do edital de Licitação nº 90040/2024 que é parte integrante desta Ata, assim como as propostas cujos preços tenham sido registrados, independentemente de transcrição."
"00052/2025";"200331 - SECRETARIA NACIONAL DE SEGURANCA PUBLICA - SENASP";"90040/2024";"05/09/2025";"08/09/2025";"07/09/2026";"30.092.431/0001-96";"CONDOR S/A INDUSTRIA QUIMICA";"00009";"PROJÉTIL NÃO LETAL, TIPO PROJÉTIL DE BORRACHA, MATERIAL PLÁSTICO TRANSPARENTE/ METAL, PESO 18 G, ALCANCE 15 M, CARACTERÍSTICAS ADICIONAIS CALIBRE 12";"275470";"275470";"36,80";"10.137.296,00";"A presente Ata tem por objeto o registro de preços para a eventual aquisição de fardamento operacional, especificado no Termo de Referência (29615646), anexo I do edital de Licitação nº 90040/2024 que é parte integrante desta Ata, assim como as propostas cujos preços tenham sido registrados, independentemente de transcrição."
"00052/2025";"200331 - SECRETARIA NACIONAL DE SEGURANCA PUBLICA - SENASP";"90040/2024";"05/09/2025";"08/09/2025";"07/09/2026";"30.092.431/0001-96";"CONDOR S/A INDUSTRIA QUIMICA";"00002";"ESPARGIDOR DEFENSIVO, TIPO JATO DE ESPUMA, MATERIAL EMBALAGEM CILÍNDRICO DE ALUMÍNIO, PRINCÍPIO ATIVO AGENTE PIMENTA, ALCANCE 1,5 A 2,0 M, APLICAÇÃO CONTROLE DE DISTÚRBIOS CIVIS";"51339";"51339";"345,84";"17.755.079,76";"A presente Ata tem por objeto o registro de preços para a eventual aquisição de fardamento operacional, especificado no Termo de Referência (29615646), anexo I do edital de Licitação nº 90040/2024 que é parte integrante desta Ata, assim como as propostas cujos preços tenham sido registrados, independentemente de transcrição."
"00052/2025";"200331 - SECRETARIA NACIONAL DE SEGURANCA PUBLICA - SENASP";"90040/2024";"05/09/2025";"08/09/2025";"07/09/2026";"30.092.431/0001-96";"CONDOR S/A INDUSTRIA QUIMICA";"00004";"ESPARGIDOR DEFENSIVO, TIPO SPRAY, MATERIAL EMBALAGEM CILÍNDRICO DE ALUMÍNIO, PRINCÍPIO ATIVO AGENTE LACRIMOGÊNEO, APLICAÇÃO TREINAMENTO MILITAR";"36530";"36530";"137,26";"5.014.107,80";"A presente Ata tem por objeto o registro de preços para a eventual aquisição de fardamento operacional, especificado no Termo de Referência (29615646), anexo I do edital de Licitação nº 90040/2024 que é parte integrante desta Ata, assim como as propostas cujos preços tenham sido registrados, independentemente de transcrição."
"00052/2025";"200331 - SECRETARIA NACIONAL DE SEGURANCA PUBLICA - SENASP";"90040/2024";"05/09/2025";"08/09/2025";"07/09/2026";"30.092.431/0001-96";"CONDOR S/A INDUSTRIA QUIMICA";"00006";"ESPARGIDOR DEFENSIVO, TIPO SPRAY, MATERIAL EMBALAGEM CILÍNDRICO DE ALUMÍNIO, PRINCÍPIO ATIVO AGENTE PIMENTA, ALCANCE 1,5 A 2,0 M, APLICAÇÃO CONTROLE DE DISTÚRBIOS CIVIS";"45030";"45030";"76,74";"3.455.602,20";"A presente Ata tem por objeto o registro de preços para a eventual aquisição de fardamento operacional, especificado no Termo de Referência (29615646), anexo I do edital de Licitação nº 90040/2024 que é parte integrante desta Ata, assim como as propostas cujos preços tenham sido registrados, independentemente de transcrição."
"00052/2025";"200331 - SECRETARIA NACIONAL DE SEGURANCA PUBLICA - SENASP";"90040/2024";"05/09/2025";"08/09/2025";"07/09/2026";"30.092.431/0001-96";"CONDOR S/A INDUSTRIA QUIMICA";"00008";"PROJÉTIL NÃO LETAL, TIPO PROJÉTIL DE BORRACHA, MATERIAL PLÁSTICO TRANSPARENTE/ METAL, PESO 20 G, ALCANCE 30 M, CARACTERÍSTICAS ADICIONAIS CALIBRE 12";"506430";"506430";"36,80";"18.636.624,00";"A presente Ata tem por objeto o registro de preços para a eventual aquisição de fardamento operacional, especificado no Termo de Referência (29615646), anexo I do edital de Licitação nº 90040/2024 que é parte integrante desta Ata, assim como as propostas cujos preços tenham sido registrados, independentemente de transcrição."
"00052/2025";"200331 - SECRETARIA NACIONAL DE SEGURANCA PUBLICA - SENASP";"90040/2024";"05/09/2025";"08/09/2025";"07/09/2026";"17.183.666/0001-25";"CITEROL - COMERCIO E INDUSTRIA DE TECIDOS E ROUPAS S/A";"00002";"AGASALHO DESPORTIVO, MATERIAL 100% POLIÉSTER, TAMANHO SOB MEDIDA, COR AZUL, VERMELHO E BRANCO, CARACTERÍSTICAS ADICIONAIS MANGA COMPRIDA, FECHO EM ZÍPER, DISTINTIVO PERSON A";"2000";"2000";"150,00";"300.000,00";"A presente Ata tem por objeto o registro de preços para a eventual aquisição de fardamento operacional, especificado no Termo de Referência (29615646), anexo I do edital de Licitação nº 90040/2024 que é parte integrante desta Ata, assim como as propostas cujos preços tenham sido registrados, independentemente de transcrição."
"00052/2025";"200331 - SECRETARIA NACIONAL DE SEGURANCA PUBLICA - SENASP";"90040/2024";"05/09/2025";"08/09/2025";"07/09/2026";"17.183.666/0001-25";"CITEROL - COMERCIO E INDUSTRIA DE TECIDOS E ROUPAS S/A";"00001";"AGASALHO DESPORTIVO, MATERIAL 100% POLIÉSTER, TAMANHO SOB MEDIDA, COR AZUL, VERMELHO E BRANCO, CARACTERÍSTICAS ADICIONAIS MANGA COMPRIDA, FECHO EM ZÍPER, DISTINTIVO PERSON A";"2000";"2000";"135,00";"270.000,00";"A presente Ata tem por objeto o registro de preços para a eventual aquisição de fardamento operacional, especificado no Termo de Referência (29615646), anexo I do edital de Licitação nº 90040/2024 que é parte integrante desta Ata, assim como as propostas cujos preços tenham sido registrados, independentemente de transcrição."
"00025/2024";"200331 - SECRETARIA NACIONAL DE SEGURANCA PUBLICA - SENASP";"90015/2024";"04/09/2024";"05/09/2024";"04/09/2026";"47.010.717/0001-88";"BECATH SOLUCOES INTEGRADAS LTDA";"00002";"Aparelho celular do tipo smartphone 5G";"1000";"1000";"1.942,22";"1.942.220,00";"Registro de preços para a eventual aquisição de aparelhos celulares do tipo smartphone 5G, especificado(s) no(s) item(ns) 02 do Termo de Referência, anexo I do edital de Licitação nº 15/2024"
"00025/2024";"200331 - SECRETARIA NACIONAL DE SEGURANCA PUBLICA - SENASP";"90015/2024";"04/09/2024";"05/09/2024";"04/09/2026";"15.136.916/0001-40";"SUPORTE INDUSTRIA E COMERCIO DE ARTIGOS MILITARES LTDA";"00011";"BONÉ, MATERIAL CORPO TECIDO RIPSTOP, MATERIAL ABA TECIDO RIPSTOP, MATERIAL REGULADOR ABERTURA VELCRO, MODELO TRADICIONAL, COR PRETA, TIPO IMPRESSÃO BORDADO EM ALTO RELEVO, CARACTERÍSTICAS ADICIONAIS CONFORME MODELO DO ÓRGÃO, TAMANHO SOB MEDIDA";"500";"500";"19,99";"9.995,00";"Registro de preços para a eventual aquisição de aparelhos celulares do tipo smartphone 5G, especificado(s) no(s) item(ns) 02 do Termo de Referência, anexo I do edital de Licitação nº 15/2024"
"00025/2024";"200331 - SECRETARIA NACIONAL DE SEGURANCA PUBLICA - SENASP";"90015/2024";"04/09/2024";"05/09/2024";"04/09/2026";"00.295.234/0001-03";"BANDEIRAS ON LINE ARTEFATOS TEXTEIS LTDA";"00006";"ROSETA DE BANDEIRA, MATERIAL CETIM, LARGURA 0,90 CM, TIPO BORDADA, COR VERDE E AMARELA";"2029";"2029";"65,00";"131.885,00";"Registro de preços para a eventual aquisição de aparelhos celulares do tipo smartphone 5G, especificado(s) no(s) item(ns) 02 do Termo de Referência, anexo I do edital de Licitação nº 15/2024"
"00053/2025";"200331 - SECRETARIA NACIONAL DE SEGURANCA PUBLICA - SENASP";"90040/2024";"03/09/2025";"05/09/2025";"04/09/2026";"71.919.328/0001-54";"R J C DEFESA E AEROESPACIAL LTDA";"00011";"ESPARGIDOR DEFENSIVO, TIPO SPRAY, MATERIAL EMBALAGEM CILÍNDRICO DE ALUMÍNIO, PRINCÍPIO ATIVO AGENTE PIMENTA, ALCANCE 1,5 A 2,0 M, APLICAÇÃO CONTROLE DE DISTÚRBIOS CIVIS";"249680";"249680";"103,03";"25.724.530,40";"A presente Ata tem por objeto o registro de preços para a eventual aquisição de fardamento operacional, especificado no Termo de Referência (29615646), anexo I do edital de Licitação nº 90040/2024 que é parte integrante desta Ata, assim como as propostas cujos preços tenham sido registrados, independentemente de transcrição."
"00053/2025";"200331 - SECRETARIA NACIONAL DE SEGURANCA PUBLICA - SENASP";"90040/2024";"03/09/2025";"05/09/2025";"04/09/2026";"71.919.328/0001-54";"R J C DEFESA E AEROESPACIAL LTDA";"00010";"GRANADA, MATERIAL CORPO BORRACHA, TIPO EFEITO MORAL, FORMATO CILÍNDRICA, ACIONAMENTO MANUAL, FUNCIONAMENTO EXPLOSÃO, RETARDO 2,5 S, CARACTERÍSTICAS ADICIONAIS DUPLO ESTÁGIO";"51590";"51590";"84,10";"4.338.719,00";"A presente Ata tem por objeto o registro de preços para a eventual aquisição de fardamento operacional, especificado no Termo de Referência (29615646), anexo I do edital de Licitação nº 90040/2024 que é parte integrante desta Ata, assim como as propostas cujos preços tenham sido registrados, independentemente de transcrição."
"00053/2025";"200331 - SECRETARIA NACIONAL DE SEGURANCA PUBLICA - SENASP";"90040/2024";"03/09/2025";"05/09/2025";"04/09/2026";"15.136.916/0001-40";"SUPORTE INDUSTRIA E COMERCIO DE ARTIGOS MILITARES LTDA";"00010";"BONÉ, MATERIAL CORPO TECIDO RIPSTOP, MATERIAL ABA TECIDO RIPSTOP, MATERIAL REGULADOR ABERTURA VELCRO, MODELO TRADICIONAL, COR PRETA, TIPO IMPRESSÃO BORDADO EM ALTO RELEVO, CARACTERÍSTICAS ADICIONAIS CONFORME MODELO DO ÓRGÃO, TAMANHO SOB MEDIDA";"600";"600";"23,98";"14.388,00";"A presente Ata tem por objeto o registro de preços para a eventual aquisição de fardamento operacional, especificado no Termo de Referência (29615646), anexo I do edital de Licitação nº 90040/2024 que é parte integrante desta Ata, assim como as propostas cujos preços tenham sido registrados, independentemente de transcrição."